file_id,filename,mfcc_1_mean,mfcc_1_std,mfcc_2_mean,mfcc_2_std,mfcc_3_mean,mfcc_3_std,mfcc_4_mean,mfcc_4_std,mfcc_5_mean,mfcc_5_std,mfcc_6_mean,mfcc_6_std,mfcc_7_mean,mfcc_7_std,mfcc_8_mean,mfcc_8_std,mfcc_9_mean,mfcc_9_std,mfcc_10_mean,mfcc_10_std,mfcc_11_mean,mfcc_11_std,mfcc_12_mean,mfcc_12_std,mfcc_13_mean,mfcc_13_std,zcr_mean,zcr_std,energy_mean,energy_std,centroid_mean,centroid_std
GapPidut5nk,GapPidut5nk.wav,285.803122482228,74.10206329603162,-26.870699978326176,27.00648696995891,-1.0397687676824143,20.77681760454529,-3.530084060178813,15.846251581953968,-7.819390261051549,12.088770503516791,-10.098319433471438,10.804770224068404,-13.59819386777447,10.473063686323853,-4.750787958811341,8.483188906581105,-4.07556390696753,8.506694148316637,-6.832865294164831,8.65894449780107,-6.9180713956702995,6.427031234609666,-10.458621505504043,6.424798133732072,-8.27664592827945,6.329807298570836,0.39084204513993437,0.1785545756697694,427.10129867520845,491.12454232409993,3681.6756615377826,999.030591420897
m8VTL7jXleg,m8VTL7jXleg.wav,275.1437902199853,74.01118109499484,-18.038894204853587,32.29639338813374,-27.401631558500075,21.25995340943518,-1.33550043804516,15.57092275164179,-20.307555452455063,14.872220861815649,-13.122531358386425,11.413667832147377,-10.592443613278371,9.63496164057556,-11.006279969578454,8.438381045361607,-5.73723074122584,7.338829966051794,-11.967340873517557,7.297972499335708,-6.420098288920695,7.402267161230411,-9.437406250493753,6.996025508721497,-4.407367528944265,5.748285095952171,0.32296687189418344,0.17144731364414412,445.93072182922884,448.0632735594265,3025.771310727125,1107.1734621431044
6DV_6-4gWd8,6DV_6-4gWd8.wav,220.1268337149764,134.89595531333413,-1.108080974691764,52.43998262184623,-32.226918117949886,36.44708666046778,3.652362531995824,26.491054842221644,-16.239712652215466,20.45762021858195,-24.131144298781763,20.27447081133522,-12.504890460620464,14.426279890369011,-8.528127761488069,13.493058529027254,-3.8971406643916744,10.302475090213878,-7.573666892331757,8.670562680709894,-5.531940538446117,8.448392562668786,-4.499886191874554,7.873515269141173,-2.5299953834058324,6.90608806962258,0.2602021403190994,0.18200044643808014,447.4531475315715,566.1219390610732,2477.6276166844946,1372.460203583977
DHO1o5F-pLw,DHO1o5F-pLw.wav,279.0534461498762,69.9579162585468,-4.958180038879076,29.204257431873266,-24.095844330689086,19.560531651302473,-13.42338155983184,16.02372499499442,-9.919768245945498,9.694899534409371,-17.20197520035608,12.307517395829011,-9.99994732157749,8.339572543162518,-10.04584884556655,7.880124518413632,-7.791475801526041,9.17859722666101,-5.540838976726379,6.888918971231349,-8.915331376553892,6.644185557158179,-4.388346567602496,5.5222863557057185,-7.890755004704816,6.21486333104194,0.26939364768157675,0.160794393395205,420.1610531093859,471.5192253041166,2735.683545723076,1034.4488016727896
tImrz6QFEnc,tImrz6QFEnc.wav,237.808317072635,85.12512385853204,-6.980732547699766,50.04227533133494,-2.237887936576379,26.364421945758085,23.086455422983164,21.496189475379676,-10.937593549487051,14.93957159055779,-17.761558925807407,15.503238208123014,-13.637671343643182,11.844694082899919,-11.94185815492215,10.023688492838852,-8.798867042550508,8.628920037796663,-4.719476909676244,8.742382352829479,-5.882915874938134,6.723578429558329,-3.679851131766493,7.5874070202974835,-6.878817816583761,6.963610284970347,0.28161004701534853,0.18715217439653578,357.68583381855024,395.9295131109897,2665.974447268767,1294.3427265093542
ZxCY6RF_ZB0,ZxCY6RF_ZB0.wav,296.3751120821587,58.977816641306006,-16.340910122964598,26.739394631589995,-25.178609745024545,23.199468417358144,-5.646944447768951,14.923433899047259,-18.673157282474882,14.44289811682939,-14.826393113934694,12.518278354767059,-13.79671893240273,11.211580274455438,-9.457360282315884,9.737182009686762,-0.9766408284350065,9.655159098646559,-5.898843868072552,7.609843660435609,-4.230473832631353,7.638306846913665,-7.1774596011736245,7.4545626864742385,-4.332301351621443,6.477764060274642,0.3028088763888299,0.17060509323543283,540.6847240453366,526.2430190732659,2948.4269499602333,1054.5000251790016
NlLmAbt7Q9k,NlLmAbt7Q9k.wav,299.81788148428836,68.40719516266002,-15.966339142127827,34.06585589011719,-14.163609947799015,17.38327793508795,-7.630484630510335,13.005476927966756,-11.344822461591464,10.916956514329595,-8.040466747331841,8.63776702264503,-12.32008152100506,8.914835958941302,-3.701710567175097,7.487053217469856,-6.833944373037786,6.853870385114233,-5.847565940352192,7.514915771360213,-5.105520187617518,5.326135648895028,-4.688819643344184,5.599769305565992,-6.9335783451252535,6.37158140133186,0.3224068600663208,0.1546628852629377,465.7794517299154,477.4805699995103,3100.9279182083837,984.0258107439316
Gt6ZYdhRW5k,Gt6ZYdhRW5k.wav,264.4182666411506,80.0187034598174,-22.224512100178067,37.088737951120166,-25.835713891432505,22.49069670969001,-13.215667438831604,18.067799414579696,-14.107058240112059,11.93417280548442,-13.64178018198265,13.110331024239631,-5.881521569647106,10.27355289196318,-8.31469605586552,9.826545888926129,-8.382212798055534,8.758864745977185,-6.711218410079598,7.113244141598618,-4.212272481790278,7.317593737034115,-7.695866626902474,7.38244046409522,-5.934690633592308,6.431324538769584,0.31473494909991795,0.19289172201407576,446.5900615538464,494.5935249797495,3067.921968820718,1218.0179134477878
u8ADrC5FOCA,u8ADrC5FOCA.wav,250.96101599778015,77.87781411438993,4.041404475403831,43.26373571979333,-3.2760005340732508,20.739144995323542,2.1312917348058718,14.764968451163222,-6.740460403897965,11.23194363921112,-9.076060050536423,11.838323071555141,-14.53165544508023,10.141638401238724,-6.7545051587927825,7.776467334301955,-11.996070320570063,8.137116918466408,-6.365835937769406,7.215789766557557,-5.693225103606392,5.963230316791825,-4.642917836663828,6.447648271669672,-6.6861644921141155,5.593694852844856,0.2399560368254272,0.18357711912439734,308.25616099474826,364.3649278033967,2543.2911987437715,1275.7067538400854
_8BKbEbwCLE,_8BKbEbwCLE.wav,256.8674090238743,131.0507308580274,-14.971626615196092,48.10904695035391,-9.965703326809246,25.81759535550332,-2.7667978688052197,15.982188036593277,-6.071600343374777,13.637066122323676,-11.31156732616245,11.63806073227349,-11.190637396162964,9.742941034366465,-10.232685165769349,9.288550161628455,-11.313416483988792,7.463146684304962,-8.449849723408231,7.549545524259347,-7.839576479751029,6.806255438456345,-2.8254242190624663,5.759236815124157,-8.307187528733676,6.296852127345734,0.3320564337010963,0.21538422224902154,510.03808749643855,650.3208072983168,3115.624510551467,1483.6901039822017
9yHOzEXbjgg,9yHOzEXbjgg.wav,269.1601004705693,89.15632630775605,-23.042731855674567,37.381586501679145,-26.53817428015617,24.239285146483226,-11.164108517308765,16.20666627639971,-20.61999861984232,14.387432672446,-8.273135632053394,13.485654193884214,-10.46212337437468,10.046171589249365,-7.260811086833521,8.559272737475466,-12.06166506961866,8.72936204287312,-6.2522897198145575,7.196462423787867,-4.4396394973918865,6.909511999589934,-8.108937241157511,8.440724213727302,-2.700154353833069,6.800131778728599,0.3112786685673916,0.16734343299771604,584.3172681517707,654.616105633036,3037.990586971803,1113.1254128414691
7i-cY6wgD9g,7i-cY6wgD9g.wav,315.9171005408317,49.154436952635365,-22.182867816357255,33.51874682816847,-26.434354748670657,19.490593163753722,-10.334075571959222,14.809583208288306,-11.701281744127032,10.531815865239007,-17.458439204541573,13.184032992392268,-11.40099344993506,9.005889360824446,-11.664840001337241,8.205517242935578,-4.29423742600934,7.469646122506791,-9.213481723697269,7.420783252946127,-0.3259586752767772,5.587473417244969,-6.347959458965536,6.555638575600404,-5.624861584092254,5.696764243651793,0.3354977016079487,0.1741167918624845,583.6395862449925,448.2284437560807,3171.646876709592,1113.3965723594242
dfbEVbHCCrE,dfbEVbHCCrE.wav,301.61892398069784,68.5422133830052,-23.842751240685438,36.20416684481899,-15.159014472845222,21.045796662344518,-6.494110470196633,15.2551962917443,-10.143801056124415,10.732545478686525,-15.68397148922023,9.77106636520619,-11.472765554508975,9.726939717707456,-8.681630500230884,7.931521504373749,-3.892206225531656,7.369955967174731,-3.964467330311732,6.701782089954942,-6.791498054635342,5.991464710553565,-4.096270671545157,5.533963398158658,-7.197723505709859,6.079889970065429,0.3682403346328785,0.18136584185914667,571.5311742727426,661.4862289351535,3366.5459937605506,1160.482434913807
RxSXiXePMFM,RxSXiXePMFM.wav,253.9648947040722,124.23618431778931,-6.78658053039293,47.70268990343841,-6.083798392242091,23.511361728348316,7.049836391574291,20.792876005697515,-16.596958219923156,15.865120939779107,-12.877107427961894,12.841701941156341,-8.182841041305123,12.644390199880071,-10.397982399774088,11.968213694638424,-0.8103354316392726,8.73045985333504,-7.356928951256156,10.502552041787332,-4.5448582084784865,6.9212726774759386,-6.7030265326150795,6.594139643161097,-6.336820224618495,6.606710479810052,0.2946889605523463,0.1849959196508727,461.2398616575084,547.7200538660617,2886.805345345737,1333.6591023166554
96h3omRdn-8,96h3omRdn-8.wav,269.7869772792441,75.61274370188468,-15.232739173779246,31.494306332319635,-20.30136531559196,22.903522822908634,-3.4301726329049798,15.097810309132457,-13.015409715123562,13.850894414016738,-12.391650724501782,11.680657527032414,-13.869165520316935,9.458385408203576,-10.826813111529257,8.78226223812719,-7.612590173956334,7.988048825411802,-8.893244402876231,7.308610903429998,-5.151882215687632,7.009958413317069,-5.350197913142461,6.584532418380904,-2.0113786728408347,5.598438094158723,0.3254045232027967,0.1987778162106003,396.6312210294809,443.8408371662034,3106.801542326275,1229.7708440609122
J1WIKUd13D0,J1WIKUd13D0.wav,258.2531893776852,94.40218877651203,-18.669441798106764,34.7555754300559,-19.52770825466756,19.148438021415224,-3.452806982435321,15.72349430230815,-16.015310489736855,13.248441670071594,-9.269771682859158,9.888768385536261,-11.598466237471039,9.342161957627154,-12.874175833693327,8.065699157293063,-7.2528696496235465,8.305823524853244,-10.117310486578257,7.061227404485414,-9.05313985581256,6.715495594185525,-9.501610184404328,6.222241853566572,-8.522077339107758,5.499520970109249,0.32424257383992283,0.1782829727704562,401.7283576764303,503.25348284065154,3083.42510474669,1110.6764243202565
hlmyoHCGZy0,hlmyoHCGZy0.wav,308.0883634415721,58.61232468422675,-41.90897556839595,30.862173647493805,-14.573917492135447,19.090543607514658,-1.135020995957326,13.255121259808917,-15.521886014120469,12.82739022390898,-18.133862191871156,9.27024243947358,-17.361618870100635,7.5799546028472085,-13.732295084881956,6.978416249890089,-6.256968483199105,6.222309426506763,-0.523916168171785,6.023854932178435,-9.88112567636226,5.738806669268937,-12.431725077199316,5.14687033417972,-4.976143937171731,5.030339347696312,0.4290330869895462,0.17777462783252637,753.3735665642193,958.8358676211112,3752.2933029582623,1090.3143052404557
WwvCqrssPnk,WwvCqrssPnk.wav,290.4206503213182,59.60375524687634,-26.10326747179772,28.98357469389764,-24.15211793860751,17.985745899153244,-1.3775994910709797,15.576321752669509,-18.54276389818793,13.061538242493528,-11.244108159817888,9.652493789404023,-13.659570009497124,8.447789557044363,-11.257791345784979,8.453745663798,-7.634187077241182,7.484546056618892,-4.110611668317493,6.5947522151863724,-3.6269954059945717,6.543557427616976,-4.123250210511671,6.364536631809496,-1.4809441998131403,5.421309769278038,0.36065824002209823,0.1629622901854698,494.6438252554776,581.9730581128916,3270.6216739529823,1039.2648288885707
n4V7HIxOPVE,n4V7HIxOPVE.wav,271.436727833721,80.060016524656,-21.404426204217074,42.389622078160926,-17.17734974179307,24.834391960831294,3.9040768808315227,19.30639686374596,-8.444552755181505,14.83782158431784,-11.138776417449845,12.262946374066015,-9.80720768266886,11.856958168733465,-8.836846247044326,10.392390677470138,-2.6175995934893628,8.727613176597211,-10.72741136997625,9.571287670017087,-4.620167815367615,6.255393154134147,-1.4305627513884072,6.904612596883737,-9.875612008327932,7.434546659196392,0.35623369380365544,0.18136494683221638,558.6608786715215,704.9174783973083,3248.5390323664756,1261.4133646324117
RUdpj0CCD3Y,RUdpj0CCD3Y.wav,273.33175471668494,74.84490785887967,-20.398203600520002,29.169795428728094,-24.973856910693947,21.51334286446779,-9.665951388549573,15.22583122875095,-18.58686549217921,12.763309207181509,-15.775249434671188,12.080649843928578,-7.534421220516401,9.096384322170614,-9.541233146566217,9.360646652937758,-2.706558990989238,7.9018164793554835,-7.215768381702216,6.535568962051012,-4.143782679524934,6.688357163266889,-3.9755775407327922,6.576981980187671,-2.508798177366075,6.965235520985462,0.3079563450124642,0.17119925408675074,464.2438640534545,513.6260489944523,3033.9485980615473,1056.1928893102477
YnailukMUGw,YnailukMUGw.wav,290.94616838592896,63.5635338551274,-13.027513621101264,30.86344549953629,-15.845281132783331,19.156487718156225,-9.863512270031014,15.15498931184065,-16.894165236479665,10.757726118003813,-18.32975837099536,10.05899692499338,-13.660051307193177,8.710042416588259,-9.74684101571519,8.237646644735241,-3.9510753539783066,6.833972662809107,-7.755176836721989,6.713468100963976,-5.8152775751486585,6.019706142996935,-8.169095914484306,6.614147556422477,-2.8860637685826,5.1007202835472985,0.3256717902227535,0.20751625367899326,421.9732233208697,366.2898527204668,3147.5251676059306,1266.6579885393164
qIqm3whgnZU,qIqm3whgnZU.wav,305.8337160510739,52.25340297749445,-19.528264992455437,27.73434492828946,-25.16897573394096,16.207110521828174,-7.465135115141892,14.189700020101544,-21.79088842035107,10.482296131296161,-18.516288061344156,10.295903522904455,-16.01416692818247,8.899308671197453,-15.093797474419144,6.927626712248397,-10.098128901508096,6.726612117293896,-2.736029594406764,6.792027753293551,-4.0064147037937206,6.066889855798638,-3.244806486756395,5.900026603498731,-6.749806665742624,5.9042517981528775,0.3033994053269446,0.14446710916413533,448.1783628965982,439.6730660781496,2967.464733734809,906.4502586752961
XYafUpDCu5Y,XYafUpDCu5Y.wav,275.5986283641789,75.73126462661585,-19.05031183058157,49.10532529841159,-9.25049827696211,30.74973773459477,5.085917686742221,21.785710938431908,-13.516664408554975,15.67045261313054,-13.515714441356359,14.841997484919121,-5.30875568118773,13.082396347234512,-12.06551997069622,13.33424988346086,-3.134917820444808,11.25749675168897,-8.63321794565775,8.92936310253794,-5.240824921158868,7.332401225823933,-3.648892809250941,7.712513197659493,-7.5399246391436945,7.139291308202657,0.3205907562763969,0.19654974910883632,644.2033064774708,865.002174120608,3141.7838069766353,1335.1386037908458
adza_PZiBNA,adza_PZiBNA.wav,303.49169221816516,67.57141272390675,-30.225054653378947,33.37856846179803,-26.479866755966142,22.63636261034765,-9.645808402208791,14.904767855877886,-13.20700661885374,11.647020237749015,-12.106390510460063,12.814750924933437,-8.492135096554561,10.722178235251768,-10.540771860194088,11.29222217106487,-4.891972957500851,11.20917082147984,-3.5285782958533347,10.002288997270538,-6.717531594635732,8.952042319199391,-1.7324994471060606,8.404198513263879,-7.507454158632453,8.313297436386344,0.30783011078336114,0.17520814597359705,734.3980934610236,801.7535798125356,3128.1319553050603,1111.4375821862816
1hDv9XJQxF8,1hDv9XJQxF8.wav,208.2514766592001,268.18020058935826,-22.666738902632655,51.13668596712887,-15.781383527796365,26.0858261459411,-0.5469726952323335,19.560107277274913,-13.571110112560651,16.509999106722308,-9.671246617782451,13.429081662342485,-4.818543179121473,10.951214668139901,-12.384808990058021,11.47648783540783,-4.395120194541362,9.289495032730429,-5.59212531518912,9.51933937307849,-6.150026687632275,7.501786378499873,-3.458354880174946,7.135438061557217,-9.216838292711776,8.437739839051153,0.29773018865976575,0.18612605852605824,520.1758390680354,535.3903165211646,3054.418659928561,1415.2999495177864
ai51iK5X1B8,ai51iK5X1B8.wav,274.0128292568816,63.327823842373036,-6.5351113903917755,36.158293836532735,-22.60099335626926,25.360365761507754,5.797170786499419,19.70584919164767,-20.29012528706386,17.972641843979382,-3.78133100254951,12.3076610598782,-16.627094036094178,11.144685832990675,-2.47235053957843,9.570167281622073,-12.251161973637556,10.123193623722946,-8.055162928328102,8.218161555789642,-5.053125773858534,7.415082408690449,-4.711154176176851,7.30891765742947,-7.201531468629969,6.594802712835363,0.2964733428994115,0.16274390812837877,447.0329341193189,526.3127225887046,2771.992486088568,1079.5831687773125
FiQ2XtAYQsw,FiQ2XtAYQsw.wav,273.94791394199393,71.7996575070833,-12.539899969762898,28.80389318104068,-16.774214477727682,18.40082841147352,-4.083519465363448,14.777701191880704,-10.62810329855211,11.801408876253406,-20.01159152397646,12.444770318734271,-13.627670031900811,9.396900612088478,-6.72599797044064,8.40903161067059,-8.508323495994334,8.040410755692692,-4.065702564359725,7.3840974117889076,-5.884356775974054,6.127932394746351,-5.851718979182842,5.848824383016256,-4.945483493926843,5.6014272671504015,0.29318145955148567,0.146495796051101,380.4379931799722,430.64288491849373,2943.6019714253357,931.6260871385147
-HcMw_DFsYY,-HcMw_DFsYY.wav,241.32681658479794,82.87625928209759,-2.462874436363599,43.389783511839,0.2451486634227484,21.527119280402395,1.2363244243179297,15.15682471513916,-6.293866298968658,10.517171861114187,-7.201460903830792,11.329445388188631,-13.033590584266845,10.102478785234165,-6.107258354715442,7.2137164810946395,-11.218152502559477,8.24094224317986,-6.531874075724648,7.528400348240941,-6.500192463833134,6.079292230628139,-4.747233250516508,6.321944550976176,-6.7892207191245735,5.838080719883815,0.26927774683622635,0.19849363127422107,320.8034732356713,436.9895365582106,2774.228371785351,1336.8105420605264
fzp19T_Xsxw,fzp19T_Xsxw.wav,303.52632589552604,62.03308905810356,-7.093052673437798,34.34259652076266,-25.99864863861928,17.275371679900754,0.01893293355219606,18.144974515021293,-15.773858346154356,10.94401843681329,-11.574578364937832,12.561574722852363,-10.13662955109304,9.099053554499932,-9.019165869211117,8.85532694730796,-4.7701050872467565,8.400740475708332,-2.96889638883766,7.076651017066594,-4.302804698541202,5.73192161116519,-4.925672895842023,5.585833004497081,-7.253921357559761,5.5385701389852615,0.2830408485067191,0.12251467076933868,566.6830335985821,591.6169377055709,2672.436443301386,889.5020028431596
qiB_KyakzN0,qiB_KyakzN0.wav,275.06661687071954,107.74233059318404,-30.419948848559795,34.68128682393078,-31.1652364981502,24.55336705101301,-18.717209532672033,13.894250360333261,-12.520215092638917,12.050233313358998,-10.595279586577677,11.699120347032743,-9.548268678475576,9.043055031846112,-9.733339414336124,8.232832983946567,-4.057930797943261,7.200769164362956,-7.1901451966529075,6.765239165175902,-6.668905084288182,6.613391625881866,-5.759699227312705,6.482137057082552,-2.1469893689372785,5.995408813349545,0.3678282018549046,0.20910784095359558,600.0718974431635,645.1745461884067,3308.8011896618764,1332.7397382550216
Gefj1bAAeG8,Gefj1bAAeG8.wav,257.2520517842566,107.22690057755098,5.784129338548067,53.20895374232856,-18.722958731822494,27.879898043787538,11.664879655148182,20.06939611604141,-9.123337850438464,16.555888582409157,-3.7311075853706246,13.219024413517163,-4.186987579277522,10.399029288399959,-6.962789955964526,11.612304244841111,-4.173302950387781,9.143000997713736,-2.350952252690054,9.492135825905274,-5.8619598351632005,7.553207878421628,-3.7698473242036057,6.869969952110945,-5.4971851930370335,6.347189955839509,0.2650000276116477,0.16980516268707113,531.5000208858085,600.8894105713118,2584.0584682425574,1267.8086966932697
Hjj7Nv_0--4,Hjj7Nv_0--4.wav,272.84755596020767,138.31086522487374,-20.13527999354111,24.42947443095805,-19.546311706446556,23.772096852781846,-0.7218789581190924,15.159456707314712,-14.280087051275325,17.91916550286192,-7.658949780074422,10.196630787181636,-7.468836273501563,9.899352381875959,-5.175253438689176,8.989368125622951,-3.7208462455949123,8.767605611615732,-7.4377046907919855,7.682263987499172,-1.9826486116851816,6.628820045634192,-6.852708384327396,7.009845641421925,-1.096157088902976,6.096502486409779,0.36001004669582054,0.15922251457068687,556.3922435566592,769.8058275622142,3258.5881863116074,1002.0491509095858
5X92aU5RSUc,5X92aU5RSUc.wav,285.5410957389096,64.2405381234208,-6.529344293161981,34.672373852009734,-22.70361394360155,22.518998961395095,13.704170105766027,18.016149351081108,-2.553532859224593,15.722815667238104,-16.971856975219556,13.61231049852909,-5.6078802211039545,8.980480594452512,-10.800646025753325,9.770262949795391,-4.494794656476397,8.604175855776896,-4.394409807206351,7.836894007240875,-4.409338272739515,6.4782454429695795,-0.21564297592591478,6.907345406213462,-5.170587273694204,6.868208579068539,0.27907515609639894,0.12653236855085273,577.8251598213454,819.6430905744285,2706.7919488352827,873.1333651341299
kgTm7vGdrrg,kgTm7vGdrrg.wav,269.5076562361524,62.4055884508319,-6.982007864112485,41.727622837986196,-6.509570249940346,22.067903640411988,1.8776422528715564,17.370481494569926,-10.678923810278931,14.457394295107715,-12.47157722727822,12.037988639499062,-6.490607054036107,12.430953944897734,-11.376063791570488,8.53369980203548,-9.408356009376822,8.310629909032642,-7.74349948600552,7.193176799947406,-9.808714537800316,6.902347016875712,-3.0678873003118903,6.851922843029921,-6.2883759898874105,6.857291897836217,0.278880564294898,0.17444437795193832,381.3603512399311,592.1882994305427,2842.169546357219,1187.5556334112093
s0rAs_mGwQs,s0rAs_mGwQs.wav,258.7712250406445,72.09408198597006,-13.1676262758531,35.91570158160204,-14.892654823750751,20.758572220517497,0.9406659288485342,17.114148494360833,-18.720440620029756,10.817616499459083,-20.557523304736392,11.461558033323156,-9.44298859244247,9.322071841903629,-11.408195469818173,7.43953576948215,-9.449670570100437,6.830726915740322,-5.605923666650895,6.866975357699872,-6.345498285921869,5.3346059144093,-9.283955215054652,5.8204696124654856,-9.616728589897983,5.287431206950179,0.3119836939526844,0.18244451660768762,344.93964366996937,453.5770745565218,3033.402801340817,1165.3004962765667
rh4lXr8JCNQ,rh4lXr8JCNQ.wav,268.9787793825861,83.8368882738883,-5.850160312749047,44.83330053769159,-8.148488089028138,27.605941949904313,-8.358949644241367,18.829216022056137,-14.810515096689544,15.043660140161375,-12.516599612331527,16.61814067125711,-11.795140695317594,13.31400699788224,-10.16584414534699,11.071103739013704,-3.1699617551937473,10.55912995301109,-0.002829939122355984,9.151493660039483,-3.1133431382992702,8.310516220592673,-2.9818438445463316,8.02514311568626,-7.035583371349642,9.0158004663254,0.2897004346775391,0.19176815758352247,477.7166916023857,470.32676260748457,2834.7952178597825,1334.8891135362276
8vJu0B6kR2Y,8vJu0B6kR2Y.wav,278.7078042056645,80.22412752254796,-20.001065323050085,30.550870021043178,-29.0448337432179,21.868537937571745,-12.62478299761661,15.415702506919926,-5.675520006789521,12.972076270735181,-14.779544533002708,9.774979207843636,-9.052164155871955,10.182979491900863,-13.882327720674489,7.882551027512103,-10.882355756031625,9.106981591839451,-13.49194321511,7.084679757095941,-9.940124602552073,7.77601361181082,-8.476861640856244,6.238087723979764,-4.497835516156119,5.645904292330289,0.3279833229817324,0.186805753795453,481.4221127733852,581.4444045141389,3135.971813426584,1184.0483693187803
RSZl57aKxEc,RSZl57aKxEc.wav,289.7116732611248,59.44410183774893,-27.327670629189488,30.689492465484275,-24.601672546102407,22.954978378964036,-9.59574565534525,15.21361850145209,-17.709926609249976,11.25637247964065,-16.968811641342995,12.294510460235292,-12.896004328429227,9.386594988239615,-6.01621547520287,8.184424848290623,-3.806356781554656,7.6349029090323395,-7.074426593240715,6.62926778548375,-3.8532294834542227,6.532236722367842,-6.02566619883375,6.320287339795308,-3.4215771057334563,6.993054805048208,0.3206764442376514,0.19331598423662127,492.2324370020393,467.78516456260434,3137.1225925678873,1157.4401922000961
iMxR5pqqGIQ,iMxR5pqqGIQ.wav,294.087503699588,67.80524440952837,-9.788280056520168,33.249945269340245,-30.07369260414259,23.894872260320724,3.684580284682119,18.064271086470125,-7.171450432351454,10.878169891981415,-18.292297318548357,12.040692575563252,-7.541617814885216,10.692935176067175,-9.208261482646936,8.342197032333733,-7.285042802439963,7.8592108599060335,-2.0189532149395575,7.052270504066366,-7.020316136590216,6.032302297111776,-6.557546817591673,5.953369906808494,-7.178839659579889,5.820196471942802,0.32201403654909866,0.15201705032827864,580.5923529369785,608.4987854291551,2879.1652129996855,1083.4382266499383
qp_fBdbvM_I,qp_fBdbvM_I.wav,207.60328772894763,289.2646640140533,-8.769628114316737,51.78968952408684,-17.085520761628317,26.79118489971016,0.9104648333694937,18.450255996082397,-5.452455488095967,13.837096718945993,-6.985023760468209,15.802636010585868,-5.301819402698425,9.571612506960475,-1.7606532372759256,11.230068497436655,-8.030959425865776,12.326451753443052,0.41794849332913186,8.274114073153433,-3.9851645467951005,8.48326597474104,-6.238816146711772,8.55436268300755,-3.736177157400741,6.342009547652024,0.2710409175930508,0.16485548612668083,561.9526106187066,568.1343627242477,2736.6177540882127,1366.1902653971706
QQkP9qVM5gI,QQkP9qVM5gI.wav,283.656713597469,87.4832020801035,-23.679141079807394,39.29746969961869,-5.109100462868765,22.61628416738841,-7.439304838447171,18.564380277791972,-8.021618931001786,12.489388728696804,-10.165304518744318,12.838142015808105,-10.56378971608464,9.549898661328573,-8.125719552169425,9.606642015230744,-9.635324772134583,9.196508057681807,-5.378722746839196,7.120033612552485,-9.141686985191571,6.3941035781890285,-5.619907674626515,6.052343439622728,-7.076272129447564,6.326427984453722,0.3519899644608386,0.18997801348112378,515.712525616213,536.3120994269376,3374.4542787766377,1143.8541109132216
mxBSpnE8QzA,mxBSpnE8QzA.wav,304.54612447853583,52.122293941769435,-13.689177936877448,31.694074218564985,-7.940206120910512,20.93581194446255,-13.849300051340121,16.764187828912902,-12.074034984201788,12.516795255593559,-15.353610561304446,13.059598432533802,-7.896173792370449,10.474359514985764,-6.578410576332441,9.46822930354601,-2.778496444531965,8.332800345407476,-1.9562769337005308,7.3702070213432895,-7.752874506100223,7.511986972003367,-2.776574868459667,6.616338826925096,-5.025133946433142,6.370636938617688,0.3194751421490013,0.1936781210965023,531.8625206494177,550.012559094711,3204.723930266924,1213.1008574304797
F63iukJiwiY,F63iukJiwiY.wav,277.7656327649324,67.69827763479339,-10.45823489246017,37.532168301978864,-12.675124424547091,21.691037885445965,-10.473195594429306,16.45156108539498,-16.11404360686813,11.840630811478547,-17.355872827492313,11.525508376630274,-9.909282692164219,9.751297587349649,-12.839349134333375,8.921087708716884,-8.301842564774011,8.224790314363489,-8.821393818368959,6.9277571694760045,-5.519217400128579,6.693362224546663,-6.060037251255721,6.221506541908564,-4.406173132391385,5.441537205480019,0.3089177123837618,0.2113607348972328,416.85902877826555,395.00655055219096,3005.4364446135846,1337.7624082348582
J5pd_vZYVFk,J5pd_vZYVFk.wav,249.66011200533782,95.74267236748601,-27.69926562631311,31.898757780972986,-19.256690491558693,19.140079707752847,-11.408107217272498,13.579294196409244,-16.738875348551048,10.81862156314099,-13.238567272084785,10.14500736751832,-14.695712774122907,8.104188037258558,-10.581836627271798,7.560938462432095,-5.781716098379588,6.805600778280719,-6.4824121869020495,6.080143802753428,-6.882584336256521,6.241330585568654,-7.646079873776306,6.326031412528464,-5.355479048271083,6.198552376636401,0.35914741309551906,0.18607116272918955,442.74891937159754,542.8723622475587,3364.153570958788,1113.7805380345308
bGgBQ1cz0LQ,bGgBQ1cz0LQ.wav,285.92348284745844,57.6062245716839,3.2610954963284917,40.42300320935566,-27.528629128799235,20.0560355844555,-3.438265100106825,17.59090506507616,-13.784125013897093,9.97192026790681,-12.017360176656513,11.646959861841744,-12.17695543866353,7.989513030719853,-10.081570095993541,7.575888982213579,-8.175108427792951,7.444150039779449,-4.674385032355507,6.209926707909899,-5.722068388753426,5.640356538579228,-5.368849843592957,5.3792651783529895,-5.9760322353659765,4.60980306610791,0.25449225491422245,0.1469811122697625,420.0693303989388,405.50250749357036,2461.1096271545166,1057.4552013893885
ovLovoVtjiU,ovLovoVtjiU.wav,247.6304607733236,102.2023459147722,-24.104954086208313,46.25190930327916,-29.214453763483395,24.373923374841763,-14.593705290519031,17.56290827698202,-11.975196930775912,13.34724209004799,-7.353004552261766,13.715525716032781,-4.637685540010443,10.171686968665195,-3.4942184576975874,9.692563505727268,-7.480221305031671,9.362446789498538,-12.327710134425045,8.179207685409981,-8.322777066483136,7.359189514602975,-8.682934120805932,6.548684776339379,-7.980326977640697,6.418982313286293,0.32500800843839717,0.19935947545388794,465.580387844717,572.448284651037,3093.4884959790174,1375.5018754242017
CAUadrJ_jac,CAUadrJ_jac.wav,274.4915355649581,89.43806494892856,-23.603558794138937,34.31719231630835,-22.51425003923993,24.911639157138723,-6.797297052322878,14.906612317326461,-17.521703728122812,15.217963003482616,-10.88656480999957,11.748938721516206,-9.767126760679682,10.46988273706021,-2.6548848425724794,8.306552271333345,-3.1461321470230916,8.760976840787915,-4.36845687005475,8.766671745644219,-7.061596718480857,7.134174333641178,-4.741090223497236,6.850575159656886,-4.668737172981536,6.463033029663144,0.3358012167182519,0.1700548714264287,635.0319748016838,820.5771624451954,3148.1700744564578,1096.095013162948
AUL2pMTLIZc,AUL2pMTLIZc.wav,303.85796112065987,60.35482331923569,-23.090541878102055,28.13159443484601,-24.585810951986947,19.82512551785715,-6.775454013663284,14.952618660444902,-17.059052072798693,11.042451408944519,-14.126474868779502,11.30503211452379,-11.206268341362943,9.0185505000414,-8.228561783221526,8.37293588072914,-5.632838495415713,8.756776496201631,-4.392046120343197,6.729294203822346,-6.53888978209797,6.088446230527248,-4.883411996986113,6.417293675451834,-7.479440433646022,6.393744953816468,0.33926672056355456,0.14638084801007528,542.0155990808823,555.6467904713181,3143.029175765472,942.8362599530892
QA8Fubo5aeo,QA8Fubo5aeo.wav,280.08824878746856,97.27505432918556,-20.616676407365922,44.4962032736884,-10.10718970537562,20.373587496660036,10.291398500789878,16.43243704315487,-6.781006333249906,13.554028501311434,-13.767119033522548,13.002138223096075,-11.580829658032352,10.155148243789283,-20.243954061192568,9.978812566744963,-4.430029788148072,8.006104670968103,-2.9194323885018982,7.734471259082069,-6.215796028511286,6.256504173451951,-4.55416821695234,6.392282848586545,-4.92503393870452,6.204849519029505,0.3440997200676949,0.17944596379326658,505.08911394641314,581.7272794724564,3174.7213857534975,1211.1260756696686
nUTtu8atlD8,nUTtu8atlD8.wav,264.053813721756,101.42537274826769,-4.907714066663978,43.91982888566525,-7.868635937559811,22.74466600212778,8.830881603896334,21.42058376804078,-16.463620483741128,15.548996885022445,-12.621639543286948,13.379624339685687,-8.163786231734454,12.948655397814655,-11.73528625675541,10.865156412038337,-1.5083368449743446,9.287290817062447,-7.554684650385665,9.880182222475089,-4.569196174167555,6.365297356955405,-5.5173666762406315,6.771736661177862,-6.5599577169472365,6.4851751284011545,0.28218959670435506,0.16598322424890638,485.85298384308635,599.9041170719254,2779.828083490551,1192.7545371070842
edveydG99a0,edveydG99a0.wav,280.5425186212798,67.25716261386104,-14.50062234150984,33.94574672487332,-15.19031411183476,17.106380992856437,-10.601142780357918,13.180344770194214,-10.502997889426554,8.811181175949192,-21.134394295208853,10.28022394640265,-15.583514730530608,7.745941528459488,-8.747812934609009,6.925498482810184,-9.565785548996836,7.03190105980282,-7.949395384387552,5.676673557799231,-7.5250720979277785,5.974764479093469,-3.7245150254705175,5.167506881234545,-5.886623223184887,5.454859411649129,0.32144520897096285,0.2058353081313348,352.3361074528713,301.5816321724658,3101.501235095142,1221.2582712128278
7c_X-opfRrQ,7c_X-opfRrQ.wav,282.2043115311064,65.39664261289167,-18.04070215877886,39.4621577018447,-13.106761839685587,21.873918816202906,-6.689518304804588,16.114319476168443,-12.823025565888958,10.342022561310939,-18.4308559334141,12.043070982179804,-8.091956340436411,8.858894612976625,-11.611364009646675,8.372468449734354,-9.949743813758841,8.205500832066383,-2.3620091016397353,7.7413581316783455,-6.465877417042032,6.3889884462851825,-5.652791777794345,6.103982274458556,-7.584009160614523,5.468918137979783,0.33587433848482257,0.20678154781875163,435.4830955402858,396.48847358984267,3206.002624791569,1323.5964863896615
Nfs_l0-6P4E,Nfs_l0-6P4E.wav,252.97859492421313,104.11919221997593,-21.22754200126516,45.24064970778618,-9.417739705055348,27.592102867359937,2.2452873750204936,19.2246590738331,-11.136390856253165,14.439861473913735,-9.844734321634627,14.159821577050254,-6.952255244741227,11.309552718834567,-8.407782186046568,12.693295375684126,-2.2214525881507026,9.813511414074434,-7.337029609714348,9.434606280241406,-3.6160891358915848,7.339210722832703,-3.343034450155734,6.835707794333316,-7.100047642157224,6.541598294780702,0.33750975051151244,0.1906514410162322,622.6149543615591,880.7723787633004,3247.3882363486464,1264.2814611864558
rE1GwQjgsn0,rE1GwQjgsn0.wav,293.6657260302389,58.483583537394004,-16.23741189529837,34.21657658900444,-26.240873420352866,22.15734860522342,-11.229200440997191,16.60332983146236,-22.450260874344018,13.347322389961208,-9.180599228076515,11.254003083977356,-5.984181255888426,8.680088105609903,-8.604831271744898,8.06096300599448,-5.130997324799358,7.886400290367674,-7.942702198700567,7.045224536435816,-3.485992864404602,5.882295554733935,-6.164577546432575,6.071572107644159,-3.7869358724801736,5.111393641055978,0.3072814609102047,0.19019748511182366,498.453280215221,481.7260393997903,2956.500494978997,1216.4459940224622
7jAQlEvb6-c,7jAQlEvb6-c.wav,286.14310333099826,57.6428714219154,-20.53411080685294,40.66828034150543,-4.963825529431729,22.679646629226983,-4.8545279238873595,18.00817399418594,-13.148524914803131,14.184472708006156,-15.054931749645228,11.63572343237521,-13.165318620055912,10.059609305118355,-6.570463295375727,9.106952371030467,-8.284895473262097,7.997558502263686,-6.569279057886025,7.6113274386064615,-6.8260846784886295,6.795342940776582,-9.748528300541603,7.306297599173184,-2.736406728695182,6.2159890481111715,0.34568317216843863,0.19380051767975714,604.70382859957,1016.5111954081598,3265.1217990259997,1243.9283417475608
s009J2tA8vY,s009J2tA8vY.wav,252.9915311023737,107.06243382795766,7.021019361042899,46.49219457600967,-32.5070410226749,26.756703441787312,1.6560113360947322,21.675894393661203,-10.04953504859349,17.781810067026175,-19.75600913255507,15.934855605306998,-3.2357684183758377,13.23003278724582,-6.291920346510836,11.742996935055944,-4.08224514541694,10.012753312565659,0.432898653719309,9.1510974963489,0.8633891187431506,8.617522976012408,-3.219777286910706,7.618009374691823,-4.1860053438544345,7.039210777493818,0.27512429473213784,0.15682062919121634,503.3633831113263,542.1124955531787,2566.7434979318805,1227.8626534538726
6Y_14l2Ta5c,6Y_14l2Ta5c.wav,294.3471889221588,114.04352245596378,-31.292438852060737,33.86172762744457,-5.075101844761578,18.367373134944376,6.814106614756735,16.673673238155686,-11.246485446065087,12.009100812415797,-15.801491466752521,12.31787292768863,-14.572771850092767,10.208010338232109,-9.888392135164754,9.08467871525054,-4.589049553292247,9.182275009812852,-6.190795192588807,6.976553226338901,-6.717419757011549,5.98651437751629,-2.9647969462387196,6.745861302593803,-9.421065490624802,7.2882217392078505,0.39415179578055476,0.14981681525490792,563.3185730191875,596.4543708982483,3532.9412358206296,985.2153870704423
YBN_xM7aqVg,YBN_xM7aqVg.wav,323.3182349614664,52.88826739090445,-18.41212762263468,36.76039959690693,-24.162279087062814,20.593370979813802,-2.7969941842271164,15.87274609884406,-17.256052284974345,11.680299422347636,-17.196538504209844,11.137330799457379,-5.976709327248686,8.968839723726377,-10.709541843800775,8.018650154133976,-5.457208946586596,7.3324421211044415,-5.395126431145148,7.454656338514172,-9.536874896773604,5.749840977174338,-6.335651208605633,6.147564390853234,-5.314650228613893,5.994970729171374,0.32108938466159925,0.1737282377934501,720.3001479294278,692.1892688655659,3045.620982499338,1149.2051137769267
elTutJ3EJY8,elTutJ3EJY8.wav,318.7865426140407,54.4590111469054,-27.814898430762966,33.41080850483439,-27.609514484852642,16.306738990323,-6.022037878039388,14.794701293619353,-13.714031481033283,10.805720806390815,-13.269891386311798,11.496484114584572,-13.398755899545884,8.78892352191446,-5.8993780265201945,7.955532516396411,-6.914310733210376,7.804016740337709,0.050052867667797235,6.533425497793877,-5.304748903819727,5.865322125831275,-6.576534586732592,6.3168873544710245,-3.787021829260753,5.1128783208847315,0.34141927588925364,0.138827034536812,690.0763666132439,680.2184537536122,3135.6676297835975,923.0600184376324
kg2IukoQZKM,kg2IukoQZKM.wav,302.79073352745206,73.45912818419421,-31.158028879724768,42.87773532599088,-9.975465347325398,25.089414811471556,3.0062851369732915,17.838611884245637,-21.69957631482687,15.288565583555261,-15.185315343688366,13.522847565087526,-14.347182598580385,11.181602433374744,-9.471003155881357,10.337246947577816,-4.475186597429083,7.96216232235583,-8.682123486575815,8.933408796973426,-2.6858935995942588,7.1096002403709315,-7.987466646236922,6.657592237927628,-5.070178168099923,6.7655165500361525,0.3814732754019635,0.17170761764947087,824.5447499615736,956.3751531886182,3469.544648835482,1172.6037776714306
CHtoy0rk174,CHtoy0rk174.wav,281.9891413422336,84.26853335955064,-27.73132709214171,28.188594515346,-20.89187277303025,15.86736011647509,-11.80599098292789,12.847845374963162,-15.15575202304537,11.25668908986929,-12.745537051906009,10.36933058673498,-10.911420941412096,8.52430152902647,-10.592026411922662,7.400726591384596,-3.9482649109319135,7.234512374940935,-5.802410647156613,7.004437993252469,-7.908996971669075,6.007722850568525,-5.185425647652133,6.223919050347564,-8.004321147741265,5.269327294815603,0.3786025733790543,0.15693434740319495,495.7679424522276,714.9062687956007,3396.9674800379953,957.0465754307636
2N7_fVvjOTM,2N7_fVvjOTM.wav,288.3554468742477,70.83193950603496,-2.5732602560033846,34.76447043626761,-11.099069290155146,23.556396180083677,11.631048314974075,15.961832369452802,-8.591733603883732,15.508777017493335,-4.168148454959862,12.044479565752182,-3.3996758356499055,10.000430603073148,-4.271226846740936,9.889870482637365,0.0339841782162813,7.418600713942956,-1.9377687081583834,9.480121268229011,-1.6215802663497538,5.991703447949937,-2.7017607227357123,6.294248908006035,-5.21600931341399,6.862417568883481,0.2975715577603803,0.16879321079390028,438.7154487884516,481.24437471405184,2901.3303208122084,1130.0539593162903
-AqOvL5nYao,-AqOvL5nYao.wav,261.43912787858454,78.74764935475083,-11.028031875771221,46.6611777968775,-11.697012509956929,27.71042663551889,0.7133718186841489,24.390766042689286,-12.72669832709848,16.369256250626364,-17.48149756418028,15.694994481847912,-11.916291141879348,12.512500005477333,-7.22543217234207,11.427993040387353,-12.538616011763242,10.288828102761192,-3.652928012398639,9.699822141171673,-7.573793011223728,7.5211044872181825,-4.241146082709132,8.482969857582532,-2.836508029439642,6.270757858683297,0.2822767833480983,0.18533813627523205,548.0485752361097,635.7798774622231,2823.9056771304727,1306.9585461780916
iNw8-a_I0mY,iNw8-a_I0mY.wav,314.2953278145289,47.072579949883966,-30.444630367649314,30.30701476687517,-27.441354368156265,20.981284907540157,-20.27785248206239,15.139942326583752,-17.825626786021324,12.102474667294752,-19.022416830520932,11.733120089182773,-3.0967233563369674,9.748903722513615,-11.99906585846995,9.198880983110543,-12.00286361464336,7.310526657251003,-1.7182866187753494,6.7563628715418,-2.337881444563038,6.9049433891164504,-4.602947375700129,6.836592190762363,-0.9279658280159501,7.168385157549256,0.35615216379575043,0.19022443916602957,701.1134377802999,615.0667478541658,3361.9078286694757,1178.0548869952456
iQp9aWc9BNQ,iQp9aWc9BNQ.wav,261.8763984013018,85.57690064624654,-18.401931446164244,25.520901176681797,-35.00637405335657,17.654912715379368,-6.9743249200561435,15.122216394296869,-14.320076904796595,12.00230330061948,-14.572948685394753,12.503636574263663,-4.8347550266089385,9.836794662793247,-11.219796725417217,8.213760835438311,-8.819504958774566,7.655267088872422,-6.6853147430409585,6.9050196312026495,-7.9475769869685955,6.800622967318293,-3.577099212197255,6.037694250264459,-5.410029527854865,5.652300156864422,0.29959758432833217,0.13012286271656825,439.4659202694215,583.3851226860793,2833.030921757658,862.8068280771306
EzvHPwBVRhM,EzvHPwBVRhM.wav,284.2332833869621,80.47976814845053,-24.4400988135495,35.49901386496312,-16.36052182034598,29.147419954608253,-0.680784893446932,22.355683139093966,-19.424125605376485,16.541568882521773,-8.357015556077513,13.80328274848837,-12.32190393123375,12.240002177709245,-11.604821276170517,10.973305357005957,-8.173131459926896,10.301252561591394,-9.710875191132825,8.5394264843293,-4.291214865358457,8.656691157892324,-5.85614264839248,7.1275893605927285,-2.756596792742507,6.241533383310563,0.34752632607841744,0.18856010507065188,705.632261064245,824.1517902993718,3260.409912364979,1217.647950166451
jUGIY9bdqbg,jUGIY9bdqbg.wav,232.5788892678741,94.07714167498779,-37.23340444386047,42.133517395241014,-6.144262924982668,20.767640699678115,-13.595399437483028,14.13215531576657,-10.077571748136497,11.295693098243516,-12.024741870555856,11.973701875473456,-7.365533107447267,9.569993050995016,-7.381938925315492,8.339547684153564,-6.388169861620329,9.851767722620888,-2.4413138214051986,6.85832926318588,-9.264582128885456,7.206358315017871,-4.005790311767043,6.771935648724794,-1.6851774496921612,6.505934121940348,0.4136108017508419,0.23374716840816095,390.0595120769441,532.7378103745411,3810.898403766896,1383.56801209162
w-kKNnnqOHk,w-kKNnnqOHk.wav,291.5031934304876,56.234292974784566,-17.042054369444326,34.29805264693094,-21.91848448238158,23.464765600008487,-11.140832778555188,18.105062248735496,-16.707347080581552,13.423158675280682,-11.053328581363912,11.844458745170401,-13.803784844473448,9.976126880405916,-8.01998190948934,8.88788353815244,-10.246123538144246,8.516342425903828,-8.31884373470334,7.010635292982,-6.842202267585103,7.198872714166349,-6.237897578231303,6.599236873585804,-4.344864367097458,6.381840028624797,0.29461800826371237,0.19343997916815853,492.9681745258548,454.6652847824648,2968.5297249255423,1220.8010104416587
1oOMLr52YSw,1oOMLr52YSw.wav,290.9220453322169,67.86052052527852,-25.304784933265374,31.047191284840082,-17.65342860134408,19.645910994105375,-12.801294669514883,16.484704590324156,-14.172384973809804,12.051522979999643,-17.661415568096615,12.361031651820612,-15.993211362449902,10.73082939106762,-5.095582458742843,7.9964814633621915,-6.310653132675659,8.468429867665174,-5.623929325821184,6.607446395874596,-6.404658901131258,6.803294286703942,-5.369240826371565,6.312658148295078,-6.066273085787399,5.990711385551067,0.3540509270575659,0.1996897444107431,513.9925445313535,502.19221982291697,3351.593203418146,1212.232932332856
OwgVzlFsbQQ,OwgVzlFsbQQ.wav,267.67267738886363,81.60711183031164,-19.81166122418763,46.763587335412325,-12.49981142437098,31.1826032709959,-2.3687919345414428,22.11956558130816,-13.226243878941261,16.461829564695492,-14.330138132666395,15.76196016051174,-12.461591906884944,12.672736497156649,-4.532176802880168,11.188539742932138,-11.481915611723549,10.942229094022087,-3.4871542645672866,8.951141972495076,-5.907108656632103,6.902784933451751,-6.054117945325096,7.974815391579847,-2.474709878489791,6.232176552718663,0.31957959414665693,0.1944999063988942,632.7070617317082,738.0688101368642,3077.397487182682,1353.9955292446864
dx-vObCdxRI,dx-vObCdxRI.wav,277.14642979984086,61.2636850863517,-12.259938250367316,39.45718888200409,-17.764713631669423,22.824476302700468,-8.34116403213985,16.726172668122647,-16.01469607890925,12.482116995358702,-15.259844408784998,10.5439556248983,-10.36911831302129,9.178532998608995,-12.171639333733232,7.59132022510577,-8.013696448484495,7.3922238174009385,-7.643120137122016,6.112082200602958,-8.169094924920543,6.32514250873568,-7.497274195944723,5.4884341756855015,-4.870396124016266,5.199119722727758,0.3260838243000006,0.2287717690081717,424.0465336736067,436.2832448398452,3060.6162064132204,1464.4475900054629
A1-QV4DwZ5E,A1-QV4DwZ5E.wav,195.61606732653618,336.1835565379171,-11.838182714015545,41.75385951694533,-6.615954335835742,22.535746900121282,-0.018434572921929415,16.844229698754447,-6.78618086194184,13.829294406624195,-7.425899259775355,12.465345149810997,-7.814339199220816,10.541746830657612,-5.373074813279859,9.599585848180404,-7.278347618631841,10.068732503867865,-0.94035370553578,7.541084627568019,-5.641446721153881,7.28534253723815,-3.898852077662453,6.3147118273908935,-4.506487065610309,6.374082967421028,0.3120629971850644,0.19886867853646803,498.9245185907333,627.122296376605,2845.5114582367914,1435.1226138811521
EdyabMCfL6U,EdyabMCfL6U.wav,257.65766459412924,97.71208254189465,-15.517081460340785,41.12566960960789,-8.365972111267517,25.979843375586437,2.076688894814853,19.719746177492112,-13.163915998392739,14.856133176037405,-13.24816240006747,13.737349260928598,-6.956588267165782,11.94402866966981,-10.519438474743438,12.02526043900421,-2.4191628734034984,10.368837868728507,-7.6405658975605375,8.894560452609213,-3.1698018328695006,7.753504367020535,-2.9000487701976714,6.9937616619465315,-7.528955193995563,6.7648308588261195,0.32067999294772687,0.18225186878908584,533.9970019246072,736.9942874325205,3148.9586608210866,1221.4723977097676
sQxDN_jXsEk,sQxDN_jXsEk.wav,293.6236626162789,64.11413670192222,-3.122745104833202,32.15728595714952,-14.626282963670846,24.691839746369354,6.0070913606290395,18.528560381435465,-7.740892953676248,13.933916739177201,-17.140191028533938,14.124833546907697,-1.5776942338211077,11.860547112002317,-11.118529050182465,11.512369371284922,-7.8483233763152205,9.542330856755607,3.017420641391281,8.76476708938313,-10.349511070312,9.119200544845041,-1.5754406374047925,7.435120400625981,-4.549731941251127,6.612803284759828,0.3028945487749043,0.1536948969897856,534.5765731644872,558.2959426331071,2867.2298476182104,1075.1491399272682
CzLzPbPXr0Y,CzLzPbPXr0Y.wav,258.18266629520963,87.243229967139,-12.854793664709826,27.566132363445394,-1.9372110002443872,18.460085121225013,-1.0996401195697925,15.407399638743792,-0.7689987746128695,14.732843556668904,-8.833698472206923,11.379589048157918,-11.765544343849891,11.673168753989707,-8.268987447790758,8.747222778050029,-8.13166198092978,9.095244172248893,0.678521325935679,7.357058092884714,-4.478028836730678,6.823329571425577,-5.553425882926801,5.943168764854129,-1.6241309029339959,6.135713261613725,0.318177133330606,0.1661782374405742,338.57242412784814,489.61518369195807,3237.1464298394135,961.0894988054681
DbaBpXa9dH0,DbaBpXa9dH0.wav,260.966002092603,88.05869991640725,-24.321066546447838,31.479095135833102,-22.544931751123066,22.755609454581172,-8.143895434140125,14.835380611800892,-21.47797790510872,14.152064387464016,-12.981314493308847,12.600661132608291,-10.347416909054342,9.0512072556346,-9.378274744858825,9.033872567186762,-5.36659691243067,8.380486783394185,-12.054473570300223,7.353036176713165,-5.445130451130006,7.804341457106459,-7.382882666192535,7.0053811901692,-6.28167388740326,7.065278628389966,0.3434271034823384,0.18285002492889346,496.35806849004103,573.0656160447828,3191.4920815674,1130.7281802071252
EEaEyZqjvMU,EEaEyZqjvMU.wav,266.6104287708253,91.25471296003104,-10.603490778744352,32.89083041628445,-23.299465297373352,21.686956469154048,-8.487249904279075,16.04924485234416,-14.81175726079688,13.402536796284323,-15.040399443142894,12.799004129054131,-8.570756264509518,8.940581934335901,-7.743599033241196,9.841752938104756,-1.634165884563979,8.99678340130136,-4.97753255554652,7.620207974621508,-4.074953840104737,6.486528404550932,-6.141438902967123,7.102320511748657,-1.6706312159223766,6.703090888120761,0.2713593435827377,0.16509257740268476,489.01911476475595,585.8837001809794,2783.678294007407,1087.0820868666294
Fp0Cw1UeeEo,Fp0Cw1UeeEo.wav,280.3639200888386,92.39225901119184,-40.623230510622214,26.064768420914938,-20.957002922192316,16.73827222305106,-7.844455081637364,13.376796729908031,-12.422772409997227,12.46948560055419,-5.4030914906801115,10.623580937160503,-21.162591660060137,10.438587487590874,-9.221817440979729,7.684005768984894,-4.955329922341528,7.86224679253883,-5.193855022092461,6.885652139067403,-8.65098628302533,6.982681108923616,-3.956325449653586,5.961910707764068,-7.5233191004860185,7.779471896119223,0.4006524053833338,0.14172698524538926,603.5230605413619,690.2604839846331,3594.36721071062,858.2001954738777
Wt3E7xSiuxA,Wt3E7xSiuxA.wav,277.06827458149354,76.63927030092825,-19.42542647186613,34.68713165372107,-25.561266752186132,20.190118501233677,-6.128439044728241,15.646292617928024,-19.500167184056433,12.946748291051588,-10.199204967199053,11.186991426686188,-8.865840220432865,9.856644308428022,-9.490234258153398,9.634399648801,-6.743438251962736,7.793627111821588,-5.536838052366262,7.613264897060821,-7.10778453627851,7.174146305032602,-8.101310760861985,6.434077732784098,-5.237364453725515,6.191741577268257,0.31690146507775685,0.18561796884874776,442.4714143029281,437.31686664789885,3060.867847140903,1154.739207184201
G4ecYUNkncE,G4ecYUNkncE.wav,261.34088275981014,77.85505493998515,-15.559944787743055,39.65381276650745,-12.962987316779069,19.601618885451582,-2.725341243561592,16.2210124314473,-15.171651747708992,9.827850693682642,-11.697199382561886,10.643815732192902,-11.838727574748242,8.487897812375618,-7.139132913696459,7.621553259799825,-8.680632837617694,8.119465803938164,-5.956378083754422,6.76151562385243,-9.883606033074008,6.032761486451734,-7.444030057814938,5.91885669124138,-10.554601934862102,5.847421021688463,0.31602871058178317,0.18451671721661547,364.4075814337143,385.2246015945653,3022.172607410038,1167.1897626265736
phscEr2uRz8,phscEr2uRz8.wav,278.7280646285919,64.08413983923911,-7.506855368406344,35.73174667512229,-10.915292333611664,30.52939394480648,6.515137860102796,20.56542323441197,-8.908850002057196,16.863676933894787,-1.2762868401959424,13.522500944378152,-4.806877342047541,11.914224079196995,-4.26500846442013,10.884328637935605,-0.8284738162851017,9.756545944010663,-3.1309207974203805,8.927351484267493,0.7943883888252498,8.114694064719476,-0.6908569412578797,6.950462446548358,0.54394800708877,6.159114388452783,0.299132020042231,0.19526597545900573,579.1875117968801,737.6948933663538,2967.4303615115473,1297.3003786468405
mhXGbNx63vk,mhXGbNx63vk.wav,269.0320254847825,63.28064439755668,-5.8794335892395075,37.88085514267012,5.1006864549859765,19.991122919322915,-25.871074326925992,15.987836884711333,-14.672146333364129,13.031794647997875,-11.33076579764055,10.881518949369626,-17.745085825189523,11.38107145281345,-6.685105969298672,8.303029365641235,-7.069946731606256,8.123322083745244,-3.928804078658855,6.462597834080369,-6.1236474987723115,5.819124189214199,-3.3736786567918937,6.587971261679534,-6.228476653212092,5.624258085249238,0.2882741367774965,0.22931521051369638,394.6175751966559,413.3270068754209,3138.6916956039795,1393.0563450030015
We0x2EaVwkY,We0x2EaVwkY.wav,293.5337826852775,67.5870438549099,-11.31048560664654,30.64137840893021,-16.29518056467772,18.384171148128562,-10.210829325797537,14.901618886088782,-8.040353938830116,12.044082510596805,-18.276701572138755,12.119636329174838,-9.338754956516258,9.939244499809973,-9.777191337023352,7.669159608404149,-8.802414220638406,7.854554721097661,-0.7894620467989601,7.187809738221919,-9.470964247570159,6.519051138107491,-4.2629475968227055,6.44629830014965,-7.9920839524970315,5.87039357450996,0.30868826238509817,0.17531699008242174,445.3675621832698,414.61917353625824,3055.141398745119,1099.8445186887889
mK5BzOnZls4,mK5BzOnZls4.wav,276.8725573569196,74.74410733742666,-1.5259523159991322,42.69918297604669,0.9560056501462605,22.849929833514246,7.720969316057542,19.858024838443985,-4.752415701670587,15.89093180716266,-6.551650681328975,15.957772688743761,-1.9116260895386892,10.642970589417194,-1.3561919963087214,9.594340774026742,-6.3914150168142365,11.321911997674572,0.8255374329265364,8.08780360993998,-5.412058245199191,7.7321603035245206,1.0405387531970183,6.295417284884228,-1.7792564195933087,6.08534953962551,0.2696147581398499,0.18898736446834655,482.35340920055114,612.5501135799573,2831.284210966542,1282.9173318409585
BIbAyapnfOI,BIbAyapnfOI.wav,264.2246695166703,78.63851268965487,-6.8693166373066985,36.17144208128405,-12.267522545781281,19.29576883328352,-5.49308222747355,16.370797744789407,-7.089346432252199,10.07119407541564,-17.377267069074637,12.711101775647968,-11.594285697443938,9.712066710166816,-10.189998966454326,7.540264504295006,-11.320660251984064,8.41423727516025,-6.5947469739912385,6.529268900371586,-9.208594103571267,6.7039090008158695,-7.261016702347928,5.704067936277853,-6.312983351875797,5.037633841761282,0.2835830020194371,0.17875670919597927,332.5408693467285,352.09716666220925,2843.9663905808566,1130.2874216670612
5vnfRMXHBgM,5vnfRMXHBgM.wav,252.94763274926817,108.52298234813402,-21.562723419699626,42.80261719640029,-6.6322012442440545,25.13314620465378,3.926387539445416,17.62694933691254,-11.82610736874489,14.596767324457124,-10.863753893057323,13.46194023636067,-7.564945454363179,11.315823830569483,-7.8976764976064935,12.381592821785878,-2.1996383551393297,9.528199102995877,-7.484922518860445,9.614765024728701,-2.957173601604212,7.092575847458769,-3.5211518790717355,7.110179066738637,-6.905746194008978,6.511139382723557,0.34114060045899836,0.18324702001574664,603.5480559702168,865.9478688427934,3285.4831498431995,1209.373091744491
ikwtW-E9WLs,ikwtW-E9WLs.wav,299.05620234570443,67.90061841862385,-7.321713941277828,38.63174659420622,-14.737008988931839,18.976348571675857,-12.260207041675816,14.013483973850102,-13.128493236975247,10.872785736223653,-10.987372925216793,10.526199646097547,-10.321163404336493,8.998971415132665,-8.450178028718001,8.156620681766,-5.503398388951981,7.380992091308859,-6.487153069701073,6.991108994598603,-8.21294175098911,6.682827450943961,-7.250800304557367,6.963252447393767,-4.132659975793131,6.4190992102293425,0.2958201027383305,0.17341347062424042,480.355779846607,499.27580767088523,2884.411623753328,1156.1196683184291
irt7v7O0F3U,irt7v7O0F3U.wav,241.0613076469134,239.66439592448398,0.5374564549495706,44.21218934259771,-31.140796594966748,23.685464105186423,10.198505215066449,16.656782047211216,-6.691910569482616,12.950904620885602,-13.610287831694876,12.442207327722501,-10.809703055756222,10.753907445021095,-12.906136584736839,10.042284146235946,-4.659190113150331,7.5692736998214585,-6.494519801815734,8.718078062661274,-9.668798216566932,7.958211244039745,-3.813641571477949,7.249741789345809,-6.3304513397223205,7.331595503518022,0.2516989488896495,0.14234620578741233,472.2289556845823,400.51204244905256,2492.2423174648447,1144.6441835239998
t1aVmIxjeK8,t1aVmIxjeK8.wav,277.8375388502749,71.73016837546375,-11.968797469812067,35.26183310216731,-27.586380466416482,20.878868400818124,-9.27200516119237,17.66266925811768,-23.69672698053253,13.217000966245141,-16.210556775634476,11.65063842215873,-5.529937869277697,8.976085791830492,-5.230750098495249,7.4913512761252905,-4.465494444560083,7.279035166656322,-5.06094080399032,6.534247669231717,-6.586813297083679,6.718559446308467,-6.619146152224894,5.65092778689536,-4.141018996640784,5.40470348005282,0.2925351193108822,0.17153490616254177,473.0329058364638,516.8065267275546,2776.2864337040596,1119.9823820996753
YEsIvFHdvj0,YEsIvFHdvj0.wav,214.50669539024875,217.23053029506127,-6.005748837081091,41.28070002998708,-16.369873066221185,25.993504400224417,-12.147742817107208,19.960273477952388,-14.974877582896525,17.245425655725025,-14.329473613839962,16.71255973474042,-9.674950997594015,13.154936404550002,-6.94834137766973,10.446856746864432,-8.366281970734512,11.12375369619909,-5.797475827733696,8.93521863868494,-4.947150807818443,8.619434606653462,-7.521133538042862,7.71150685378151,-3.584267243465424,6.849705884733931,0.2830433368685045,0.21449023825293576,402.7617965919266,525.9085073555865,2831.5173588763414,1516.4319291592117
aMHyUm5dcCc,aMHyUm5dcCc.wav,296.52699111152305,64.17902231586365,-14.730287227718069,35.889327167500454,-19.474720703781387,25.673263497434117,-3.3025494306844654,18.5875627939268,-10.676502400376641,13.541561794819177,-15.93701663410901,11.659364194210015,-14.316420008451459,10.039244493025882,-7.346697254264547,9.20700097919277,-5.377630558326206,9.112326255569748,-12.916436880657377,8.070757354548398,-4.491880753061757,7.495934469819759,-8.63044046955048,7.357751340983876,-6.495541513161683,6.120489100961222,0.2984192433170982,0.18116538595261478,558.616234041024,490.82225931739333,2960.4964094606685,1210.6692009678777
NrARzmzUGds,NrARzmzUGds.wav,300.1668814593864,61.26699626336197,-20.886368536524774,29.011218942782566,-9.732216356059366,16.741004099734663,-3.4817812723611183,15.632587144619288,-12.009948679607703,10.882452758151627,-20.590374737334336,11.360237067260796,-10.116802935646287,8.426387266340576,-8.431999967388998,8.588931002439619,-7.496790853762087,8.1207350157633,-6.24937622656473,7.46361583937379,-5.315874199622541,6.49311311346737,-5.902115025405852,5.72623459305536,-3.8212413780039487,5.061516046285054,0.3405260807257471,0.17797640456240452,513.6735299390494,589.5362641974978,3364.6039184858537,1046.6401638572856
CT7EAOSu9XA,CT7EAOSu9XA.wav,289.9697082841146,94.32935883691474,-40.208628578261916,42.05847592701084,-21.340447363640514,21.304606366775054,-7.858290634541145,16.955365109484045,-17.44050723883534,13.897740446100553,-11.349330903533485,11.801960695533516,-9.786605747357221,10.922317049058737,-7.326138922724056,9.51955035089671,-7.475892075184698,10.77708346210885,-7.051122125727529,8.800275840883623,-5.610163712382928,7.827259937356405,-7.507828504628578,7.299795143480608,-3.6800684647959803,6.436500861332863,0.3664578810459817,0.16148200377103902,641.6857121766334,530.224864333055,3466.0161331789473,1040.5147980033914
6UXm2VubJ-U,6UXm2VubJ-U.wav,269.89311076719355,87.53266581631222,-6.325437114284524,29.820420320409468,-36.12044319170271,21.011247955369118,-5.509279104494473,15.961873595029703,-18.486387454328604,14.475934946355155,-14.782210680070484,10.561734370180721,-9.87794656916797,9.468602879433513,-9.292397114831541,7.737020650639755,-4.533595186328179,8.232187717024141,-7.007049617051046,7.759181085138422,-4.173839171375668,7.032276984336782,-5.857933834598889,6.594189357130286,-3.1755958823572246,5.195085851669837,0.28629684931414556,0.17757874725967368,434.7680549768741,477.2097042173883,2712.58386639514,1116.8136935779291
bCiC-nHY4H4,bCiC-nHY4H4.wav,281.87232503812004,93.6861949884323,-37.49573614296397,43.58665489281601,-25.23678372511082,26.65536842142903,0.13278870060935594,19.497069540228114,-13.93884244879803,13.881994041619764,-10.885426943685655,15.228472620021922,-3.5733457067343064,13.086241500733744,-9.401690391589655,10.84993953384907,-7.629754614214784,9.814445777604247,-8.197489429680964,8.292184968563372,-9.679351838928357,7.731668453911187,-1.0822288219704834,7.067950623057318,-4.71908627628018,6.885955732062645,0.387579253613649,0.17157960016021986,811.5327384103832,953.3192852119961,3414.6302415965974,1181.68575634791
RX0ik6nWc58,RX0ik6nWc58.wav,276.0480803008029,82.10410452120314,-6.122279143493422,45.335460973072465,-2.4799959104608194,20.297901105208464,-0.7775729804730961,16.38099866411862,-3.110306713670285,11.23771702385482,-17.188732878382815,12.89617712161913,-11.711160853181804,9.981423097151728,-7.369124828339074,9.102976521329856,-8.440762309629312,8.244418027599044,-7.76561872408671,7.0725877836962825,-7.001320370859091,5.87277372843107,-5.260805090624192,5.99880588328484,-5.52853508451206,5.878212707527212,0.2857017670452931,0.20538005300312068,366.795656091418,342.3058917706227,2925.3905069392845,1351.3929155455583
NoI6Lfz6dB8,NoI6Lfz6dB8.wav,285.2450843828102,85.0409585887639,-18.1865343635337,35.35887810721922,-27.47069118337225,21.700762960246557,-18.74123843770608,14.023367547736187,-23.62805535281897,10.956075226623906,-14.757288870342135,11.175414039259653,-6.013975926346467,9.330181815151741,-9.89671304683103,7.705658494272475,-8.283299375295663,9.236932907088645,-4.750536839150095,6.945519023559072,-5.752321817415687,7.17594125735948,-5.837141026483692,6.309847682461573,-4.13576059289544,5.983695277633225,0.30580856203355555,0.1956641890588923,503.10056900855324,514.9035431967648,2986.1376954332377,1251.3276749099593
n5UribH66-Q,n5UribH66-Q.wav,273.25426918659895,69.54430917759967,-10.872449253485302,33.3551412432409,-17.51651409860157,24.85648777654998,0.3847532710423333,15.917515876819726,-19.4175433331004,15.4727208532788,-16.071530637721914,12.31054352006817,-11.277440265438628,10.634084396926056,-6.657814799631227,8.135662505766481,-4.093974130919378,8.07890858029712,-8.008066274038436,7.10231248172802,-4.17287135531087,6.98323076067234,-7.558057827689693,6.961781223164293,-6.2740179928682105,5.610255308518766,0.2881882987443499,0.17830571011757387,416.6227020540596,424.6025905013361,2879.0274716251924,1126.1553238035447
fPE9ujLIAkI,fPE9ujLIAkI.wav,269.0392086792042,73.60889798230458,-7.1125564799426675,36.83234139321323,-20.019705264573922,21.266435595473517,-0.4083022526496979,15.57385983392235,-9.771183716310993,11.03417669140509,-14.71482267776266,14.320774695779564,-4.785958846017716,10.228812452040012,-11.788379689267037,9.887633801352058,-5.199505102517555,7.610064600684752,-2.0369257371853875,6.566513463270235,-6.323648948845614,6.100143497634959,-5.361871781112131,6.833709698618287,-5.753310238976786,5.615771470023597,0.30191934991636676,0.1556800753391969,375.25080664967646,412.8354221410884,2845.119659218239,1065.8784952914061
pvC99ZM9qaM,pvC99ZM9qaM.wav,270.1777878543972,65.12205369850994,-14.579898413853657,30.02945283070565,-8.020184828717047,21.4442944562039,1.8850373349666087,13.515718193408572,-21.329983288365057,12.584270164462602,-20.803242623854505,11.416279891535106,-15.933043094614762,9.323234276781875,1.0778650039856297,7.343807916993694,-0.5739846576027094,7.571250216482232,-4.97571070425713,6.848887246445108,-8.681338134467055,6.2510020179369885,-5.716294292130878,6.528094517553577,-2.6990528407942342,4.793037006927493,0.30798305526437286,0.18694656403543,375.8053851727529,412.88052748756587,3062.001284468189,1149.3127858611863
DrZdURyL_Zk,DrZdURyL_Zk.wav,284.736240616084,74.93086067616402,-21.820195044581446,37.494472651047985,-4.568579780937699,20.64062014728767,-2.759152751139251,17.413034893212117,-11.705100651646617,12.160514920710284,-16.928333647352652,11.321886832988989,-10.519562263629663,9.350864499165288,-8.194448299883154,7.697811992378212,-5.883353908484522,7.584167523896301,-9.765209620851984,7.629353933459114,-10.501555068307686,6.397791258102301,-6.908251947538808,6.103288318934407,-9.112268145642817,6.322673659538274,0.3362481643700857,0.19344238506039912,461.1878250479854,503.8854901902885,3313.5480608414023,1162.0566083685803
IHBXlpLn36w,IHBXlpLn36w.wav,275.26678369125125,73.94267459033425,4.103671222215021,33.4037860230275,-11.514229581330776,22.026619772718004,8.601147352575802,15.391144456382554,-9.241922365854505,16.46523717076754,-2.874077144854038,12.132316838695314,-2.0580360714693167,9.756661638775883,-3.6959330785560227,10.600718015796492,-0.12043098328316497,7.343453347109754,-2.2812162142148344,10.132220507390405,-1.715282897819955,6.572255501497882,-3.5717887128859473,6.3864454203726035,-5.7411110966132615,6.943170997684126,0.26654312545136893,0.15862828285904967,357.0057698361572,395.2674094027531,2711.252038724654,1069.3780937938286
Tz2Ery-RO94,Tz2Ery-RO94.wav,298.2337144541084,58.44558373556977,-22.646484115246256,30.33328214727066,-23.70267938211656,21.343170527858312,-13.422170646061264,13.87247240490822,-12.3180762113324,11.518911777602654,-18.219873924361927,12.18860537522763,-7.607760149906265,9.968944193939004,-7.5108898569431455,8.495086789084787,-6.254393269754493,7.267423246920429,-7.486909214795645,6.73468728687368,-7.9996588804141835,7.155805485183392,-8.217087191526394,6.614401142850745,-5.263664097332374,6.522302609327921,0.31242238573379655,0.18066041822350165,535.909747221271,594.3223407496802,3162.9395963724714,1092.3413507256548
otNea-jNmXU,otNea-jNmXU.wav,276.27195310740353,65.22785792615421,-4.193439459253667,30.634721240257846,-21.897198437221597,19.847937549912103,-8.21735713573686,14.497975224518912,-14.71019544094617,9.399912896157932,-15.162007658323903,12.443383861968842,-9.09053074009242,8.434561495061722,-8.740549445141761,8.71365269817783,-4.600840263031326,7.649012261189363,-6.137718464242484,7.243983931772108,-9.371838210775032,7.049329468224821,-5.169374521208214,5.632675936765673,-5.319376987537929,5.983902654097317,0.275592113919564,0.17539023041041668,383.40540253780586,426.60884545976194,2743.664666048371,1108.8958424331472
kNelNGmQ4YM,kNelNGmQ4YM.wav,236.73138434371828,272.1117689739709,-23.5237695134517,41.67362527461968,-12.282093906484535,20.108072207431075,-5.6440282601393585,15.370483392789115,-6.23832567769051,13.243429233806694,-7.667706295244405,10.951512027425935,-10.176941583524913,10.481698153857549,-4.144295342398406,8.755507097415585,-6.517235884198325,8.401144656155644,-3.164414258864979,7.566587596947737,-5.020395737579358,6.340405911637233,-5.245492794720368,6.6397956897893415,-5.533882565743856,5.740189883498613,0.32920057581023493,0.17361560663796724,579.7319340291076,665.9846706472978,3169.266482704848,1253.4921832276618
-RgMCwptj3k,-RgMCwptj3k.wav,253.53080057671545,118.04605852236398,-11.567918326949398,43.989090719734016,-25.655959433805297,26.71693025917439,-6.078322391502229,18.49437129509085,-15.820630694954419,13.082533659016187,-14.494220237676615,11.84723954119741,-11.20870866045035,10.224057405119432,-7.543534812022118,8.840529319514841,-9.950626957853801,8.467785786664674,-8.668299596108943,7.146736472810787,-7.115694118023057,6.477061598547375,-9.47060430168005,7.139314107348999,-3.5113669886074983,6.013828049152648,0.30734399022767,0.2013649314089372,423.16297628839334,449.6250084941053,2814.651002891243,1375.9495480941293
FCrFpk9YqLI,FCrFpk9YqLI.wav,289.23668739568177,61.42730663487898,-5.093715679863892,40.515499025788394,-9.02356746727018,22.2077195938148,6.656704750393618,16.58279582396734,-6.036318688699612,12.009542520053296,-5.241508836093075,9.857087918094269,-15.098510540900932,10.605359308090165,-5.4602224840973275,8.397688601149667,-6.983110037600168,7.46987599181945,-7.202596591834051,9.100242064471916,-2.2522074410634776,6.073398804863708,-5.801595346518508,6.85500733934393,-6.886668983952887,6.867658960774286,0.2786982904908183,0.17805433516565142,427.4795602001486,523.8489515430264,2815.261826201946,1197.0252054211312
altQuGQpA3U,altQuGQpA3U.wav,269.88211263280846,68.91079671883199,-6.292563115703056,42.418842241501245,-19.684266634738098,25.295675255588154,-7.517447099148839,17.800837979154835,-8.37447206380634,15.04494233032517,-15.24175898839658,14.151327776707165,-13.750725167181681,11.188008048920368,-12.728500447843844,8.9984895529202,-10.775196135164867,8.38777331163694,-0.043345114546752724,9.616809682437628,-7.835905320334526,7.871986942882978,-6.045750581462001,7.807230171448255,-6.613033097488987,6.8395386451966775,0.26266281321866425,0.20749776966381797,458.92167185628966,421.94258065560575,2734.882136833967,1442.485497722584
g_joEan60yw,g_joEan60yw.wav,263.93226496337616,99.73910174693353,-25.07232704922877,41.69133574738878,-5.4961011460142695,26.742185468652906,0.946239009979425,23.47329413022886,-9.384519152786904,14.66733541369877,-11.669049273668776,14.088323753465062,-7.208398792750793,12.661158749261519,-7.194159870202634,10.928802437539453,-5.7057372372957085,10.08827557776384,-2.8268940922031662,9.85964766300599,-7.622054793363935,8.177449646229206,-5.417775844654748,7.550443646275553,-6.057118242772561,7.039274345609186,0.35779455148287387,0.19209509407331699,646.7853287374421,934.2149534916445,3377.012394695842,1264.0435650456184
1TmbgWl-VjU,1TmbgWl-VjU.wav,272.9143093591649,91.60916947072171,-20.623163023634977,39.250550048150885,-19.769995250092002,28.40006599619253,-13.01698787923101,21.394013967425906,-14.379996947147022,13.913314950808006,-17.67650994954783,14.168759669840666,-9.891338952158828,12.739380767999588,-10.73357200296464,9.872432286355327,-5.665734279598821,10.473046074525422,-4.8297280727823635,8.550296127072903,-3.1782786438554664,8.44805215393883,-5.540682896262731,7.95904825644757,-2.5083319763883947,7.762971587778944,0.2923460679209128,0.19646629014505806,592.5297668630781,687.0996332643621,3058.367516324806,1317.5239216608263
9tQPo-18jC8,9tQPo-18jC8.wav,298.9279867397059,63.30731757295866,-11.25752934648426,34.964203931709726,-23.19034071004739,20.47966065646498,-1.1839496932148612,18.04664802624619,-14.843819644572216,12.108656199167704,-10.331621611603689,11.725886431293866,-13.539750980996642,10.009169264159858,-7.3453981587520785,8.54913215426113,-5.654844375347448,8.678297197750009,-6.517579117970433,7.488579862253806,-6.602757840661948,6.322711188856257,-5.395548410082874,5.889072638908925,-8.62681386370028,5.56260472119234,0.3100522880806076,0.15621447211012746,508.4664433730005,495.03233065382835,2878.239945313556,1045.9406604660667
FlZnDwQRqOo,FlZnDwQRqOo.wav,138.91332055583428,400.29052573632214,-9.903830917214464,45.90990260154095,-16.83704151390812,22.910790243528787,7.1252435808030645,18.6995598252531,-11.965758800542083,15.576417351826857,-7.058003462943935,12.708914961016443,-3.0322730405790503,9.738679375064457,-9.133115082476841,9.810170607711292,-3.6142446525285337,9.066374531810723,-3.592569906619791,7.55746163894469,-4.008747817936587,6.803522874152924,-3.792947978484445,6.7252924089882615,-8.233522574410749,9.194200302103825,0.26422774037340024,0.1760797485443702,527.8833959573177,600.728794155903,2643.9072816750145,1458.0139660116872
kXXECqaIMkI,kXXECqaIMkI.wav,338.38112705182664,45.12482846626743,-30.201432356077763,34.04766203432546,-26.424729721363626,23.199796090922764,4.416151627376384,18.311936138096623,-21.967734237630822,13.116371913668004,-17.08579111971072,12.26079988517265,-12.582543935836638,10.95330424561787,-16.87642821217707,9.965504738030935,-1.9413420109881485,7.93511462624666,-7.610523389016852,8.14978142408656,-4.071637739531243,7.122921052568557,-5.919075453492089,7.26892061178835,-8.17223956837682,6.520821786397423,0.37683850925732226,0.13649900341220736,967.0219455517407,684.312612903646,3254.339266913609,972.0636356263257
WCnqWo3rKmg,WCnqWo3rKmg.wav,260.92087108409584,96.63861444428,-10.05094269979543,43.631972637546156,-14.132724177426452,24.902251023517763,-6.843442571658145,16.896787986596678,-11.382163267570089,13.435149549301558,-11.568570782394358,12.576687012995594,-11.01575105757734,9.150737190859788,-6.17159265308992,9.165502251010997,-7.289586848303449,9.846848259609889,-4.884059654448896,7.272642077707506,-5.187777195112763,7.423844912306152,-5.492578449547839,7.022903027697186,-6.032939991107998,6.52276998344625,0.31041276913814403,0.2031087412533644,426.44265004297375,467.0463033410727,2947.2093681293773,1358.3680743362536
1E4rBf6oNvM,1E4rBf6oNvM.wav,255.02948930814327,98.59580623944231,-10.479737583216409,43.404541962314426,-22.711425062437197,27.685290295059577,-9.043911288123763,16.602482082579645,-22.371251439620252,14.98363738601253,-12.543286995095336,14.733181326348406,-11.881084686872647,11.029611525131136,-7.536861338516351,9.295458976106666,-6.764824746431053,8.375475958654206,-7.484710412861678,7.8120353779462555,-6.309468480877403,7.769344293432312,-5.505210998837133,7.565978966460928,-4.689705623160621,6.508517283781166,0.2903363738238185,0.19045553814983177,448.531341026023,451.85067450393177,2819.7267185112864,1290.3281425371783
BycgXuZFhnk,BycgXuZFhnk.wav,260.15920232717605,116.03713312245186,-12.482987016101776,48.113068497795375,-28.98818189669536,24.34437100957545,0.46085646078338693,21.452442615956965,-18.785467693274388,21.61466142281747,1.201090621924961,12.843468528942855,-15.687450058552585,12.492859423326003,-7.99518792272654,11.07934028660385,-5.964078878775552,9.145487537086682,-10.688239106411542,9.352101312934568,-9.006882379963852,7.7632513162002255,-8.379394838186293,7.721044550588927,-3.1514489225743407,6.031379593315126,0.2903648984057609,0.1618878725467219,551.1447055842676,599.0324881175306,2809.368311732065,1198.2681515169859
qgjsfamIeWU,qgjsfamIeWU.wav,290.6248938945771,76.14102967851606,-14.75939152526834,44.6234784288358,-10.656143656799639,22.89857723314447,2.4265630915631715,16.975277089969925,-9.825617001743545,15.753584954532505,-12.483019981741675,13.894220703462933,-5.664200250628671,10.783372293481465,-7.00729908737334,9.281229759893268,-11.321600383719348,9.9699812895868,-2.1304823985765466,7.817474319924545,-8.76877215574752,7.432346792328318,-2.1064209237049814,7.259607930844708,-7.319785471676342,7.100310729438708,0.3092404725047914,0.1847535788234863,582.2654338171056,654.8590139908483,3028.6060685830507,1261.5590276379135
bA9xGDsQADo,bA9xGDsQADo.wav,272.4066266993384,82.12605557483379,-11.051661474613447,36.95633484918963,-16.410129507613377,20.615301691714386,-3.165443936811399,17.82063739567529,-12.913812029524387,11.360440686042905,-15.72149790076736,10.9509192613025,-9.948830734662566,8.886692508624872,-6.967907216993127,7.584593022417172,-7.075211130351481,7.0927430871539645,-5.242697949081791,6.781932241485838,-6.647644897833562,5.93230168882223,-7.11350350404264,5.219720435657422,-6.136756429679079,5.444327756174511,0.30561487105068375,0.1736873038946774,465.00019809139525,548.8479057693279,2956.26990112222,1172.3829546946788
t7W5SAXIcH8,t7W5SAXIcH8.wav,274.9775375826853,118.47275067015171,1.8072669113274478,31.24942154361853,-12.469771796545334,24.083178260896304,5.321726258956395,18.095759876861717,-8.086005262832188,13.530978443301617,-16.100410330761676,14.043181092129853,-0.138930873759809,11.419057598833232,-10.306603399482261,11.317280528922815,-7.092832840403354,9.335132364836467,2.472473000351704,8.442449219386972,-10.165221690624374,8.66271778400263,-1.636700360581202,7.461318669553776,-5.926720331217437,6.53825482770439,0.27658014872881675,0.14668168642659066,463.36832640476865,562.3552670172618,2712.070664802703,1025.6704994793572
umhBo4U6XEI,umhBo4U6XEI.wav,320.7924561969007,67.89210094127635,-5.982084690846746,30.417739297231076,-13.562635356769697,19.360251546736787,-9.178060671891545,15.190982892050819,-10.204647628247063,9.245780352535197,-15.706759980160022,10.533782721144437,-12.067385965271118,7.530427105140414,-7.946228336001918,8.009875254906023,-7.332067355495068,7.409946658090516,2.577658325578589,7.5735640543525395,-1.739616434608704,6.034751960119389,-5.329157864026045,6.412398772374002,-3.236882156130669,5.975650743217188,0.30779477038745695,0.18985438288611395,559.4113178476806,480.34694134380027,2997.401341951333,1233.4261884867324
X0bKCMgAUOg,X0bKCMgAUOg.wav,271.8774964319668,74.19821669401198,-4.673839263261456,35.77419853573466,-18.190919084279983,23.844522602951116,-3.413401222081346,16.940159581004345,-15.668767001908565,14.519392078074562,-11.424334366836257,11.562202211966785,-12.638954781493092,10.760532988942584,-9.930644969181719,8.479145664959947,-5.316365672384646,7.974232702856521,-7.351957677618558,7.76168835109321,-5.413912811024763,7.082324639459167,-7.215068200981735,6.16442552760429,-4.313574161502607,5.285884081130537,0.2917124981643088,0.19500502490079777,410.38968589945375,431.29996250220944,2843.7648601438,1269.1401422891352
6MPxJ6hQgpI,6MPxJ6hQgpI.wav,292.1590220481189,74.04253296129106,-14.554954723302151,36.345388849869046,-27.8865534908842,20.922884162811478,3.294252995721448,17.42752113161129,-9.798141550523004,11.713306570393677,-18.264709742179804,13.395489604431289,-6.712756439116068,9.5182099317254,-12.824123274270205,8.904338475839683,-7.237355522828803,8.020469997169569,-3.2309096713430354,6.867428510963267,-8.278624986069481,6.370069344618586,-5.4948632204550965,7.040784834717996,-6.506497071403338,6.063701218973096,0.3336041221379567,0.15469184927041965,545.496032930649,535.739529729694,3002.4406715218515,1071.3202953973935
AXsaszuE3Hs,AXsaszuE3Hs.wav,265.5240857136384,100.36256240850162,-18.349659156132947,34.1132637712924,-15.593025544347544,23.6433887867779,6.357863655387503,15.373342600855512,-11.108129839432248,12.627425361109825,-8.395077829917422,12.540161725197134,-6.971983475649752,10.429560561279136,-10.163758595779015,9.43953413228895,-5.532371565553084,8.61739534889712,-0.24903836358532425,7.385518876901207,-4.74423795905528,6.34995796723138,-0.6174105193809252,6.387965236942979,-7.782194200555082,6.512169562772758,0.3315397607731704,0.13023059262471418,566.918338744554,781.6846796625764,3113.5883875618842,879.6144017530868
HDqo9qUtTAk,HDqo9qUtTAk.wav,281.7489321507584,72.98006685124552,-24.305909798737893,22.944527076839734,-13.360364564714933,22.543329787098738,0.31406849908156587,14.877236237614905,-17.07250336074744,16.29280205405529,-8.538557908452518,11.862327469486257,-5.246038962331698,10.167971219607885,-2.2153541533963503,8.50487411362124,-0.5891108997835325,7.371735461394311,-3.453535083564306,7.194200722848558,-2.037006774804049,6.689793786770227,-2.8415598805589553,6.374513119085278,-0.6896419375529395,5.906797394869199,0.36280161562679764,0.1736691849551141,531.5766787962118,704.9759225748895,3383.5271802376524,1010.9504871325151
tLviVhp5hxk,tLviVhp5hxk.wav,283.3210561487635,84.1093010696665,-8.531490852487755,45.54133001153274,-12.932170025181644,24.5609993311726,6.808506596571522,19.502968502209725,-12.998111006077941,17.110360887372853,-10.137410425880633,17.228827074325984,2.364865952821758,11.578950230170301,-10.875561888198323,14.574968804502515,1.3083707222153436,10.656271906430952,-2.544215746999057,9.558223870671572,-3.063490757246033,8.110317150901652,-1.451051573126639,7.282821475458609,-5.224974105757408,7.3980994223711285,0.28812250122834815,0.18106709962118803,594.9464070593659,600.7159511180598,2941.171287178738,1238.370310037345
1Zhgp51IJhI,1Zhgp51IJhI.wav,267.2308165306571,84.75167190681057,-20.28107651508424,41.52873048805521,-17.15353433947166,25.61352833359667,2.4888674998799614,18.544069860977658,-8.507698413965503,13.88452618489753,-12.756397001228253,12.764385274284907,-9.333788767703291,11.646835252847014,-7.062405155692815,10.405226904134832,-2.4865132535192362,9.549605317762863,-8.727150446431235,8.878240201044534,-6.274248373853254,6.73189420164564,-1.949131823087665,6.89782825788421,-9.365074468905414,7.60529423338172,0.34733153955121915,0.18287171599363858,530.6091978084074,712.5918364198735,3201.884632184402,1265.2931208447742
_LYjh9tICbE,_LYjh9tICbE.wav,325.13122403970357,52.247393048203726,-29.829450618462648,30.204338168349093,-27.773901128812813,13.75923464247018,-4.477101059709415,12.225372364848576,-14.773024644185746,9.90448274569489,-13.990763451007679,10.137197759978674,-16.180893846006136,9.217594064515797,-7.714183290176956,7.784002847192563,-10.08674894533022,7.640470404466268,-4.995433758408318,6.515457693935793,-7.924284946143663,6.080776022756461,-5.632524263628393,5.512909911063813,-4.898649985601945,5.509242496508758,0.3581936769634931,0.11806221894865525,652.0051793187542,574.1290084165032,3201.0835310120096,779.5516978358229
LiZYXA7qjNo,LiZYXA7qjNo.wav,260.31503130458884,110.04349020146772,-13.383036881922513,50.09009308721765,-17.35208591424651,22.37621626482735,-7.219514665300553,16.74511042957671,-10.527327259422757,12.172896491164575,-12.532038214392134,12.173017519393662,-8.503945785942287,9.778652051466237,-9.942365023824829,9.893215801719863,-9.061716664530604,8.601709895119157,-8.875083336844838,7.9152907650066595,-5.596974378036153,6.63624549064266,-8.26114844680091,7.756141084442446,-3.170238448406226,5.699219361876437,0.3133253054511278,0.20257762511964097,504.91056480363494,503.3894791622426,3050.245486077104,1368.1417190937157
F60F3wAPUWo,F60F3wAPUWo.wav,258.84998677422533,85.71881358411255,-12.978282192198147,39.73094232883248,-13.518742137884486,18.944550216111082,-0.7581290947208956,15.765164741994042,-8.004352064442424,12.107967800777887,-12.590479507130109,11.43834134293204,-11.00809983175109,8.630815913764678,-8.419420249974047,8.312869595798057,-7.646428669462079,7.854972110187917,-4.211625609845372,6.643752432810716,-6.767056440577491,5.769497090551217,-4.9289337110256035,5.712909872564434,-9.050363719497124,6.003416702028401,0.3244049131518852,0.18002319353078666,378.9066032114904,458.1665420847768,3055.6748024742315,1181.4645366157135
nLg4ZvFRpJw,nLg4ZvFRpJw.wav,297.78463695618177,61.52824628729062,-20.323197641158483,31.69273068025422,-9.38071845771936,18.636633466033,-0.19534479924891915,13.743856299103927,-7.652478254600098,10.856794950620522,-11.268187338994943,11.421632594319687,-12.65258118490687,10.09257745951875,-5.918518503824964,9.12300690914005,-6.021920705765322,8.228942917784236,-3.037887383651988,7.65898901235863,-7.61153821493649,6.395237188915037,-3.407631492544686,5.864588881133574,-6.791567591385589,6.313028171874227,0.34551630201818584,0.15420701546851376,447.2283255047073,496.3994082806565,3273.348375101205,959.8716458107428
dfCHPKSjKG0,dfCHPKSjKG0.wav,134.986308951378,397.8835993307932,-9.041167556712505,48.72618542087113,-15.743516695213334,23.84120212191886,8.933568811422024,18.437175046772538,-11.914533740867943,16.028032670290024,-7.190121254727907,13.120787961402497,-1.9817312262563505,9.97317181330288,-9.768454126687999,10.441800358688328,-3.3828133733780517,8.555880656195688,-3.9208041305996253,8.037075733390928,-4.071753460187372,6.911858627268091,-3.0530711946429747,6.529941746995736,-7.36045689444991,8.730098186186732,0.26411795462482224,0.17370939195641327,525.9901611489939,597.0014638381963,2652.1982365077897,1464.2992568436705
YLx3Ryv9THw,YLx3Ryv9THw.wav,276.4014824910692,68.90408036652286,3.5491541679756478,31.680850399206573,-12.279904579643052,18.891226723116947,8.570978897137246,13.347709895261579,-10.023298671052945,12.17578292996935,-3.637165009290441,10.857649614090688,-5.770568544631296,9.249333492863865,-2.6372580255675726,8.948012729838181,-3.2510530989152597,7.235022369242466,0.37536258058711497,6.97700460498676,-6.960650994892972,6.029589210088126,-2.176992257141174,6.694468250418639,-6.865112220487965,6.012697256265692,0.28055178149264326,0.15497580738612765,321.90791815639255,362.30611649446877,2638.6347157715577,982.6391416333586
1Jid5LoQMIU,1Jid5LoQMIU.wav,282.7973460556851,68.14081310004393,-9.33271667461081,36.23338621867398,-20.250113256282223,18.818634831381022,-6.915948581540051,16.09059247803519,-7.038186105890777,10.373575591969978,-16.435688598797157,12.74275975583755,-12.924746676267562,10.106460597502977,-10.51027345091663,7.96142807656731,-5.825550028175544,7.917127208889191,-0.9551515121678957,6.9399414014031215,-9.393749371153442,7.2432675908122155,-4.627441746443276,5.751554668029335,-5.137364257398851,5.64544929023289,0.3013488746853252,0.18857914447116414,403.21808833289873,377.0840398043311,2905.269904182232,1208.7588705819696
1XFjUG3nTPA,1XFjUG3nTPA.wav,291.25510490148486,75.84547951351725,-26.59589117265491,32.0172697468983,-16.204511408660938,17.290904404541454,-10.643394159164046,13.286379095847273,-11.282374797396521,10.986841399725764,-11.470754537140827,10.795366163029202,-7.640778483123929,8.75853844534096,-7.8203189406409015,8.621256066205822,-4.031814322631214,7.102039173397541,-5.988317609406093,7.688030871067452,-4.977999569000541,5.744504188859197,-7.371211252549332,5.847853696018264,-5.016024048453019,5.37661336806596,0.3959855757749438,0.1752865327401137,456.7048038547455,565.3580273553787,3527.8776796739653,1060.0734428314831
bGsbGXQ4RNI,bGsbGXQ4RNI.wav,257.2718367916619,126.55178396547245,-13.178927768826023,39.28817451578397,-6.729779817576899,23.31431246620752,-3.089301065325612,22.759741805655374,-13.814904552345322,15.589599708670645,-11.789539218663217,14.204693976519719,-13.822863327186399,12.887375643162803,-9.108169194154337,10.609976028872321,-8.128883815751204,10.190239101038799,-4.399952286900577,9.341571676768083,-6.875259444217271,6.997496439864863,-3.182608185454993,6.880646721424871,-7.418056003726152,7.186437150611904,0.2790019680221322,0.17248101934821033,468.19957110942255,472.0751406117635,2973.500683622803,1185.4849643838452
URSVWzOVZ3k,URSVWzOVZ3k.wav,287.70409635087725,56.90660714761265,-0.48637456750601693,33.778061355967694,-18.17559830735627,32.546897975807376,6.693900692155159,21.45247780652587,-10.240118419998765,16.63799915455864,-0.29742386937221627,13.52956182909623,-4.8003883866609,12.313702699245495,-4.45454859535234,10.30048830271256,-1.4048633637932424,10.244849736756027,-2.984673167679524,8.480291636654343,0.11560447301328848,7.999868957601832,-0.5814010624152371,6.744618418776335,-0.41899877221954146,6.33396797547694,0.2729109985301935,0.17525624110131818,596.9527728467149,735.3109702498854,2731.088155359124,1215.8317854727843
iOTCsXd38Ng,iOTCsXd38Ng.wav,264.01512197717045,152.92364465525102,-20.764152962350387,36.532160365297536,-19.13947156180573,23.825733614320573,-5.312197450317931,16.145593855024245,-20.113156483224152,17.167961300533214,-10.511611954461134,11.184400941704643,-10.81375134568106,10.204517578556997,-10.807205060328034,8.7412376355362,-6.93517874369025,7.232372551841985,-9.095042301871837,7.395098472740558,-6.1075300145566,7.437590619451194,-7.719961100067261,6.839200020219415,-3.0789616916520726,6.388163564453334,0.3386773694724921,0.1909464718483112,530.5146796732121,633.503129935363,3145.8854383219514,1235.2320117389645
Hn1szUVbi-E,Hn1szUVbi-E.wav,289.3212916988345,75.57836754559946,-10.917567547156976,35.64224831944932,-19.258339687049244,18.430683412522253,-1.205591688860995,13.997929231570044,-9.50907679289678,10.817422987926117,-12.989340462622991,10.957575666462084,-9.979715388547044,8.75269599570524,-13.300037782679864,8.30167219808161,-4.666630754726004,7.9109719195244885,-5.488773193914837,7.100478600585005,-5.465866083338712,6.048875861050525,-5.954932825444714,6.3631002474787755,-8.669990481040829,5.589396292607024,0.3000543694473242,0.15899591587778317,441.99217884798895,406.8636729760848,2922.6508174196388,1050.605355932324
C8Iwvgj7Xwk,C8Iwvgj7Xwk.wav,258.4244099971278,87.9095487143797,-22.766870548165386,32.04589680073211,-13.778602488636157,20.74119090751525,-4.6495871967339015,14.664251892830464,-14.504342535583316,12.07262194886805,-17.193926715434845,12.045297128491018,-8.110393618210109,9.05565976303469,-11.623551335834287,8.755333319924304,-7.8186534242482955,7.669634417020694,-7.731064040399205,6.517658324709564,-6.7674478235197055,6.16434831277463,-5.0876036627483145,6.007811662324437,-6.659468738434284,5.717053805726178,0.3611313797856103,0.1957706480652402,404.06522120418475,451.3124611015729,3340.668480818186,1176.689702517167
GZBPCwx7glk,GZBPCwx7glk.wav,262.1460935072183,80.52484698643421,-18.76323645451524,40.27372558942675,-28.849172628317277,24.078345347476656,0.34836894497686766,19.477777658298262,-18.1671353528381,12.467934239230702,-19.824796194228146,12.40236335690417,-14.197874367060553,9.869436125677938,-9.893172430357781,8.365062206639971,-7.651316893176342,8.394006283294374,-7.100940544892243,8.109944605863937,-7.223650647109522,8.495501234192119,-4.997420551448109,7.236029355574996,-5.75832656925166,7.7851830053339475,0.3057710088311601,0.18671422709554214,484.4400549085727,514.7461812647106,2871.239140099829,1228.5054378242269
24TB8YdfGUA,24TB8YdfGUA.wav,206.29040140462502,290.52712639608626,-10.926695865075194,51.45185389848704,-14.160191018339356,25.82279248064357,1.7766706535489094,19.411053159412475,-3.9694985773315636,14.59206657128285,-8.067903921533023,16.163877569902894,-6.050347513324306,10.139791283064056,-3.147118971669169,10.772052719979717,-8.070089690142577,11.426607043666026,-0.630551015976948,8.343340519740437,-4.588065621701335,8.671467202922356,-5.379041439186697,7.941895665125758,-3.5267826179141926,6.988099375608098,0.2778631205239842,0.16881066930400035,538.4008321597385,542.1224280287723,2769.7632522880017,1376.0330714460415
YYZB62DQilA,YYZB62DQilA.wav,288.59131204052494,69.69672980755857,-11.645915161373319,34.41513629558308,-38.96155781266481,17.61449242092816,-10.753164966339266,15.178688819077706,-20.679639205927685,11.415079968593144,-14.065814850140036,13.26157056640011,-14.52613223522525,10.79627989328266,-5.153916209778421,9.554283967172156,-6.199718569824787,9.900812250417395,-3.305564318989687,7.117371793906674,-5.1664731217565185,7.219929116105853,-4.949495399580409,7.284072373369057,-5.696547654346732,6.73141682498914,0.2404219466501926,0.12206668408935506,534.1161242060462,472.98993220987614,2476.103234576303,866.6582107368828
xCUN-gfnoBc,xCUN-gfnoBc.wav,267.2484488495745,76.20088510641125,-8.002205590805245,29.19989826150825,-20.268261395018833,24.919751230785252,-9.810755416549155,16.613254722100184,-15.213943099474466,12.936836395542278,-18.10152260396412,14.414672251806877,-9.217597920872352,10.14000297528295,-8.405325304448128,8.944111847338766,-6.111737392291786,7.678932189560647,-6.191701149869647,6.989350966664692,-4.522725647955438,6.343363444837535,-5.845776822537592,6.096708267316301,-3.355767673499458,6.279724600960368,0.2881854909283868,0.18869147663530206,464.02031049866156,536.4744489853765,2844.249410978717,1200.398880620898
1RavRMnS6cU,1RavRMnS6cU.wav,284.1153493084106,74.47992633019082,-14.019442292315935,43.50276199834302,-12.454201600837704,21.20886201584662,3.142556373442401,13.792732213249838,-9.401526084072792,15.036634330582821,-5.97918410484207,12.507193119606892,-5.212083477389941,9.29713178466043,-6.435413254032083,9.787671871771224,-3.2818380365696767,7.640877531751694,-5.383886854837417,7.579328504959808,-7.058491323220493,7.001866961982949,-4.992882764468811,7.095930156551053,-8.186644948106167,8.049578326201253,0.327547384085213,0.16935180389054968,566.2636377400667,642.55153708184,3072.985136986008,1176.9945305631534
KtsB-Z_gUB4,KtsB-Z_gUB4.wav,306.0128855629431,72.10674161275254,-27.361195120733356,40.63794874673231,-11.567792795961672,23.859802783643712,4.604567404742588,17.10872502477736,-23.524382959141352,16.681923549794167,-11.129080792151141,13.27529792631152,-17.055231531623008,12.0753114666166,-13.077115644712258,10.229193922627681,-3.4893690522339775,8.05496301195325,-8.31263230208871,8.338282723163935,-4.220525373336063,7.104481993969214,-8.223289058295506,7.18858480747366,-5.652274102684033,6.652751673633018,0.34939692026649577,0.1569271117037494,719.6584750686978,717.720962746063,3296.4537840254643,1039.9779667166895
1rYBqs737W0,1rYBqs737W0.wav,285.96845891823904,70.09296720319131,-35.72031156352935,29.846305394280236,-30.293597204814844,21.668647775411664,-9.462297696283624,13.466123848176686,-14.504953309331274,12.052249870536528,-8.473811415735522,11.41013238091636,-10.118639918008968,9.295854966234218,-16.871821989746913,8.01731697142833,-6.599401021589271,8.763281302772755,-11.31749412769075,7.3810661996086635,-6.157667498604123,6.970018025063845,-4.444981240592851,6.609687916629435,-0.8880545080846604,6.563587842509273,0.3725450288006481,0.17304500774454823,604.0357934197953,772.0784204511045,3400.251705755828,1068.349506249773
hGdUMCZAnYg,hGdUMCZAnYg.wav,242.34058163500836,110.0166599431563,-22.32819255049255,34.60859914817994,-20.038899331761918,22.87673145886075,-0.010583471129746452,15.506116561683301,-17.585630177364834,14.543162316881965,-15.818131351113392,12.810663606082652,-11.553870510138015,9.688722209387354,-7.5282658715190784,10.440042869241042,-1.5679083570975543,7.522121454898559,-7.949673376337098,7.668283369845279,-7.318825600034446,7.768923420480483,-12.390921350576217,7.093658425159633,-6.511627664863384,6.000061400579702,0.34610049341314947,0.1871624286251553,462.25585129710106,666.6232690044403,3217.9364359744413,1132.2927837321126
c99L5f-B9zM,c99L5f-B9zM.wav,262.9923009089345,77.45606795102712,-11.287328951825636,43.976476457197585,-4.19433873176731,23.817982505580236,5.367160505755939,17.955792056751307,-8.224229662635876,13.683277618379703,-8.6397780992162,12.736964301822532,-5.748653137751526,10.786282209159829,-8.11487294029408,8.908463554848591,-7.188101761931293,8.796256844293751,-6.972071858243769,7.473446109095007,-5.8069190138290665,7.341131696813029,-2.7491876430475934,7.195812117061282,-5.417806961820112,7.132311991541359,0.29696406690343863,0.17745154348000333,402.97013163465147,657.3353126696222,2983.0212041955456,1218.2723715561626
MIN4fPWhLJ4,MIN4fPWhLJ4.wav,256.25073665319206,149.75744258822647,1.218619144936856,27.661948424377012,-22.472673221637606,20.901241140370942,-8.697119194480857,14.851636255323415,-14.223669224408221,13.098927991753747,-10.763505710039649,11.655667451790302,-8.736289333853724,9.704976276280512,-5.574943368347184,7.978578450987217,-6.09718551385068,8.165201356923943,-5.389378940442399,7.212052990251692,-5.155022320759813,6.913511953136544,-5.798511419935764,7.13524585657274,-4.087577312663281,7.184023909282014,0.26114522686931596,0.16201039100770376,404.2696306637098,511.28197793622127,2556.3247803350296,1021.4407025083793
Fxx1hMMWCEI,Fxx1hMMWCEI.wav,275.4509579387922,77.19220848620873,-21.38859753680569,38.03282145716496,-26.707324856584098,22.80507932564423,-3.46222151378184,13.898957830068621,-13.869897151938698,12.444635934633855,-11.209086359957292,12.805435875100663,-6.312381375885275,9.981208144643908,-5.920219409170884,9.342329760706185,1.1433842379040866,8.069916730858182,-0.35515922893381613,7.15918964801943,-5.961174735384262,6.569806608666543,-2.3671658907857043,6.3410725713449425,-8.445263535794734,7.104697047217766,0.3377926231953566,0.17222815889532306,498.4177189333685,648.46010664332,3113.649265384096,1147.9160214693877
vzDaaHfTIcw,vzDaaHfTIcw.wav,301.6701775444852,64.8200415216934,-24.29019814963862,36.79749257985219,-25.5309730596757,21.77446703553601,-10.528265169147462,15.255589959510228,-9.150269681317617,10.19540806384399,-16.129251368937155,12.266939867228327,-9.53853752793286,9.829503469465596,-9.014482213526357,9.320689065957138,-8.814079432027293,8.206029863207227,-4.08224318224988,7.278352123987945,-7.067865425255968,6.63623683670226,-3.6130913598735597,6.380924212029244,-6.287340497478071,6.034235796593447,0.35266507965526833,0.17635270991531848,670.3547572655528,710.9752539585553,3223.278974692884,1166.6760600930425
26yS9raVdBY,26yS9raVdBY.wav,257.218538194072,105.6163563821717,-17.137722279542334,44.28646289642541,-10.6038618692641,27.180075170564624,4.380634894428421,17.781093100360373,-12.681050540574446,14.466311240654953,-10.181211934004686,13.013188833252974,-7.714094968562598,10.9845902163861,-9.043053112348401,12.175064601234778,0.06387523865173163,10.25359878776949,-9.036848722501112,9.774923228284752,-3.293355596408137,7.301689313785698,-4.528659630285819,7.03434241668604,-6.956536921959075,6.172010056659878,0.3296097060142003,0.1825077938242169,583.6649371551165,767.7043405157269,3170.985657249687,1231.1298633118874
tpAG2eZZGxo,tpAG2eZZGxo.wav,262.35942907937545,191.43507984642196,-6.827933757490899,27.525841091291145,-26.251474966925095,19.443076483724777,-11.481927624855347,16.038366290067977,-13.373012774677012,11.224133867124536,-15.040289092759874,11.699691520663555,-10.944630232087295,8.629610320605169,-7.995266777399034,7.572928517445478,-6.133569754122023,6.976630730266994,-5.978195837960217,7.201587215655749,-5.78577780326905,6.338834479175988,-6.685955590180653,5.946307968669199,-5.015393892717862,5.802628104544786,0.26671250426169263,0.1629902294669445,433.7313516340216,446.94303771904686,2684.145438086518,1094.5189510150944
9j-Gx0ALrrY,9j-Gx0ALrrY.wav,290.652640334151,63.217850594168866,1.9580786298740038,33.64507133174852,-25.078737593716223,20.965052917039124,-11.87169916626516,14.614247508147752,-17.586895192668166,13.193324172348754,-19.223465303815534,12.594540472223292,-8.207346491404921,9.114096603976614,-8.867668160309973,8.80876288620391,-7.499474887633612,8.128974438002905,-8.292183041551072,7.680462892341194,-4.546367938424129,7.078768454081747,-9.06032701155352,8.369639309691877,0.0030038703086216886,6.365697727639897,0.25336155940518146,0.17138005984137772,452.46861373680645,378.40748380984684,2579.528487464553,1146.0894793747343
oDOwxwTzSVE,oDOwxwTzSVE.wav,266.5140367771246,85.40071796794889,-18.037076034847637,47.33954274787862,-12.789117536857345,29.412526804771108,0.00816567497310912,21.07556968791197,-13.019180441300309,16.1681870764236,-14.308648410474243,15.385153653670107,-11.659697355622914,12.232929880843956,-4.062968687325543,10.73795948852026,-11.42250715441641,10.299357001283653,-3.7741627145982553,9.554202234956655,-5.434965694041707,7.329193978419462,-4.94673640000852,8.03576919476995,-1.8274772183501653,6.35482146193952,0.302686527407445,0.1883210061288534,652.8427516976882,765.976101255726,2987.0970818814967,1306.7195842084134
Zf2UTGOKHKw,Zf2UTGOKHKw.wav,268.36214601330414,106.87530767324525,-6.367695588153045,36.02267701922299,-12.378918802159667,18.57712470357911,-6.242979260050694,15.715763564562783,-12.329606625355694,11.363650925909726,-13.492094463867087,10.576698589681682,-11.58531271102164,8.820118537246785,-8.591554516908717,8.37226247284182,-6.911242347412954,7.597942436692911,-5.198119139994306,6.580716797185158,-6.077674086678193,5.643550089769456,-6.441921928363361,5.571862980957964,-7.137107413286462,5.224536722644957,0.2997708729794168,0.19247558847552576,346.08775910290785,342.83181893461074,2898.7515068559014,1255.420158828567
XrxX1dC167c,XrxX1dC167c.wav,266.5232766925902,102.30768007209451,-15.718976209188934,34.38245224632395,-12.19354220872882,27.22493000633428,2.991459660034971,21.899193869059737,-7.298827107499104,14.028648022280121,-11.554926384605581,14.873707498601954,-4.340621755584275,13.60001792801746,-7.862730955363838,11.506578687059354,-2.310179269937839,10.260195174664435,-4.663124774359468,10.027987115329777,-7.056728219585411,8.316282916198755,-0.5866975182351682,7.598222615266212,-5.618684618605464,7.166021902348769,0.3319370692683811,0.18249620116020587,580.9826741610254,709.1218453924073,3199.808951095516,1207.706324457466
eJUFdB_TN0U,eJUFdB_TN0U.wav,271.08854057349885,72.84162215552085,-11.89601442930277,28.880900967575222,-23.83722803145553,22.96094332247831,-3.0756496087676966,16.136439345187775,-27.345884428636143,14.17940239996591,-10.437387664848078,12.186925243433096,-12.514732553288454,9.90084718455193,-10.237807226785964,8.404003640822411,-5.48006599984891,9.091001380587725,-9.199280767223664,7.8139713888083,-4.73539433471035,8.071682280745849,-6.817129119858026,6.539305636095806,-3.6522014217937784,6.665589012470079,0.28371830266972936,0.1673822920457519,416.58124925601226,412.3205968251208,2832.4473114436832,1037.8420148500197
E9C2el_mCdI,E9C2el_mCdI.wav,258.2134432130287,109.08397462015517,-24.11135497901397,39.62305402638899,-3.0283531199451508,25.010965294482194,0.041549300598812094,22.36479143150902,-11.550928502727468,15.568280061839012,-12.015018768443278,13.189541931797992,-6.269224634703853,11.956084996252457,-8.563170429945739,10.980567084580482,-5.197187400813077,9.828832351804092,-2.6664117353626966,9.163634207734674,-7.558365181751377,8.058605088308914,-4.727013328352341,7.406818051069742,-6.004439872697983,7.1306832228141985,0.3591194555228188,0.1853432829116679,664.7640850948904,1039.0492420742007,3416.4720865370223,1197.7584064461241
AJCRcBx3Xpk,AJCRcBx3Xpk.wav,301.8902954405577,60.18731286948606,-23.654846301225593,33.3010526448463,-31.001737419940923,16.684848448219594,-6.295691829209552,15.03660137236282,-11.846660977979461,11.54826055997762,-12.018434179824467,11.601976136093878,-15.582152761407924,8.300175306706432,-9.096019038966624,8.365055483124872,-8.546765307348874,8.360876020302607,-6.509935537061099,6.753396144971269,-6.545329413464173,6.214836818011357,-5.443133533714788,5.904423733168545,-0.567993966395469,5.45815758062064,0.31066132978337063,0.15457969928172455,590.3543026618561,625.8336641426508,2962.743259359512,988.8921674775152
OPAR6BxroPQ,OPAR6BxroPQ.wav,296.2351046265297,57.060179585623246,-3.4563413240411194,39.497943136093674,-10.512419632386337,22.044083793757626,4.810428664984423,16.947635052213094,-9.205823207705617,14.20467129190826,-4.169114089123199,9.766795130314865,-14.102079186180257,10.641827396550314,-4.296448227698479,8.86264332747387,-7.225505783799638,7.73118923434705,-7.476976059325988,9.521388914418845,-2.0517392265460974,6.725893426950084,-6.148695647425936,7.162100247917859,-7.407552715224888,6.987793814420552,0.2778992390357557,0.17281324068565893,462.1378924338501,530.7673158217161,2789.1250814769246,1161.4678864804528
vkHuZY-x5DA,vkHuZY-x5DA.wav,250.99129036846023,107.04584163526506,-40.81543358915959,34.47398060557026,-17.46097691997237,23.950333642652673,-15.947218475591788,15.321335663331048,-17.056920979950924,11.767998639279925,-10.763443967967053,11.986279223611103,-8.434646210679158,9.926945964961313,-9.646495410749244,8.417491641079415,-8.302631570442259,8.339789728935987,-7.76325283888382,6.970819060984615,-3.912392728644596,6.8979960749937135,-6.401603760287361,6.730864242888301,-3.554955284645592,6.088552290025235,0.4033488536111811,0.20913665734355466,564.520866436607,724.8210266422423,3702.3033297165807,1239.0875640562022
d2-0S67JIeQ,d2-0S67JIeQ.wav,236.15748916215932,98.08418289152054,-1.8823770217840798,53.20007462482584,-17.78150528929619,31.470438230453762,-0.023322324513972717,19.39571222414543,0.7964832029461162,15.046778456200755,-13.098217830673581,15.31994943384106,-9.374607125091313,12.109073290886537,-10.641183686900781,10.548536370037766,-10.458548944967406,9.563655860273943,0.16385040764885014,8.994333399070245,-3.8470912297974493,7.894394381037344,-6.433658906902365,8.153881435193744,-3.832358423684315,7.708686855785172,0.29440474027416064,0.20656954688154747,437.20717088146466,530.8116221440878,2761.3343427417285,1479.459509462354
C0--BgWlBc8,C0--BgWlBc8.wav,243.0953211703024,132.59964687040858,-24.55848038174593,38.38857222121996,-12.346875414394152,21.052137964106354,-13.884504937731903,17.990249280526594,-14.12198480682997,13.061007526392158,-9.431685565671565,10.95797431798271,-14.149822191806544,11.55162929497645,-7.235935747579043,8.658050081565056,-7.272350336522995,9.522136503138883,-4.431943161627724,8.68756156023355,-5.400902099454181,7.108221455305405,-3.8835872519464,6.381909092971653,-6.758386403899383,6.879230961449368,0.33492191790758646,0.1643615765861507,459.488043495882,511.70000351891514,3286.886802669485,1025.8469826456585
-CaVomZLHUs,-CaVomZLHUs.wav,285.3044667377155,66.7599315247844,1.0283197641319228,33.689403243577566,-10.960566895837703,22.538130546661847,13.58742506763929,15.211214766474681,-10.266569391245074,15.896728635965216,-4.580919785066073,11.249176696793572,-3.7938275355692963,9.850267628420765,-5.34803780137726,10.330713402668689,0.6456633051937395,7.336453094119232,-2.8908015179872715,9.868137026096123,-1.4032543675714866,5.990062023921295,-3.3065320357682366,6.155628554284746,-5.708786618789028,7.121208085306158,0.28167060543636513,0.15679971106035934,374.282727780754,402.49426491784294,2812.37699261486,1052.8913804671793
toOmcq33IPg,toOmcq33IPg.wav,155.70986769298995,370.00182181475316,-16.13520672843766,50.719595603565566,-28.214892641540146,32.90720249422607,-2.270211631465301,18.110248496418517,-18.692627327665182,18.764059266611426,-6.132944049955131,14.87120008775999,-11.719776655760072,13.475825479279942,-5.243246883944818,10.742870195271788,-7.864871274777796,9.512157273241648,-8.30286979378927,9.122353601223303,-2.3115085444678334,8.454554664407357,-10.035177874956783,9.011846020099087,-0.5219783993563479,8.027986338102568,0.2698725081381615,0.20465301330619115,639.0165620974481,717.2698287291124,2706.595936009732,1612.5796265033237
pCDO1wHY9H8,pCDO1wHY9H8.wav,265.676426535499,90.03328692856346,-28.854848459268933,36.33970451357563,-25.173852992086672,23.939983182220928,0.49614196510713243,20.774285459978707,-12.79643530287161,14.752532505949427,-11.054372982371374,13.157280770558929,-15.319201907454264,11.698502386571555,-14.787039102948274,9.929125108771101,-8.733947837632847,9.5414439699534,-13.742539714610967,8.273827169671412,-7.755402675885587,7.762171165924445,-4.764744085527227,6.6661223926565505,-3.7744052508319736,6.402044809809935,0.3604704575068819,0.18236756942156856,600.5937639610704,667.556158836447,3245.764079061103,1165.9986826529073
9tPDGc1-ilw,9tPDGc1-ilw.wav,272.41999215731033,47.38715914884985,-7.999219528911835,36.501631602830884,-9.190210140000396,21.864004776472164,-8.595402007185385,16.96481099815813,-16.604931677333028,12.810874917471907,-13.225095696098798,10.559966580504687,-7.317726328336771,8.733951962833364,-12.594517685263542,7.986478848356058,-6.142370706482339,7.7018598517754135,-9.370174679203261,6.690987437822602,-8.596422593061607,6.4234384971367415,-8.184610652713214,5.802869463648483,-3.6683629330792487,5.763039147883583,0.2891528885318049,0.22636991714148452,356.0669909654384,323.8054373821665,2929.4382383496895,1400.052913431452
wb1PFvMZD6c,wb1PFvMZD6c.wav,204.72604400922455,300.5778329080977,-21.272468438764808,39.82626447630417,-18.52107003638345,21.288951366308346,-3.815672392563724,14.739866734091876,-11.001843954670363,14.287882198253545,-16.921754955019534,15.224505541705659,-8.70705903757231,11.054539868507074,-9.33677512946734,8.988337724864978,-5.451468884341484,8.427744420022636,-5.79398507617166,7.541769503310838,-3.5755105975164927,7.118470342904071,-6.54914700108909,7.653868663696692,-5.51362700772872,6.434978800926642,0.31002887982503535,0.17353795442719108,606.0115818854393,747.9541434591019,3000.8860278866455,1333.2553146354965
kRyEGJM_WDE,kRyEGJM_WDE.wav,212.3447881478611,289.45370131410806,-15.262773551983637,51.91070836209754,-1.5424027003211134,24.43887018175612,4.2279533629732455,19.600359953560456,-8.549930468247744,14.57611660829757,-12.547687563744125,13.576600633681993,-13.8046561614473,10.623154587143574,-8.598902688791062,9.792008812800551,-10.481476586329553,9.257090825279976,-5.236517568643047,8.298058703106998,-9.517686594180997,8.351667804294538,-5.05549857220051,6.620039289755855,-7.21569474471114,7.421876629057393,0.2928090480488626,0.21633932009441642,501.1117046203187,547.9057459400813,2924.4983052015264,1576.1341703868693
SbZfCQWdIDk,SbZfCQWdIDk.wav,298.51268595480195,69.65134836738149,-25.134714607169773,32.51465050494408,-8.247848313534336,26.511538102123243,-0.008422782706832678,16.96065935787103,-12.568830746845334,16.61317067079268,-9.967893211490646,12.244598315562378,-7.684779679275478,9.611498031500975,-5.487967981228357,10.208301456060878,-0.6895882822724867,7.682765046664578,-1.5290895224533767,7.703283743412479,-0.9906488425187692,6.493211789955783,-2.8057383620477547,6.811649558793462,-1.3403215353985412,5.73743701889771,0.37322971520561704,0.196210499077112,769.889744806535,1007.4198301559234,3526.7095441096185,1223.404189892153
_iaTDradBy8,_iaTDradBy8.wav,248.82580344263584,113.0132376750165,-6.262292947935636,48.543653365524015,-18.170109383476422,21.833645443020384,-7.776823201517306,15.796193695127698,-9.81586758958929,11.383548022584035,-12.722482180824986,12.055624010434258,-8.840054794395462,9.335289193051553,-10.22876262994828,9.183801205056723,-9.269671314078622,8.993747752155032,-9.935547549498041,8.432602703381027,-5.376716654497974,6.749663631831284,-8.757374538063281,7.963712015918988,-2.7000592008607773,5.646119868841078,0.28934604027369465,0.19144965524945687,448.10434645584473,460.92462522126874,2882.29789309663,1314.0442873712875
nIYFaYrTY-c,nIYFaYrTY-c.wav,285.30456621500434,67.61561508381946,-23.63295108972506,36.332942672383346,-17.49627023150933,17.891474736614146,-2.5582657681268373,14.405497406092119,-12.539553281047661,10.80539569935484,-13.226605633698167,11.318415993018561,-10.793080390879652,9.329141600010013,-13.688920898548357,8.299432535298243,-6.727314756477425,7.6894015327634735,-5.40974137623598,6.786216985703829,-7.759494878376865,5.9859789660950815,-5.483802082568193,5.9401596804629335,-6.368124752352006,5.749306932897851,0.3433032266200091,0.16155246856461228,403.0427880808644,397.13005883816425,3223.9391162720603,1037.1950328499695
PffIZqU8sWk,PffIZqU8sWk.wav,255.0956911184728,86.45199239461036,-14.959114085125794,39.47797771400562,-14.733740395685793,24.765314412528706,-13.978443791155346,17.61922620801524,-13.844990085473093,14.01451239222348,-16.313019601785598,12.670907365205425,-7.504238570648553,10.608852451042788,-10.8024809668122,9.62522440143094,-6.412906675739275,8.186778804792246,-8.157866717649386,8.128336654303476,-8.572888830573023,7.595940615201867,-6.1901465728223295,7.506846427782895,-5.366330112165763,7.306201477916018,0.3114429442287719,0.22676528296593437,404.5573019519323,421.505050451556,3080.7874042391663,1439.5310288008698
6rrubMzPLY8,6rrubMzPLY8.wav,254.96362521317704,107.81080903119752,-24.19179851808577,40.0977285800932,-8.774866034194247,26.739123213677264,2.166285450139543,17.871937180748407,-12.160109963474337,14.826515547621392,-10.556390788005949,13.211761198189873,-6.666989182058264,11.357360250825085,-6.94654709850911,11.318809030711535,-2.6543618336736943,9.188156523428269,-7.628715197313883,9.129232573720477,-3.6247558483641416,6.955482818932567,-4.502453703066298,7.362709350021348,-6.198778805416183,6.038242521290571,0.35196749653888315,0.18635263081051934,618.1851195636773,897.3936430436443,3369.882433241519,1196.7314478316769
j8CHpeQXSSs,j8CHpeQXSSs.wav,243.5457095359757,74.93956894615775,0.7135340121933509,43.96385335202581,0.20730397385938693,20.55301458015114,2.073752904019521,15.100474648789172,-6.70760033692256,11.169212182969314,-5.946135211356659,11.02141120392827,-12.768136023914064,9.820349184363522,-6.0187216924569045,7.49851086789826,-10.399409532662569,8.055249229519944,-6.969055262075473,7.230734305194312,-6.1315639167513405,6.113875353669941,-3.72359406202225,6.244994363246909,-6.878036789711055,5.87068686955765,0.25582214225717015,0.1873724455326064,284.36091505725693,365.75883915956723,2661.7767715587424,1294.2500225677234
4SvBJvGAbA4,4SvBJvGAbA4.wav,306.0043467006227,57.21323613639325,-10.575265016623101,30.853335927976747,-11.168241563540729,19.36784168884229,-3.2796229818957165,15.779754707099857,-3.8958807187480384,10.703150083410396,-15.943226630505768,11.379092769412287,-13.695446597669257,9.266054454186156,-10.81958756750137,7.709161972142415,-11.218037262513505,8.473651712680445,-3.4490528133596436,6.846379066843437,-5.801299158045824,6.314370815633393,-5.629487234812215,6.625982671671426,-6.544722986719727,5.789505936848128,0.30238013885398757,0.17461985254798185,471.3465949906725,478.24352955434136,3042.0228504155716,1111.9987883013443
ffLJbu1aNco,ffLJbu1aNco.wav,322.00933220143486,59.33177587723957,-14.406373586766776,38.46417128338793,-5.131735140069752,20.096207255293063,-1.1172183131558517,15.450358785985713,-5.5861201287306095,10.916904273255593,-5.615135178444433,11.365088918242147,-3.325116800501294,8.916590520697792,-1.5782586723650878,8.367572238259173,-6.679229822630779,8.878016617928942,0.8386080306957817,6.665360401094906,-5.819866733857135,7.007747384402389,-1.478605148171131,5.938958674025471,-4.10127727905751,5.867549476522864,0.3405779862475308,0.18448946970397778,768.552037288636,1027.6267443615218,3250.617039999787,1208.3215011122852
GjtqcYOtxhA,GjtqcYOtxhA.wav,284.1669192877748,75.23474941260187,-12.110250170825672,31.67718348587584,-19.410118835588424,23.086921064286678,-6.371226882761238,15.90968714112013,-16.49404174741297,14.143377369483419,-16.131491443858668,12.565277511702758,-10.19333136578015,10.12302302352426,-9.725667552473183,9.701308566459021,-4.759052660582407,8.771280960190218,-7.959713384669685,7.524281251721815,-4.770824764479693,7.220577325182242,-6.403815597324472,6.975821411094233,-7.342283961073564,6.7579334945909775,0.30479184023832967,0.17860688692481372,489.0211443987018,591.2958303655115,2984.009218495526,1140.1361893620435
Zyw_amifsxE,Zyw_amifsxE.wav,266.44286197746794,73.40183217973895,-14.691290465159613,40.35916703224417,-9.730345243406203,24.018788147006582,-1.4468426591927288,15.965775543456436,-17.434270131555582,14.114583877456827,-12.514811500007948,11.808392748737925,-5.572795237972008,9.681905006307806,-7.388032261322604,9.000594994451228,-5.888763617543267,7.82442844470357,-5.388761291824995,7.485255675300987,-8.377839655044408,6.6762724063700025,-7.508778783847789,7.167137039158921,-3.1338828834397576,5.532234057855718,0.336073794016916,0.20532817575549595,394.9327961390455,404.4038916302661,3107.982980680537,1319.4700083165894
pLZeYJtGHc4,pLZeYJtGHc4.wav,254.53479811413504,111.68266567123486,-9.853067020649144,50.014960851990175,-18.416470031098388,22.371863525887814,-7.52758926863727,16.490049121065674,-10.381616244804558,12.254211493238307,-11.979996507570217,11.49461947620761,-9.296406046963808,9.420116521219182,-9.841755243932163,9.444943360211914,-9.03404280361556,8.717732627994845,-9.536596784974769,8.284420782957945,-5.049261078444832,6.549025232675676,-8.690603587295309,8.086885554852712,-2.9085222221179383,5.851250545056997,0.3006507270374757,0.19947157255126238,486.90638113245643,491.5211991801778,2955.806089342982,1360.0905848359318
qbcD-pxil5g,qbcD-pxil5g.wav,292.9019321216722,63.88503529641661,-16.301518306452618,36.6876035934708,-17.893869718197735,24.439019879794238,-5.445142663039015,18.8150309427267,-10.473501306932471,13.607683029755629,-15.238189236568655,12.284875281223126,-12.46266067899259,10.13812656137123,-8.354658440843927,8.941114026130544,-5.274288085168257,9.321421446714618,-12.263085893203282,8.389502751641464,-4.874714645766755,7.2192646037982815,-8.56184032485074,7.606220604205774,-5.980491649093392,6.380453281919913,0.30269560516991845,0.18713955111531289,527.2753573884066,490.37355497389353,3031.882265452802,1236.7836409308436
Z0DMbZ9LOhM,Z0DMbZ9LOhM.wav,268.55581939785344,76.18450717090525,-28.177843600978548,36.94120638155477,-22.04622000731194,20.490381689845073,-15.098141604886948,16.787958626545645,-10.774571266834744,11.336021346944447,-14.582709801920998,11.771668147565554,-11.774087008493371,10.788976481446968,-9.555302284579467,9.395464299944587,-6.524566813877387,9.891467310047611,-4.025027266108324,8.867483119790249,-8.904120865913743,7.535475356408665,-5.139683439329493,7.440974989862631,-6.666240523645541,6.803205923636367,0.34089031892521043,0.18811190867929883,527.3468549427585,604.8876891507144,3249.4389864699338,1204.479255224122
ppic8eyHirs,ppic8eyHirs.wav,270.89690204689583,78.40338097595153,-4.242087397827749,39.52319567769462,2.4762891980354684,20.205596736077645,0.07950058339474557,20.18762828300802,3.9303378083142513,14.575755482740538,-6.472782015785739,15.500655915475107,-4.450006583353322,11.370378261396635,-4.8301657251972125,10.989553578066872,-5.783761780372716,10.621470637713607,-0.5974074517621561,8.755253278420982,-4.063185424895638,7.008521677079263,0.45391112492447966,6.241608608098177,-4.366569450198998,6.640902983716377,0.2682970131809829,0.17886214517922658,416.290185121422,502.28085001614056,2984.680315842997,1154.1930046263544
Au90Zy4Zya8,Au90Zy4Zya8.wav,285.52832996940805,69.66929824048123,-23.67764991917717,40.557205319349016,-1.6694413497677223,17.98224998411268,6.094381276940339,16.552170486638023,-11.562594756630197,12.354320358285559,-10.443845248283612,12.279089792908643,-10.746516391810703,10.236913743956315,-7.515882857826098,10.409463498838903,-5.398316007721999,9.538833711400777,-5.100070578434483,7.8403359221273305,-4.752595822059607,7.023329410532065,-1.4981946055919928,6.597733785777487,-9.141610043217389,7.922481801334284,0.3549693972070443,0.17233939845430896,443.62952550268676,452.3581627179168,3358.575563969745,1082.8209328425196
Q-EDeUBNqRw,Q-EDeUBNqRw.wav,270.1832229506022,74.35901109109953,-2.8828852183507427,42.440294601744725,-17.983393384132377,31.640980377341048,-2.8294421582923412,19.933056335976097,-12.228025916423427,15.350603666292493,-13.255078949423302,12.44117005331001,-12.804520766212645,12.494678799261989,-11.06682029583807,10.216687015277266,-3.6682676662319063,10.655899084686297,-5.599381689537426,9.457167239696497,-1.9850077457727033,8.021331336475447,-5.176255699771178,7.40928392521164,-7.056079337745215,6.653461835957324,0.2912752035213934,0.19916546488302975,529.204165939867,634.5521399321439,2813.42011585185,1367.471479755655
xesXSrkLLNk,xesXSrkLLNk.wav,266.35746612036576,92.9661346426974,-14.389729977477552,36.0770952631846,-18.045434679535965,18.627221129965218,-2.4843608789095284,17.431634171357825,-14.192110804473016,12.801264767268334,-12.213578643483553,10.910121251816214,-10.190741374921696,9.492197658232943,-6.617082194739876,8.344733927234811,-7.106035040867586,8.45912303740814,-2.8456722149009477,6.702240574412689,-7.305204423394974,6.437140764910691,-2.6882945149235757,5.9287808015275685,-7.398840196579218,6.043142049941082,0.3289891483019707,0.15098692895609322,413.63477182048393,463.19679750028854,2993.4138934627094,1033.385266766423
5yzIbgURnZA,5yzIbgURnZA.wav,291.2887734485871,57.22723102706945,-8.292798054884821,32.1087107483002,-14.053512146362156,14.530238760559564,-4.926790210171407,13.432994277534547,-24.061819781090804,12.876548056947314,-6.752161459873061,8.914912349597442,-17.63442923636747,8.45620055118979,-7.1528017309081555,7.6211895737341,-9.501748056583477,7.159742688090257,-4.963002707677315,6.35820498320399,-9.34121308080531,6.519262381327846,-6.785838983736108,5.511989328073221,-0.7567515524792509,5.343064787359917,0.31091783878405255,0.16851579231722727,374.3682560389988,381.25053503617806,2882.207864939942,995.9256673435148
x7kCPs1LwbY,x7kCPs1LwbY.wav,247.0371561331124,85.42419935366699,-7.868116555285208,42.32761607740529,-6.410379234657096,17.532421187733977,-5.822514627614596,14.18181606903775,-7.087155255688715,10.302312309281408,-12.215613416678078,9.918214469150929,-12.492955606314142,9.66882691279081,-7.423145831830769,7.1451733575329035,-7.446611927661537,7.896598643138082,-5.478556469695772,7.055341469835245,-4.52318592858846,5.405655128297539,-5.293203432366567,5.7981057299939645,-6.958144242233137,5.498748858566454,0.30037948720912055,0.18190574654219388,322.3482458558652,397.8627777408303,2964.5998194222675,1208.6323280302424
2q7gvnY1RrI,2q7gvnY1RrI.wav,306.7355638934514,66.45571062464943,-33.82111407150461,27.08911365445715,-28.213755899264598,20.574737348886103,-1.5114539441847366,16.994760954868482,-10.611804193557399,12.686774816169757,-7.146895088915856,11.59734816654665,-6.804229537170633,9.564813846327734,-3.950198064071321,8.330017595810169,-7.267976751249397,8.518473442209089,-4.787412686385711,6.752586416418719,-5.036933458906803,6.775691813006973,-3.194435847818107,6.404310268275569,-1.1357487854839783,6.077365042525634,0.3661251177051273,0.1496755266794838,801.8643343957278,900.2952233794636,3314.3432173468123,948.6065337375361
fY-KEDw9nJM,fY-KEDw9nJM.wav,292.94878303048347,60.624896065303034,-13.760922044168241,26.888469796810142,-2.7943232419079282,15.006543671235866,-0.15908763663138947,12.174981156832242,-5.178183100051357,8.788432906033849,-6.765700594081004,9.601751660168972,-9.041836169539632,8.179659412049414,-6.064270307460413,7.219753726782508,-6.560188449587726,7.484407275493969,-3.374258478128339,5.273490782200174,-5.3916030385223195,5.740994820117051,-3.3448931939634376,5.363167273932465,-3.407066673609966,4.509283833541238,0.3548890196068573,0.16109445194451671,378.3752005876958,515.7055412530854,3308.6204470645084,948.6121284883004
6lDe9XenH1Y,6lDe9XenH1Y.wav,269.4583223365369,78.27379759892737,-1.328867573452324,42.06429755764078,-15.77849210456395,19.433520091236982,-2.083156610143594,16.501281743485553,-16.232358533446337,11.303738055621547,-10.623624283241698,10.935150745272763,-12.289581928438697,9.350668016621116,-11.100225549900896,8.036385067290587,-8.986518199759693,6.491190406015865,-6.496143254843192,7.920452049215865,-6.578026918033682,5.43984278351568,-5.500736903908725,5.360365085650081,-6.743292427117346,5.600503083431081,0.27659821721097316,0.18210360998403002,372.00633932369794,351.7281391025595,2688.1545503913994,1235.853977433937
rkjaQhOMWC0,rkjaQhOMWC0.wav,270.3527656128065,112.67526468642299,-16.9116849389633,38.22962082761919,-24.252317991103904,28.506893852720754,-1.035092654993889,20.888920196507858,-14.117198521757286,16.43262231416505,-19.343025409286405,16.61546797136735,-3.266038103661609,11.195405655144496,-10.981679082217816,10.7638612499614,-9.84143095991105,9.986660052651803,-3.1230108434172474,8.07533995400044,-7.832003329190726,7.307621317643968,-3.6751055639137302,7.335081791874511,-5.4692284778694376,6.503928458991743,0.3332242250083112,0.19716605317259794,559.1107874995672,579.5228944922496,3072.5219971839792,1362.3866770548582
YLlODpvYI7Q,YLlODpvYI7Q.wav,232.63403957433525,78.59282409799388,18.204970787485138,33.40661714916219,-39.56361758238052,23.675200196657272,-5.681814732454578,18.408680598480217,-10.45937476938489,13.998552387801638,-25.086600069178655,12.013527425198012,-5.106372421483032,10.268950373922527,-13.473521123270402,8.122963959623007,-8.150338684431649,8.028032592410813,-3.139019224972276,7.354050369611488,-8.865350052729463,6.38641026190406,-3.985321695304835,6.227834906417013,-8.381856407906394,5.717724864371671,0.21982194291699395,0.13933449291762123,363.2225698903481,520.9146497694247,2201.438213682415,963.7587111146125
Y485vgbaZ5k,Y485vgbaZ5k.wav,275.83740844209115,77.71499372610135,-23.114120061683963,41.57914947177989,-34.65017077474862,29.299134181941294,11.562460770985167,21.040322584637142,-31.003154476162912,17.11740323563914,-9.654828588303827,10.965520164153496,-15.36263411738923,12.463523341208996,-15.029700077699562,10.479529435726846,-4.641649224620125,8.674058414192128,-11.338844361136152,7.444965661405257,-4.167823778075861,8.119544875511334,-5.57450323749315,6.6466779934355555,-3.767059570822141,6.052234390373633,0.330222908541407,0.14700254337255464,730.8987600610911,907.9195248699449,3000.3140439250865,1003.5842878642442
upTE6wk6ZfE,upTE6wk6ZfE.wav,304.3394546020131,56.69850715280776,-14.571659342243827,32.694455628536815,-26.98262779490892,22.442269347445702,-4.482622014502364,14.677045876398482,-12.660113163585848,10.880677815077286,-20.163352284266853,11.936908269110148,-10.179239234691318,9.26085432571227,-10.518510926380662,7.7989194816153935,-6.709837477073391,7.815255636428207,-1.7799542125234686,7.767438288123719,-9.712901330800781,6.81659616675928,-3.2867234672043724,6.414385715370787,-6.884379321243645,6.019698502146381,0.3057723548173127,0.1603959365120758,540.057842664281,528.5731113268696,2933.903951149678,1056.1096982779284
_lUfwFzWvK8,_lUfwFzWvK8.wav,283.636341165627,58.678399143586596,-21.022081104554136,34.39542693268743,-11.186492583451813,16.61577132000657,-8.879100421198137,14.900469908699897,-10.835484045934582,8.698660583057404,-16.50993828424056,10.40527922355034,-19.21990455949751,8.40740714438874,-13.157766838074378,7.368016299083404,-12.568959345203965,7.352592025328651,-1.6930001783148478,6.337245762491399,-1.3362336782410413,5.748939213226336,-4.4502705868856856,5.928362987792296,-2.8756272150174333,5.968305820327851,0.32978307017391206,0.19179756942042628,408.3376245330934,458.84344708798415,3248.1246072192102,1129.5379169109904
KFyX_9LEw1k,KFyX_9LEw1k.wav,252.28862659113972,102.6123687989789,-15.441778029523617,43.016122697160384,-9.419584560419128,25.83300943904432,0.9453119418613528,19.09679823303804,-12.298704645770092,15.306306157024453,-10.232145981057261,13.884462656847857,-6.700745211932779,11.784082089240448,-9.312010420828171,12.951728481260481,-1.166040502366183,9.902192585344935,-7.419262422626902,9.360355011103211,-3.485206940550556,7.469662714763084,-2.531404121871562,7.004412513544303,-7.213229166095349,6.755124998964516,0.3237495725678981,0.18346387080611576,553.7988600897868,808.481325264049,3139.3828287305214,1227.7984487267763
S8MNowQEtkY,S8MNowQEtkY.wav,186.72233051821118,328.33459085608183,-8.84592016483092,48.51389586892725,-17.726445999317807,24.327832526374518,8.125899533387463,18.588265706806027,-12.45308071171038,15.940511732005877,-6.407896792804983,12.917973890071746,-2.52920158905456,9.837762861696053,-10.156451424614348,10.040915037956443,-3.5579893265397438,9.127639241690094,-3.7098981212457294,7.58255416600077,-4.213747334695522,7.23730432114358,-4.1402995965683775,6.8994283157861425,-8.645230973350087,8.993917452112852,0.27340866545986986,0.16801650304046897,532.4779961690926,562.9606430757912,2720.2133701010803,1365.5031156503003
LjBaPxutpQo,LjBaPxutpQo.wav,241.9692963778344,106.45546819428601,-18.86336491298183,47.92156933460668,-3.5102199954025206,26.455944451977555,3.6784526385741607,18.7437087361338,-6.217629304323449,15.010974058465877,-11.660293251832345,14.50435416491751,-13.223395227777106,12.062952391217799,-6.330446189048654,8.754416215446748,-11.905897664337937,10.013479557565631,-6.250101773256805,8.40547033073557,-7.777622643110961,6.60167290081722,-3.5913371903916897,6.446004501907466,-6.0116239674476,5.916248349815971,0.3444327189803614,0.20847457377065803,526.2567482916193,737.9138455418479,3186.6106474567155,1391.3864932842578
FvuTe8nL6OE,FvuTe8nL6OE.wav,234.9581029729855,117.44571577084655,-7.801228923728012,36.041170576768494,-17.080157310844616,22.428475176648963,-7.744275451822782,14.305457031778674,-7.219803036884911,11.518576424446781,-10.382305372151682,10.345719079320704,-11.828777422881565,9.2797788396492,-6.599721543660377,7.09734763844121,-8.696435712234637,7.768603264714044,-6.63622020743417,6.614201107570102,-5.3105238356540685,5.648369198375397,-6.197185048128477,5.635574264401205,-4.404242962138158,5.448785048193775,0.2990052676470556,0.16690175461407847,375.8206518033588,484.85291484220323,2930.1468349899033,1109.9927026610944
n1xXeGokRXA,n1xXeGokRXA.wav,305.7042336915263,43.69123085260264,-1.4763923069966325,32.501792874783185,-20.091613787661053,16.392599672046167,-10.630558250273472,14.620198549056619,-10.774389157865887,10.830892950146467,-10.800740979803175,10.805720760081734,-6.650566103841066,8.714070263566397,-8.116463559201037,7.9990289152569245,-5.336923129452341,7.56362263527406,-7.481896218664166,7.441527652557361,-5.060368380820398,6.694538427151979,-2.939171209583331,6.010401370430415,-4.865069845687592,6.422653999904651,0.2564752612602001,0.13946335967792137,431.6468893985306,394.9791047877214,2634.4505431968564,951.6420839893984
kboEN23qLsw,kboEN23qLsw.wav,276.316189444266,61.01111273253889,-13.273199320348288,29.150980283360376,-17.83871640246356,22.40404448271056,-16.258810724498083,13.679694868367212,-25.4451266129308,16.492270664883137,-9.913425273931406,12.552810255752657,-11.894112544669877,10.577826215312498,-0.15095589246310845,8.584583761876686,-6.473690731088998,8.153956678325798,-7.322898785969519,6.369246646500745,-3.8949760571107745,7.4266114665816945,-7.036880083777854,7.070712530109991,-5.3392956866474695,6.039708670039144,0.3040698336750968,0.20257346282654476,438.81895728929936,547.6165449880697,3058.544703312533,1255.2769984230822
uqWh9Qt6Wc4,uqWh9Qt6Wc4.wav,305.6118131959867,127.81477868419952,-34.179263125700814,32.06691628847345,-20.35614996730678,15.993220896708682,-4.142424630112478,13.962097062272491,-14.76274333298848,9.86412918965156,-11.022684194183096,10.445914874666888,-10.729811877015633,8.595205560954689,-10.452256161375065,6.793601852583376,-8.330485571927266,7.050244784309535,-8.611713044772104,6.173286512292634,-7.144414445754697,5.594728002227958,-7.005834308286544,5.721857843642916,-5.759337649260208,4.821649804950884,0.38080567334669285,0.12707299575809985,749.8039841798684,1076.8160682556954,3401.0609285908454,871.6178649944959
oJ0Nec57-08,oJ0Nec57-08.wav,313.66503181408825,58.45334863382743,-21.045898833606348,25.20054237952001,-28.257679661542845,19.925216527177128,-12.824339967870008,14.01112812065804,-14.719697203095414,10.564018834656808,-13.204905845695533,10.909675030694691,-11.363419264953121,8.462173575531315,-7.925634015108245,7.208037214431881,-6.501696836136747,8.055039581935633,-3.3074644211641604,6.906718268549251,-7.703152014975775,6.04095867670895,-5.176510717103362,5.73820498785178,-5.183431635457353,5.512763435407982,0.29787682348405375,0.1306291694318665,522.090059469,468.7980836217686,2993.139857845601,823.4059098570112
QokG5Vlkt8M,QokG5Vlkt8M.wav,270.803072448842,68.73604254998867,15.871638614926583,40.0057805939728,-0.5972956470128368,32.055796622856164,7.268452266776056,17.994412260716164,-18.400661426431657,15.10999406504296,-15.909121331743,13.318016648172177,-8.553172069987296,13.741378765310168,-13.6814768563908,10.255692108652669,-8.63992293505197,9.607798945411426,-3.767660346677963,9.167539465996832,-11.273605383194221,7.5514279886217475,-4.090420636287535,7.615269627007739,-10.31329174863021,6.408053471147312,0.21546557494706534,0.17987097525283186,438.64583675319216,403.49223989702676,2298.5869597045707,1253.5287526471607
LJop58DzgFs,LJop58DzgFs.wav,280.7092715214887,62.34849203848442,1.7976138679139992,32.04013862381032,-15.00377624194916,17.40460245265254,13.06080920240842,15.223876943921152,-10.288076651111307,12.794986444944433,-12.051966599832395,10.893023262671313,-14.003799951226942,9.541352979305083,-1.6027172766644642,8.43132488119201,-2.9906113273831227,8.359975034734262,-4.87201864100403,7.451240275743991,-8.249656914918184,6.222992474874868,1.1677695172339877,7.271776642209176,-6.153476405438269,6.081473115331442,0.27834411056168373,0.15126842658838577,347.86081841247085,373.50528933511777,2612.681750102138,965.6707460526839
LFE5VzUlsWQ,LFE5VzUlsWQ.wav,271.6795832789331,79.92440618847257,-15.673163526567546,35.69060039162481,-26.17742948210345,18.768546787435152,-2.611326188700689,14.401014315599737,-11.58131240748895,9.310255784433485,-11.66925910297915,11.271404716257807,-8.510483089134029,8.64357458131934,-7.254949807356006,8.773879567507848,-3.3063936297224594,6.96160465776635,-4.70731226116938,7.381060204926506,-4.493503611200059,5.692652701164985,-3.9641858642457564,5.914553897389309,-5.526235626882139,5.486475817765972,0.32632751914735936,0.1463118591619636,450.0313446016087,591.3166445846007,2986.0471090106307,1007.3939992392217
E-lSH-qP8xQ,E-lSH-qP8xQ.wav,270.72212142608714,108.46794904312532,-7.912511465276161,43.88281756065702,-7.04372766675619,21.62765355618392,6.149019506791017,17.696813570699522,-0.771844206203896,12.552722806668193,-7.546634600432253,11.751599866574285,-11.359303556970456,10.54664386038183,-12.300297396060339,11.284661527353963,-2.3496594440275094,8.93075468823546,-0.22224181041630053,9.348084447602082,-6.880789370340199,7.883073545198041,0.1971393559683402,6.517547732395896,-5.0889546888354085,7.218642591401265,0.2861087456799445,0.18204676481105142,423.93907097575345,450.24642189071375,2873.2071020142434,1201.5971890515714
DgAh3a2zS8M,DgAh3a2zS8M.wav,279.6109534236051,69.164921562805,-7.258658116031655,43.40728319954753,-9.415838737251228,21.01914526550055,2.7523356175598406,16.920122087488675,-10.081774663595768,15.213603845169994,-12.594759521000872,12.287165576886375,-10.87097115092758,11.183929627467004,-7.996918010269696,9.036022787221013,-5.512776643476278,7.396760280175188,-4.837943725532017,7.772361995915589,-4.484301311071422,6.450755145111702,-4.3886951098261076,5.947496028398339,-8.35519245644804,6.342574867740749,0.2796194562418163,0.17040192131884008,422.8668060858448,412.21886321433334,2797.102972727122,1175.0144527856864
NyS9o0c_obs,NyS9o0c_obs.wav,269.6570023183071,90.21868554179903,-12.55874768283319,41.8508642150827,-10.879442591526614,26.524955484967492,4.2180740972432345,20.600421321939503,-13.398492197927151,14.502875734816769,-14.01615536743644,13.304858542058447,-8.308205682499237,11.25070016254221,-11.151435930713722,12.10988975973016,-1.6749105727282048,10.738787386695282,-8.988562653488001,9.197992870624516,-2.849369487747553,7.160859378430214,-3.7441412382937136,7.331269130279829,-8.261531770241392,6.613918379009228,0.3059751770278086,0.1794813877237095,574.097355601777,799.9607139004986,3047.8483180793737,1217.7707872023204
EnrnEtjkJBc,EnrnEtjkJBc.wav,197.1150962178264,288.9473890905024,-6.889203189906968,31.463089593692573,-23.10562540997984,19.81698279763148,-11.902012111248785,15.62110479233632,-12.44726029835535,11.770772115360796,-14.888585781874058,11.851569422281544,-7.974628126758147,8.435453039254512,-6.109704015516264,7.433192507049613,-4.844456480799559,7.505629752700791,-2.547192954423137,6.923779035421998,-4.224244881399751,6.125451216101544,-3.7001100688577937,5.999373885948251,-3.586399482695538,5.8135640436947105,0.28794381787802836,0.19421051553195326,394.6396383071549,508.66119801911833,2708.700678132155,1368.0485031865992
E3GNdA4qbt0,E3GNdA4qbt0.wav,250.25979104924156,104.63609702206818,-18.411976014374446,43.61850919236483,-9.108639227471222,26.1965993272575,0.5274111415702788,17.57915374323627,-12.953371610154433,15.628010399788296,-10.229240972911116,12.999037560350194,-6.893438634850093,11.392973347401455,-8.204757639739753,12.673791462204493,-1.3280406646284093,10.162693740399119,-7.8006873609942735,9.599388544907065,-3.073621025743437,7.303825443163725,-3.820971608679293,7.431071657601427,-7.08525309979935,6.464631947799293,0.32625976675191054,0.19023042309306934,574.3446765467279,856.1785182142683,3188.3880057762863,1251.465071638342
qpVvo3svuJc,qpVvo3svuJc.wav,296.8658883863702,81.2637239022802,-35.162730048651454,38.37666437120974,-25.228433997973628,23.41781531448942,-4.816386593654499,17.440435972165655,-22.797598412968608,16.20725541957856,-8.97708893206697,11.419564136805914,-15.678104644316216,11.939638153300656,-6.358856811353112,8.732804058705867,-12.612105404153079,10.288889869375026,-9.118057320805564,7.268124472853089,-4.944455030680575,6.713040902405351,-6.8663144844243735,6.9224054668224415,-2.569935820603155,5.825528774749096,0.37876782008785403,0.2005701095752438,672.8506907268026,518.4654746297027,3423.026656806702,1245.9896914153157
mWqArb5nEWw,mWqArb5nEWw.wav,308.7127991008444,55.24132253417622,-22.897497267424033,30.356442135310488,-23.898604669923536,19.176014018683468,-8.622423773215266,14.33313555424963,-14.066181985042183,10.10432717136843,-15.316908647108306,10.914825717908881,-9.084795645601488,9.663966443351834,-11.559205010722591,8.123522222425649,-8.205340798107075,8.418852421043521,-3.765555733733886,6.989764190968705,-10.422106468696166,6.399014281169139,-5.994904539129515,5.837015766321643,-7.618863344532114,6.18694790739019,0.33801500243594956,0.156004136954501,516.6476979837756,490.805170417252,3167.4831534830196,989.8972301186509
4qmDocN5qXM,4qmDocN5qXM.wav,256.0408943691431,73.79855847639901,-3.019620081846479,43.32571377213883,-2.9352027956268483,20.855869794256268,3.2193278808270027,14.811395192367272,-5.730358352336873,10.949984825877586,-8.582439238763143,11.690186469513892,-13.915611020924844,10.278589309785252,-5.751405867892344,7.4321234502349975,-12.606921019239218,8.851490222374595,-7.411582666136237,7.568165672070607,-6.388124287483883,5.994701793156913,-4.5171161201341805,6.064641094167779,-6.204973352995782,5.70833863143101,0.26757297389271734,0.18943271893867486,347.19546291767466,468.2684515707734,2749.767841582587,1282.7834367476662
CkX61AC8hG0,CkX61AC8hG0.wav,227.69804106225868,100.99976537750175,-12.584213037002446,40.98932306926048,-2.6203329690703776,24.706618938923622,-3.806453684167249,17.659245883400708,-15.376875389166555,14.099272079270724,-15.666031822579242,13.70106779897243,-7.72058219161417,10.605592381917736,-8.872804616951042,10.765315957395018,-6.21183993176733,8.5021943884984,-11.443482921821346,7.856421302887011,-10.90019830866549,7.482264567402893,-6.6556517452936435,6.593842342449074,-4.4653888780377455,5.435037808501118,0.33227999759354737,0.21962723291432934,413.745546504568,656.2481798730851,3155.9816017384214,1413.2570233129825
hkIo51qGOw8,hkIo51qGOw8.wav,242.3249902406709,66.64682702822134,10.133218327827896,35.843552731916716,-14.353966425103897,20.493115104651878,-31.924253326358404,15.461451490929873,-22.428896070683713,12.013597956267517,-20.68106298260394,13.664803944229645,-2.6006922083875907,9.824078977109227,-10.816171845381772,8.29129336352085,-3.128603395816281,7.689534005686678,4.151526818393843,6.810107583687245,-2.8836722597731996,6.448870538647501,-2.273231719843144,5.925649463846727,-3.274797428957384,5.197308350050886,0.24199329001464262,0.21586961186592202,346.29228747633204,353.53552901645554,2467.3434298853467,1456.8829005098562
49zF4kZYtlI,49zF4kZYtlI.wav,296.86653875011655,60.7407497746532,-15.756249464031242,34.82702058498158,-12.195452961405417,21.188759730916182,-6.2918565023948805,18.698062932935002,-17.149664446851727,12.4124715908768,-13.883573377868927,11.594932402272024,-14.173892658345544,9.54615741629164,-10.649246496960114,8.705282921692072,-9.82074495344016,9.431219942528129,-7.553885217139274,7.646670692102267,-4.236353970442843,7.52929083129919,-8.394266859541299,7.134017020060956,-1.7398898623715584,6.009007334753303,0.3022121709112072,0.18743509822150317,524.8007542257234,570.2640021418317,3104.7514841222132,1147.3651045091551
uBkbmYS5qvI,uBkbmYS5qvI.wav,281.23493420954566,83.2944483421939,-26.144639016198898,35.09334454067102,-16.44915442808151,19.375734354154783,-3.7928042297640214,16.08036619213647,-13.94905908038556,11.91234693353597,-12.360679398192525,10.942576747802327,-9.947284863725418,8.44507352321639,-9.463250861140885,8.85351222272007,-9.823558105439808,10.141440414709088,-2.8390696803067508,7.365305456652061,-8.710762614339277,7.3188689106642,-4.281562308151329,5.781172982116042,-5.504130517308419,5.6711122178938185,0.35972135748972256,0.17142164848636066,539.3163929240009,616.5368672467079,3307.638617726986,1076.6983661366546
Uyx8vYm9Og0,Uyx8vYm9Og0.wav,288.33482750120004,51.254985572046174,-6.796758914693667,39.45686027101146,-12.674637213965733,21.0874449964898,-0.6329302268224736,17.81626870206259,-10.365696834620593,11.043351930141418,-16.434707143848495,10.566866195669382,-14.079069800553013,9.677725382402393,-13.619823298948114,7.515584739683073,-5.082226458019072,6.9442789499699025,-7.255185498052533,7.475791785653027,-7.314847119895253,5.650279035566025,-4.800287485946225,5.466698115660161,-7.753442973461379,6.280024079771879,0.2938678060576813,0.1927606275547826,384.2815996022171,338.7854824721783,2885.1247361145265,1262.783592105484
TyqqohQlKLY,TyqqohQlKLY.wav,266.2978071674946,84.39019994986708,-19.288915273270458,41.453012064155644,-19.257038795366416,24.491470015941385,2.474352976029431,19.675833936003603,-8.801932365544989,13.708145090776712,-11.16320421412823,12.032411159032279,-7.830578865152291,11.620444685788868,-6.834103009173302,9.410493579639622,-3.5419705913951547,8.70496466246053,-9.802063888625328,8.97222036273361,-5.946491062938302,6.5383653486805295,-2.2841246704996623,7.0853060241148444,-9.682016292776627,7.835089646933849,0.3347080046462232,0.17560897375440157,531.5833862147133,722.8352665109439,3131.08095959341,1206.881777356402
s_k1gMUcJIs,s_k1gMUcJIs.wav,277.2262886971732,82.32832274631545,-19.080374660324345,37.00331131926318,-17.63417650821441,26.765155441446062,-7.530493085624385,22.279692062668946,-10.044961076984869,12.274403108141746,-11.443524323448802,14.401522088372529,-9.31110503663004,11.860822800132663,-10.130047360960184,10.303936548944243,-7.712482879118577,10.263780900569811,-10.920486089250755,9.266272433408641,-6.478900478568384,8.213173393321984,-5.103678926798966,7.357767633782676,-3.312721089613162,6.600253577891879,0.33823991281676763,0.19643196064901633,610.7537953101267,765.015861738729,3161.5678638520994,1319.528297301908
tum_5LyL0Q4,tum_5LyL0Q4.wav,270.0250644673694,65.42658121754111,7.6338429639068135,34.86492711486968,-37.605973826410946,28.459654792595778,-13.365910890562464,16.478486161449215,-16.55439206351627,15.162662020109835,-24.449378562163307,13.066055318648461,-6.868459801197818,10.580349268969146,-7.948454662606096,7.9715913207532605,-1.1921079431561148,8.246020251072032,-7.579131764880297,7.113993014903626,-7.521355691347025,6.845002549228763,-6.488495324636393,6.765104322744194,-3.877802191929075,6.179423343543758,0.25466135377462606,0.21201809639845418,482.12180711518914,409.8752511170032,2473.31034532543,1466.7793875048314
ZVyNC2srm5Q,ZVyNC2srm5Q.wav,297.99571710206794,55.808965615727445,-18.66918023332982,35.9305656168434,-10.221348334916781,19.936478324676937,-7.818356348337707,16.51854734707996,-12.960318687544117,11.727553837093886,-18.29087237987456,10.881254037212619,-13.393184403803932,9.817552159386032,-13.927953162319362,9.214682027377545,-6.6587567952986335,7.605382785333757,-5.011032208251939,7.613007910382422,-7.3438447360495145,6.000814059446404,-4.658362110404949,6.793652247160099,-8.500622016396015,6.067665704034462,0.33693012210260603,0.18509370721351417,493.1795044943877,558.5644127403189,3244.821511101379,1163.6485043002408
Ah2F8_JrrKo,Ah2F8_JrrKo.wav,199.20909080030532,304.0228610123932,-6.26560599136972,52.31894843214722,-16.84154681978233,25.01170937489747,0.10814223871340252,18.783064170170316,-2.781845143870463,14.023062267162711,-7.320133605193966,15.590155497090256,-6.251806226464112,10.265049021014613,-3.054802613396291,10.603397185735897,-7.867305418243005,11.451522941112113,-0.514176237209746,8.697519567747422,-3.807946953742965,8.408971298211647,-6.330396871011953,8.048988556992708,-3.9189532362470425,6.601445999124726,0.2631501075411722,0.16995458075745817,515.2420237546809,528.8746905387892,2652.9522081208056,1390.654453977849
TNPSGk-NXoM,TNPSGk-NXoM.wav,270.18335787615086,71.07564647888937,-3.509325776455091,35.6172820572551,-12.328165636011322,22.134495875995082,-15.08239413280317,17.62571160714134,-15.485358466397752,10.387140183104062,-20.991196592173697,13.400918655269008,-7.649953757979929,8.664376922938494,-10.98966000876546,8.713064014085973,-9.135058378168898,7.651713446154469,-7.207177010269565,6.433662934631409,-8.318964363168908,6.27589807019906,-6.507786182393036,6.478721551360263,-4.207905428545691,6.299681623425689,0.2597381719419883,0.20879836423025291,345.7709422041617,305.6464853335196,2799.1358547378477,1335.7283264809503
PKIYKwEyKQY,PKIYKwEyKQY.wav,274.2976374130315,66.53810255860014,-8.388652384316847,45.532998349142,-26.109662716010025,35.662776094028,0.2250122820643151,24.108498531060274,-13.088186471160432,15.314527672873343,-15.502996660185481,14.832161746843196,-4.704411699442037,13.066024257925104,-11.521276698268904,11.315468536911222,-8.51892046530821,8.949764006102201,-8.140662026591547,8.091967134413576,-8.397237738962419,7.075725755176478,-7.749929068450883,6.968280774212296,-7.629717016291673,6.077840427076988,0.3154633187025924,0.20658824009081156,709.220101454304,803.7427501737905,2909.629805651737,1478.52940187665
I71y0Vwlc8Y,I71y0Vwlc8Y.wav,275.59456186322774,70.14903594870368,-7.860030971918445,33.99804730716045,-26.978523829213373,21.040411875777032,-4.571519424061305,16.542039098891557,-22.22797044868379,14.414050748533409,-13.033778940251855,10.3524593228979,-14.092689718512805,8.721236509340446,-11.266558712172278,8.187572869521954,-3.964737626292597,7.776274448578411,-5.7313279473195395,6.86041118586735,-6.318362124222135,6.715865797841714,-4.411957785678394,6.73844975517294,-3.4006123876404994,6.520849606185766,0.27157386219171115,0.16432535400603943,422.4371983692729,414.9247602376449,2716.266103163307,1085.9056612016648
7xml4yCVBdA,7xml4yCVBdA.wav,246.441680983421,106.69026278759429,-7.3821044678992855,35.00076511358053,-9.78414999016416,26.090826329118727,-1.7713806816767341,16.259789923961183,-5.677648629261677,13.317701199343217,-13.90484722963758,15.722137836761362,-8.026781438199833,11.698766331777826,-4.513501145054333,8.690473037794126,-6.783717682562359,9.011315203287637,-3.3022148052483966,7.8421654718613265,-9.30904417904509,8.424120787851932,-9.984757300097899,9.13946642409957,-11.654361231881266,8.586551553877936,0.2822516045803934,0.18070091481859718,439.05431005099325,478.056076071024,2865.6710873612674,1209.3832016969372
_yJRFt1WQOk,_yJRFt1WQOk.wav,282.80607415832526,54.152438426977035,-11.991035872110604,35.13084644106964,-23.56061908547152,15.978206148749134,-12.590263092825671,15.029259050929905,-9.580268382380497,11.324705215976836,-14.937415321312963,9.70246665202832,-6.267897742148657,9.739493888167038,-9.412219611184941,7.3090842671253355,-8.839337593700469,7.527120013171364,-7.737112086178671,6.828746170562236,-11.410064971599729,5.682751558999644,-3.5068756180629306,5.667196181100666,-9.612630763023862,6.47440211357088,0.2939718668310561,0.16952701119339045,391.63761453638483,442.29288206745525,2920.050553955065,1151.6716793217586
Zgvs4pp82TM,Zgvs4pp82TM.wav,82.05672547197392,495.594515398479,-12.72130929170464,29.359630459903887,-15.779782711181342,19.398870876373316,-12.082191744949798,14.893396920207913,-4.4874152703821,9.485305873929295,-9.964347710606834,11.576402584894975,-8.049842735384956,9.743479687216839,-10.278503420965537,9.300642234326274,-7.330094771653982,8.190366065231345,-1.0348471046809593,6.114207416912288,-3.749149916596397,5.709497425320624,-4.622803414995512,5.886664591690819,-5.075011347335008,5.633444382575211,0.27171027468269066,0.2074277627595174,506.3895478463729,575.8511537305586,2670.432157794699,1636.9406898114482
Dp_MbiueqjI,Dp_MbiueqjI.wav,288.11790246095836,67.34854701311276,-9.172528703136948,31.422243254088237,-28.946887600921222,22.962368499054627,0.696170349318736,17.68377138354269,-13.82121740790778,14.574386046348767,-20.985381850146258,12.691607948903092,-5.9425831640578,10.004390480924112,-15.413655757755997,10.51863437788518,-7.835058477760742,7.718646252058477,-1.8754817297936481,7.706475586822016,-6.524868374650799,7.005304330541128,-6.171627205385841,6.571890891076898,-4.788261649697314,6.335197491807651,0.28887842275337855,0.14868629261151714,531.0966353326987,521.470577521319,2745.8639084266542,989.981585057246
K6SB7RTXGAQ,K6SB7RTXGAQ.wav,297.60604091311484,73.97829782423047,-27.471693852606286,35.38002382817357,-19.052830487319174,23.141998508849806,-5.985732498434988,14.450777140970636,-18.030850159709857,14.405274264173974,-11.582487166275829,12.186628541499838,-13.35117185099514,9.762279127492725,-8.832984004781085,8.648321462859546,-7.264336984056316,8.482388399530576,-9.980112793360636,7.685129605619764,-1.9719447316786047,6.877790738004477,-10.032587489186023,7.365608489438787,-7.255095813189545,5.660041145568378,0.3441117876194787,0.1863720551094561,554.8699786625078,486.5785990534583,3300.7141114291403,1118.3227464940971
FN6JIyntwR0,FN6JIyntwR0.wav,298.26793106041623,68.26247905933884,-18.48555450604831,35.357426814616,-19.05995995394927,18.524387867576394,-6.112632158077958,16.025538970023025,-7.932157102661158,11.809670909125556,-14.93384400770707,10.774266681343187,-15.684766958448108,9.660700084797076,-8.709559964535913,7.888541498596107,-8.59014181776683,7.874924047327713,-3.1144528571076915,6.854907254221454,-8.299066156370989,6.067077184761294,-7.846300378377994,5.991472860753564,-4.128538184862976,5.280954967001403,0.3314353592314118,0.15891193991046523,489.39753375407463,497.09433275510435,3123.0223710009004,1061.9880041966196
l8QqI25FBrc,l8QqI25FBrc.wav,275.0495075375022,78.73095774836084,-21.384244617963304,40.1314824608772,-14.579604283711557,21.872820028316223,-2.0697490009445376,16.856952499471937,-16.26178773073228,12.67337015894781,-13.937912582310126,12.514117668763573,-12.793220466784657,9.721679560264787,-13.781916298426419,8.602916648900345,-10.884578084063628,7.880068124169038,-10.576882815681186,7.44665715666606,-5.396076500603911,7.201077690585485,-7.819864238496803,6.368601751586252,-4.606717158061676,5.447078094674836,0.3409168578633363,0.1791245428759461,504.0751684208588,538.0550258321725,3171.2326363688817,1202.7716134760979
lRNNcBHuxP4,lRNNcBHuxP4.wav,311.83130198769817,60.959080788144824,-31.48657096746448,37.61425754336164,-11.176826844646168,21.816497560226473,-1.2549869160698344,16.138376180751848,-10.100902378641578,13.266034140470397,-10.073113539330278,13.479433952624014,-8.836166967156192,9.354900720289649,-7.6893244596910595,10.277075786641484,-7.241246583490205,7.819423266238418,-7.842579606666298,8.02488967397744,-4.5273748167142,6.940160090045799,-5.0390993145035665,6.647633463725368,-1.663423743360668,5.666138323042568,0.3759567718158224,0.18070524176238714,780.0685767975824,923.1768836169547,3520.79743240339,1108.947079457977
9lLqGTmDdQc,9lLqGTmDdQc.wav,263.795194923973,88.92564629532885,-25.270161413765475,33.092103838022894,-16.92984306552077,22.145912783715612,-12.722155795646502,16.73117241177449,-22.45988094385126,14.705434919183814,-11.352096328034603,11.169928426599691,-12.789537078000416,9.717640235115665,-7.438070700092792,8.042392793594718,-8.795961940693994,8.044947046900363,-8.369712654636038,6.650887645223707,-7.802808566000324,6.562196212760735,-6.538080989794468,6.137781869387063,-2.671605735180894,6.2556716823546274,0.3435277536244239,0.2053718409444806,474.7517589553215,498.74548232077854,3317.097023654039,1240.8092190111731
tN_6CA9nl9M,tN_6CA9nl9M.wav,289.100811263928,79.8748447497011,-25.901032385886975,41.50730649228785,-28.434869536881568,22.466616323200167,-3.4511974220259862,17.618166608938658,-19.699984845665135,12.831038705764515,-12.959404245619949,11.403952567190105,-9.988729559691164,10.825261681485575,-10.28706629736648,9.312523294071799,-2.005300751089893,9.923485519694369,-9.81063678767342,8.774736129391462,-4.938552892384364,6.603904486269244,-7.553649136602794,6.582142638304271,-8.01887857461137,6.656655500891593,0.3405334096255324,0.17593753011493496,613.5865044781901,570.9886796389145,3122.552515598271,1188.9459582851478
2XSImOsV6tw,2XSImOsV6tw.wav,295.5146639257932,65.74859523913454,0.47866441458378495,37.10296868215347,-4.401855228588373,24.08206478406152,-1.3072586002622777,16.532515436768236,-13.226697703697697,11.906629019680656,-13.834111082954966,11.975646182180807,-7.04404416227319,10.680606179206746,-10.605103407491145,10.00205959557718,-6.59268545381297,8.254924810978554,-4.39466650146035,8.356806380682572,-6.671273072690584,7.730630766758377,-3.4602488540356173,7.306730406711128,-4.329618765811335,6.743264992534257,0.2598198165723149,0.18112242436089543,465.28341705674967,464.9729752193423,2755.65208004585,1204.668737845704
t_6DCJcCq5E,t_6DCJcCq5E.wav,262.57904263900696,100.62447082537525,-26.801768478601364,44.11709358505222,0.5683193774121882,23.414762935688525,-0.5458749263030858,22.472295281981786,-10.213497875760941,16.380541454386425,-11.14720919655134,13.56244790321076,-6.661049661660925,12.078691247720213,-8.465581918148962,10.961333499843853,-5.079035909051024,9.691130239503602,-1.8952316389680743,9.269160382487756,-6.9956743404705195,7.61971159014669,-4.79961180367863,7.1634136313361925,-5.9187650939351055,6.795950953628249,0.3692580783144385,0.19664523585254098,674.5952596506434,1048.4652354125392,3507.606542814304,1248.6799718344607
4BZHlsdSwm4,4BZHlsdSwm4.wav,278.6275339981582,66.86245007092835,-22.142424444946624,29.275657067003166,-3.7766241338764575,19.606374189026816,-5.588471381279921,13.916938051994109,-5.450452141600776,12.058320326611769,-7.785912112773822,12.397528762434806,-5.105318568692685,9.942208687899155,-4.368469736635639,9.768647597435876,-2.4598515954361435,7.470252625707207,-2.7023465179865367,6.866189088080632,-0.926923826294225,6.176619510250598,-1.8198582692347345,6.233929335003233,0.25085482476102794,5.062906567045297,0.3989761192278355,0.19640198020931293,496.36579535247034,762.337376166037,3656.0894049452972,1129.3698509971184
97IwoIqBCZk,97IwoIqBCZk.wav,256.0349265506618,87.29529481952663,-9.101091392476736,31.188380146862816,-20.304310606912637,18.798606260383952,0.6185591696583785,16.732554990529348,-11.817591689014103,12.8683239147217,-16.34556116719265,11.013451503050154,-10.127509858898948,8.434315632083157,-13.849130311228524,8.892212751691497,-7.228943968200938,7.132907823360018,-6.877655487767855,7.087790729102346,-7.22517047961077,5.606153274698765,-4.675553950699341,5.668687709606725,-6.198949978951463,5.122178449967027,0.30297590548821696,0.16747261012946957,368.1368473586683,434.1271890526236,2918.489126272959,1062.705287854083
cEvRs1IKQO8,cEvRs1IKQO8.wav,318.3926015565808,49.10787613780737,-27.86159825211218,29.847836784550303,-20.163002829576,16.597156782837192,-11.53928910357337,12.630575020853119,-17.67862179501572,13.176508864836556,-3.2551219239341793,9.448743687334735,-16.549614889787776,10.880392867490409,-7.428544465684397,9.214413848978086,-3.5482967822179337,8.278995232968757,-8.066823304959742,6.999901708577468,-6.6649514526914455,5.900624644598781,-5.555566833229028,6.455396871404288,-7.7291561482487605,6.139965779152664,0.3543208846198914,0.14013479575060214,584.8984166226577,545.9892449115829,3330.565317225557,876.2424769559384
_rMeEK1uG9M,_rMeEK1uG9M.wav,216.74742758371215,282.1006846307689,-13.144164817284091,51.46030936477365,-16.928581614488216,23.45372997259109,7.720714608426341,19.342325068568847,-10.91603611662717,15.166496338975291,-9.466034448357476,13.744852179658906,-4.110464724360308,10.804369758516922,-9.737105738123104,10.0187496388793,-3.7590338206065907,9.316791825689412,-3.633131395625175,8.147657069928925,-4.356430455742326,7.029623635911497,-4.1157354840451665,7.032576994047486,-7.644572569997041,8.402688660790878,0.29368179462408966,0.17461642280288817,565.2747091544561,601.7783040280017,2847.366485467167,1383.1570267750587
Gg6wJa_PMwo,Gg6wJa_PMwo.wav,245.90454586148707,78.29025833620874,-0.9517549807712558,41.94594937989163,-1.7017124098548984,20.098122276499055,3.477478230804289,14.512826187174559,-5.350791742815659,11.04952958646631,-7.374869228577832,11.645341104438334,-12.541302626003132,9.91649751812294,-5.585918886500328,7.1524533481344035,-11.333957896137624,8.443599151318583,-7.743819019854527,7.600653695289446,-5.866390226232564,5.9322422170192715,-4.167261409751775,6.164259102778462,-6.252805281555136,5.753066985335216,0.2579212009912027,0.18236880963884666,307.6275607079036,427.9462640495477,2700.1370386637436,1235.7805917862156
VopoxAqteGY,VopoxAqteGY.wav,282.5251583672102,64.91957491480987,-25.871034286583328,33.816665701498856,-22.826512996005505,21.88580348205018,-11.6867684844771,18.16393043623128,-13.771668133102123,11.591947905185597,-17.77396543602753,13.428256760038359,-10.10466948264487,11.794127491622419,-10.602311538395204,8.53741486082052,-6.170032090410201,10.391030212169472,-9.69587425452651,8.146296887026436,-1.8448801481233694,7.660539432147197,-6.037464246159292,6.977947343791979,-5.013937247642474,7.73191935826949,0.3088276646219773,0.18668865677210084,523.8917006361734,501.76851500184387,3135.9987884308753,1169.949089998895
eZ6qfJYh8Hg,eZ6qfJYh8Hg.wav,296.78711398097994,70.74505939872276,-40.23158797995496,30.578069698419643,-22.816975263033626,17.685656412904585,-23.457444356149928,14.415931425544589,-9.946379545685401,14.082443590203637,-1.0259361713704112,10.779008391215106,-12.706496938495727,10.046920894987974,-7.450655413864801,7.762931201854535,-7.425191543922718,7.934513495187582,-6.782150037234512,6.873780791363412,-4.874049111733321,6.266660342588673,-1.0571268798766265,6.2035467984308665,-4.022980788231253,5.293662840588968,0.42614078660375443,0.1915893501070234,653.5527983532056,770.540250785973,3727.476972914806,1163.788857411905
HpJaW517Gjo,HpJaW517Gjo.wav,239.3482504494571,82.19289393791061,-1.4089049089729755,42.99805109224247,-1.8443224974623926,19.560546422740714,3.2557606695836463,15.41922793921595,-6.707925912084936,10.60887955740446,-6.458443109854482,11.3620774032259,-12.672454921218725,10.01061765767291,-5.857746020677346,7.348382382358014,-10.98765307569332,8.23849160463526,-7.575008707538038,7.662020480873959,-5.861045582265235,5.947407199732543,-3.881767306454688,6.117713127562174,-6.690819065895544,5.7157566327470954,0.25941849110737386,0.18826822737627263,277.6892299130015,351.4767121798617,2696.163302446854,1272.3296053712643
xMAnVnxChHg,xMAnVnxChHg.wav,265.3965730464619,85.31883673847022,-19.631152517483457,42.09289344047,-17.672454370966967,25.87291657515244,4.803984976077634,19.799066275364428,-8.167259199495568,13.86588346047484,-12.826703143867487,12.820428172841957,-8.98338436733603,11.52956625480166,-8.34987865520401,9.933568471305179,-3.1601273624558366,9.207916843294676,-10.121552010361494,8.887540173311569,-6.272797979637603,6.682686854603971,-1.5368365535432176,7.095181394772887,-9.757352342464133,7.7182432032325,0.3395087848885413,0.1784430253682134,550.4825122061327,725.3628820061826,3159.4610693496757,1234.7738399805357
Dc-qLbh30D0,Dc-qLbh30D0.wav,268.56633558188946,74.57972622007698,-4.089640021880245,41.786946937240884,-22.42970250706506,19.564088555079355,-1.6997160706331342,16.69121315851498,-8.745298960053155,10.767613884098264,-15.551284793273252,11.803147175203549,-11.388401258874229,8.460547782126428,-7.437480429739568,7.795202769833636,-5.849493035888278,7.717773995585108,-4.486381518845481,6.411389622339928,-6.381061752186287,5.834264057424082,-4.68198530932629,5.439993868645445,-5.442318026793653,5.1139726672095,0.2911500634608794,0.15844368517740626,388.9880873641243,427.66019710789584,2741.5520884018647,1144.175076548155
MyUm_vup0dA,MyUm_vup0dA.wav,235.9622164007393,88.63893786062123,1.0473597992190724,43.88660545098602,-2.4808583996741937,20.14758651381239,0.2133646702832181,14.43006214489359,-6.676809151369635,10.779398243096088,-6.730834056427478,11.245816554254581,-12.419158321333796,10.625314876908655,-4.775974496191898,6.978342786296915,-10.486855399404899,8.143629059523004,-6.621212290885318,6.925844305508929,-5.642168370810089,6.116298094190634,-3.976771376717057,6.4488108642475215,-5.894933955618481,5.420226063601588,0.2627198721199335,0.19168550629525502,319.15791838022125,452.16776137719665,2687.213966651519,1318.7169912006934
J6Z89Wv0wlI,J6Z89Wv0wlI.wav,267.47736381190776,75.55694755646381,-6.124318620757884,33.81577019354697,-7.07927353104456,23.225800201664086,-19.887314634091418,14.726922695782665,-13.506063511778652,10.72670852763589,-15.698199635820686,12.764165611677466,-7.1304878884477345,9.724791037858726,-8.774983045167671,10.396645819916072,-3.521743029293845,8.132437729461094,-4.302091294392638,6.792446317294025,-6.994059649296817,6.211131513836697,-4.601613635711741,6.516963536682424,-9.858158929967953,6.181743581567423,0.3061376534946577,0.2124839258067691,400.46921316968957,450.2989339433031,3120.2078756495935,1303.897291243668
CwfEXpoD7_I,CwfEXpoD7_I.wav,290.8747111532063,59.2076103294389,2.704751679353244,36.27929037273227,-25.516817575001024,21.835622859018407,-0.43817618091787225,16.29325336800912,-11.596692882681234,14.817850946219767,-17.051548401272893,13.189349565620345,-7.056938220142727,11.937648371438598,-12.11294623456483,8.852601293849878,-7.038489224790182,8.299945702371827,-2.1310619750510673,7.820121802216691,-5.6477815750347204,6.6485035619605775,-4.044368311037689,6.131499544468612,-5.0951801518787505,6.018211085202427,0.252209164654807,0.14749672142894107,448.650957324733,396.78523334239964,2504.4220540411197,1006.9785560678781
OVcZ1vyZgpY,OVcZ1vyZgpY.wav,284.5630614757905,75.28539016978492,-13.143195628772473,42.22026977024513,-12.453146071741026,20.61412018069368,3.9760199031240377,14.272673687360111,-9.897430832661364,15.098094282482965,-5.9792109366380775,12.356289093688202,-5.448952084185994,9.062753041093654,-7.051823411094391,10.048944859555517,-3.407661773437213,7.865397097573421,-5.656782225910346,7.672380033793137,-6.976846852842592,7.0073386669080975,-4.823104323795552,7.11279066506005,-8.535381662657617,8.056529269404232,0.3272757453334829,0.16702612951018836,555.4252268655612,616.7498158262049,3065.4912333085235,1163.0788098555752
0vS9SPHkdcY,0vS9SPHkdcY.wav,309.5155629301077,76.44364818866151,-32.30051908621548,28.834702283399423,-19.913126382232498,17.588496084016768,-17.681717207455602,13.271538979114311,-3.420828685871246,11.029646401847936,-9.210980466437999,10.350665835553855,-5.907388997579792,9.59842104214493,-5.825376837153274,7.614570730343162,-4.469642679833924,7.8046053777086515,-9.719411492562712,7.613696401193304,-8.202311562409816,6.132045705737498,-8.186918366728317,6.534245636217081,-10.28407633922497,5.971070443417926,0.4016166985143412,0.18493474207412827,791.2527562649364,868.4495223107715,3705.6219950582904,1101.2140602821007
5siGd7pxJCk,5siGd7pxJCk.wav,255.7778819203508,77.05057599349873,-21.35347573876224,33.38970105410701,-10.0846535881314,18.045207781457723,-8.14717846357426,13.971967689542366,-14.28335300079514,10.739833126281466,-18.106989945521498,11.866781234387297,-10.316410402199862,8.145890344360996,-10.365642568788688,7.596568887580356,-8.406759001061245,7.384496685605159,-6.122863455580904,5.847959288960356,-7.4330027866088315,5.779663383402489,-5.120419710213636,5.557649587668253,-4.381860146946903,6.054194074325593,0.32875379369652435,0.19366420301951828,339.86525250978553,380.3991215758439,3264.7506339178362,1105.9669713395594
sV-r08N3Ros,sV-r08N3Ros.wav,269.29375102458,74.50574500137077,-16.077539106026094,38.7814383983833,-16.85857106551347,22.33978602552733,-11.235311635608406,15.162167750615648,-18.08275065504831,12.860751040639556,-16.749015002606516,11.451976761638884,-11.723788039629914,9.587272428216956,-10.098704099477603,8.184072396725059,-7.818393769977578,7.553926339699165,-8.385380983835978,6.67939538470978,-7.4030758015336025,6.835983618188269,-7.284429707638413,6.05724533828698,-4.541395471243316,5.570414268479918,0.30757713708988377,0.2100447136225706,416.66422258111163,388.54649001719616,3045.840128274486,1323.0365749421999
cesx1-XaLb8,cesx1-XaLb8.wav,261.94398445057476,71.10565169316853,-6.044461745347238,40.34888258209378,-10.084909847851474,22.576916756525012,-0.8509124372838108,16.865878885010293,-18.843569738530807,10.872109257473074,-10.325334362320184,10.199286826744876,-13.704654447639532,9.788947075062358,-5.712694760767045,8.943209582081248,-5.4593349632990575,8.210422802955307,-5.857844747148898,6.906008559700842,-5.176948940073131,5.943727714512926,-4.008673565676661,6.06287589511556,-7.4476169769628155,5.531793664083681,0.2933945734671013,0.18746566150214317,343.7709517245838,366.56852077447655,2824.3696374833985,1230.892321601155
4fJMAaSJLxQ,4fJMAaSJLxQ.wav,284.91957694587455,76.18319299638654,-10.838767000628838,31.887497758296057,-30.993230432591243,20.648441123664522,-5.033250322301952,15.738833021187045,-17.41999316029848,13.55368379428366,-15.02491038759797,12.809060652853704,-11.54854528523079,9.356242225433018,-10.001891107571184,8.84006108239145,-3.961951467800427,8.065494308471909,-6.899842326618703,7.545296850557755,-5.136861582129949,6.40721488345223,-7.15206149294249,6.520676737657391,-6.662847724718002,5.557058548007706,0.2753356896514791,0.14727185176234525,519.744623751703,573.7658877953892,2762.565988790825,958.1751461667424
lETzDlWgq2o,lETzDlWgq2o.wav,295.3693283655991,65.50883335006371,-8.978353353669922,32.01905157677315,-13.969081606623103,14.312714873104907,-10.335451202904553,11.496272362019509,-10.35065109622972,10.13180037033915,-13.498391521649356,8.047220097125413,-15.005353402592634,9.986940008538273,-9.97879771505584,7.512689662700886,-8.209719788461364,7.657668384925916,-0.4385962014872184,7.506072896120497,-6.429358423631838,6.1330917686249355,-4.543511889889919,6.091836506907814,-3.3331358649309006,5.771683339301159,0.31499015252375084,0.16627196921124224,448.38068815201837,503.53123442099366,2998.0872340687547,1076.302168183571
L3AcHdBpUCo,L3AcHdBpUCo.wav,309.0044215641633,36.39012902222405,-5.991448782118844,29.479707528551096,-26.975155020068616,19.650171334786673,-9.63797706205419,14.848717625343838,-16.81838229093285,11.372783417430092,-14.14611137086679,10.136447525893102,-16.571076010949085,9.872553352115439,-5.211226570188476,7.839899500358218,-4.465564414883877,8.143319207785819,-6.166826810702381,6.745292280210588,-6.306671229723431,6.349475780809306,-6.780577193084028,5.869161991693898,-6.504544928911599,5.31668834717363,0.2640253997394963,0.16511429757467044,479.6715753511559,367.42342190882715,2673.7548471329023,1077.9977323507442
ZK5vEyvTKKI,ZK5vEyvTKKI.wav,271.1897848601737,61.409807402284414,-22.73438367877281,31.500497636940363,4.816339259916753,17.90892748670373,-20.056065140803135,12.318248422615326,-13.1429682852162,10.396242614211834,-19.222442897837283,9.907280725293157,-12.438099640453721,7.603185017673739,-11.89925360958957,6.562494526592439,-6.267562442139821,6.804748446926455,-8.119664865373336,5.396705323069672,-10.400166031287249,5.886273354470764,-8.321599144398949,5.882579558062992,-5.561322063350172,5.343275488683584,0.448267424169885,0.24895893848613312,419.2133478394042,614.4054702162077,4000.12640989676,1359.408909712538
YkzA9zQ5NMo,YkzA9zQ5NMo.wav,302.96721660336715,60.695023925827485,-9.145402077870363,41.31289215004061,-8.619869777540229,26.826942975980234,6.468114141909298,16.68267279672041,-6.9124713109950635,14.457303690387635,-7.797249728904836,12.85385167605133,-3.5526275135821677,9.422583901810173,-4.723151097185642,10.014621143313274,-4.255373669384171,8.462066011542227,0.04846470715639167,6.593124298350205,-3.591114943987414,6.289448949164681,-4.075827355738023,5.963970294335716,-2.1096438089988125,5.694992179143174,0.3277304562313813,0.18800024610704455,673.4811516673651,948.1957294148228,3113.6211404133633,1291.3782523317961
CBoSHnbDSmI,CBoSHnbDSmI.wav,257.73413998412883,121.56733011465127,-24.36237953402443,42.256388789388375,-6.4051335349259775,25.528009048176802,-1.3078388201685482,22.204772638797657,-11.477520723357346,15.190120239606959,-16.936474849400103,15.085998921726157,-11.086085223802986,13.274968505477128,-9.350366239229864,12.304658745042685,-6.4309893884479825,10.130512136425992,-1.5221657907366872,9.519480989499717,-8.19419593340235,7.946317956871122,-3.3922885242385887,7.923098150318979,-8.028460015960958,8.067086336154361,0.36733434890070166,0.18990965490093564,533.6583812059482,657.9620086247321,3357.7134540580064,1255.0275188442652
O8ocrq7vruY,O8ocrq7vruY.wav,298.12519195130074,62.50780205537102,-7.983106373415381,38.321147612077084,-4.92418375808373,22.782185224093844,1.948495468849654,15.999059206782919,-8.255300319600776,12.73006098467408,-14.057918029504371,11.619442942429519,-12.43442090456332,9.701251212666467,-11.746006175185075,8.388989647763177,-8.722202183959116,7.7544413106547285,-5.636013949224251,7.683505748255263,-5.614803957113366,6.338768297113886,-4.220762256819441,6.691676843982077,-8.13102003619283,6.524183565473018,0.2872960267549387,0.1831384333919309,478.27613720463864,456.9046850107158,2909.6903522435346,1195.0240682805518
QyI7-6F3p04,QyI7-6F3p04.wav,289.9623485130239,59.41939559791442,-3.1868381701948203,32.1672609050229,-23.434952613381494,23.021174074811636,-8.450637944329289,17.009190780502042,-15.370254459787141,11.625940171283649,-16.445370113550005,12.282304238253138,-9.410856195658187,9.260696338884397,-9.640438707406949,7.882996564440477,-6.1928853451265535,8.416900434942397,-7.9233113334563905,7.086818467029965,-5.915125693785449,6.48654045009832,-7.4761264416681295,6.0969660855931505,-5.670694209920974,5.511204858741016,0.28620841481776677,0.17830032146892788,460.49650286047773,480.4666089616611,2747.3364122384655,1177.229903043322
eLsDBcYlNmM,eLsDBcYlNmM.wav,298.8675391259946,59.52280639129173,-26.537575148394808,37.559753205248555,-16.783866866097608,18.86657020323635,-16.903989597416768,14.44041936969463,-19.823672139503444,10.1339246417082,-14.871468194590767,9.650729090000821,-14.323726209935575,8.923824369152062,-8.104886913073358,8.432643089318827,-8.726655133268048,7.616622563499839,-7.826968400012775,6.827763468184955,-5.271472620745325,6.230334183034393,-6.228050319240727,7.664131404790115,-2.537903688572791,5.8308092646898615,0.34515497821811325,0.19858234198270172,587.5028066936462,647.4614537190997,3346.6828643485783,1251.1752684265193
HgenfWGtBow,HgenfWGtBow.wav,273.45828336952184,74.81357842293406,-20.43661841342663,29.19006373782801,-24.967336518138744,21.525776866336265,-9.641498637504895,15.166842607887299,-18.538441532743064,12.745390009229865,-15.709921212220927,12.006631934418836,-7.511312578651842,9.02279562748832,-9.482221830538213,9.348820517467475,-2.680318610788013,7.90265657874529,-7.179327700781382,6.498476122961633,-4.126306628268063,6.67449747359796,-3.963656937723591,6.584847095187222,-2.4867368690387863,6.9721886390315415,0.3082403015227806,0.17129194801943678,464.86308706362007,514.8358456357473,3035.242791199618,1055.2952157666039
4iKQj1THwSM,4iKQj1THwSM.wav,294.2142208392466,55.267344186390304,-8.701771536182669,38.13994635757921,-8.980073679593046,20.724118101015325,1.4721603712415479,16.898885552303682,-7.89969745156527,11.226546277871757,-13.305976707028519,11.409531185277466,-10.417917671586466,8.967268062806118,-10.95443562314045,8.402544034811452,-6.454594059574172,8.067678939382954,-7.1297083601785936,7.889676112533074,-7.953971931526957,6.198780037267939,-4.567769260002822,6.024430085331545,-8.430298069695576,6.517872815666053,0.2938329221716962,0.18004782782368212,379.1696331363825,302.9665821307061,2942.3157864244154,1176.5587658920304
SzhW6VYdhmA,SzhW6VYdhmA.wav,253.3503293231364,105.94311542581114,-22.566019321868882,40.95876310138213,-7.945355438165582,26.826767437769227,3.891607275059536,18.283779362916047,-10.22208761773957,13.186154491685187,-10.12214987706661,12.992082925052756,-7.019174376983232,10.942194353692594,-6.800686460560275,12.44599460971135,-2.3457744653780974,9.873076148108849,-7.043760738516598,9.339108910671206,-2.904767913459118,6.906978477184025,-4.3887428557273225,6.837815308572368,-6.96135710528448,6.197333510487556,0.35193193058411054,0.18081791597871422,592.6697173351791,816.9360492122591,3349.7783641045876,1202.1659877578468
9WSrxJjHtSA,9WSrxJjHtSA.wav,173.55296674586543,339.1925643515707,-19.23435069077683,40.10712331661373,-9.926869912730261,30.06155403955951,-8.197395979429755,20.82608847366876,-18.510449533661394,16.233870094551502,-15.528310359440646,15.684305388172797,-7.158354986435413,11.373555652382231,-12.347876905188414,11.98216972981704,-4.874114500561699,10.652954436093918,-7.618870726410264,8.28417743669342,-7.503996660564772,8.04407905425563,-5.155423050109715,7.4054471303761185,-3.7360951025988043,6.908960170499829,0.28724044865714826,0.20772841665849426,521.7613038471694,576.300131038934,2961.1422612179113,1551.6532167197179
F-2asQ1S8z4,F-2asQ1S8z4.wav,305.7164067176103,59.89871779034672,-32.15732658538485,32.18554176373952,-16.136388874164833,16.88002871770075,-5.3224464012060455,13.479578017531129,-15.897803448443682,13.398749249149283,-9.727373267621989,10.370258435494211,-11.455735260744222,8.247620815655704,-4.397516231546118,7.982623475775867,-7.024011548633068,7.43761709331581,-6.166473049152812,7.747664055625148,-4.754597203504043,6.271392005700159,-6.532958085613084,8.25897683258053,-3.8106318378401296,5.618715820866437,0.41347976061578934,0.16520045959441332,544.1130806637965,562.6654727310206,3580.045679287158,1032.0725837089217
Kc6cvBFoEzA,Kc6cvBFoEzA.wav,267.5907945555997,80.00645970607297,-14.43159901936599,30.086921731745406,-23.767766686057044,21.140663013612816,-13.26668414981781,16.205419338179436,-13.022643167523126,12.608592262039759,-9.966977867547511,11.180991806828198,-11.388848213383573,8.753459918466156,-9.825239043369402,7.868990324896879,-4.061068069542096,7.388175380660441,-6.3923229255542395,6.656015562701886,-4.539035156542769,6.182512593140891,-6.095780741373879,6.575111442386054,-2.6136777093155112,7.284599259357072,0.29584092303788084,0.18431032896836352,451.61153416072324,482.92607061337367,2942.5610064213915,1163.883362777584
BZMeuAibs1A,BZMeuAibs1A.wav,300.2080970648707,62.243836987361384,-23.886968237942874,31.116249585892053,-25.270466456739378,17.637229726709275,-0.5795822753474219,14.571610548152245,-16.832503634201164,10.564635432153342,-15.513389468740877,10.055029926033717,-5.687979347203731,8.541909910595148,-9.80916001603692,7.841017957349757,-7.489226355468381,7.666313308676874,-11.373840622100694,6.858352291829694,-6.4899967967176595,5.833330727756704,-6.657707308942761,5.941704797355345,-5.479460006798378,4.650390183597908,0.35295264826496897,0.15016831160864372,525.3136866254961,542.7624989991989,3192.7285107027215,985.6707062011845
KQE4iB4EFOY,KQE4iB4EFOY.wav,298.6558601568413,60.87684935857097,-23.51901276089112,22.91241586354007,-33.96229765051453,23.964987630360927,-4.182659304071674,17.81274967949367,-19.269605931115116,14.911692249836458,-10.227862614036683,11.995867931719257,-7.0723619171906265,10.426734609455602,-7.555169505245286,9.110677354074525,-0.9073128979761325,7.878209527677845,-6.292457358598567,6.924928217500403,-0.279423757629697,8.23084748553391,-6.325143269426041,6.464387958895777,-1.3108493962833392,5.5402211152852185,0.3254232385601998,0.14287050503421592,614.6443694433677,763.1800195997149,3080.401426484917,886.3100264073522
7aV8kHMS5yw,7aV8kHMS5yw.wav,315.6558666346577,40.875213464434395,-8.09385354034759,38.12139493111635,-16.300833901121926,16.600781528787685,-6.0014548159067616,15.57225153033614,-15.041803477920562,9.824508912437546,-6.508194543011118,10.68596156808134,-10.569196540075358,8.427139836457496,-7.006500146207724,7.801607894444126,-5.806887983572589,6.924929796056167,-6.1989525686522065,6.1608532012801,-8.79450985382049,5.575780904048944,-6.4359441530621115,5.894518726530964,-6.558833366615419,4.698705396371097,0.2955659502179241,0.1680017301595206,490.7287349992833,439.6419099562952,2840.060074448379,1098.542897529938
N02RQyg0qB8,N02RQyg0qB8.wav,262.54096819897967,61.75011337677003,-4.982167454746236,34.889187948745004,-14.695017580455898,23.77450043121837,-24.15977827299619,14.363878710831592,-12.013849716110501,13.404068291652875,-7.514166927768955,11.792488963153271,-18.306147521496232,9.626493182520145,-1.2184618766026747,7.7913402030701375,-7.102513274678361,7.351615319977177,-10.33849604830823,6.427079233569201,-9.27594734376921,6.81120671895436,-7.815259562755583,6.230344364349683,-6.4001378521087275,5.883991031137063,0.293739055954079,0.22983343250572755,385.6987892200564,425.43318604186834,2925.6396102656295,1512.0318677476805
8Nv8qjSSkJs,8Nv8qjSSkJs.wav,281.54968874272794,69.51091338388059,-23.411534754923217,34.887914578665026,-18.97617807189403,22.03253511442745,-1.9227692936897465,16.360677277010165,-17.19488727014681,13.659696183070341,-18.226480346761218,12.08319774103934,-11.021100608064721,8.33651983539201,-11.171548209924213,8.648175987201228,-7.761923525610343,7.9447149355389355,-5.828080812580527,6.6703474704342165,-9.32575127563998,6.688302329545245,-6.631722336343956,6.460115619334196,-8.305222841993919,6.250442411039766,0.32072935349744386,0.18682076454523966,476.06171653694526,470.1362835003754,3140.352696983138,1170.2737835246808
4CIVpbv5L2o,4CIVpbv5L2o.wav,232.7060829290923,106.73760868531038,-4.070231930363866,39.29898728321809,-26.40982612739822,23.55753125826251,-16.215806277023212,17.444366052272194,-7.158826702913998,14.678250184130128,-8.665425714591182,11.51007354222287,-13.260891350673234,10.678006142353478,-4.257961070448799,8.127939696959189,-10.201829981288036,8.028497997273986,-7.670537430021073,6.401548468455438,-4.727295477922375,6.721591447850185,-8.158247531821642,6.68182052132546,-1.3276174141626065,6.352863478308551,0.3039994098670941,0.21810791749722233,389.04089685571,626.1239314020553,2863.1514288745916,1483.9280498818512
YNeMzfhJC38,YNeMzfhJC38.wav,281.0211177930009,63.42816917468066,-10.752079409801183,34.57950992725349,-20.318738614783594,19.98892803007398,-7.729115829283376,15.324386501407034,-16.803580451491506,11.951815396900846,-17.063256717073145,11.362814928030657,-14.546832580149735,9.240003157851893,-10.442344619648601,8.42739554226804,-2.9704953452627763,8.210017053501225,-6.966695779915403,6.796329665745048,-2.844739822764455,6.175741953073091,-5.638473074628989,5.963939137373841,-5.131441699756576,5.501925853435053,0.2886032121002392,0.19205639012258352,410.35570373126797,390.0194870393778,2887.986290073403,1174.8951918182597
E1JxAUmoxIY,E1JxAUmoxIY.wav,253.07856804596432,93.64081172701636,-3.16806793661266,39.58866644715679,-3.6832695386187173,17.159220138151586,-2.5259367282641763,17.031608105430717,-6.650806626662573,11.71365045345084,-16.48104974085691,12.100135970583345,-17.144009758053137,10.771546880762095,-8.028547693634717,9.324196087854322,-2.4589506856837984,7.392301611643689,0.5661223066966603,7.7787217866703156,-9.127516892088638,7.683592577299863,-0.7382365778004887,7.0726366582959646,-7.826013225162267,6.727686257240445,0.2733050279522844,0.18039576206285807,321.658916007419,353.7630520078083,2808.5604359499207,1214.5656571011327
qgrsUrhsS6k,qgrsUrhsS6k.wav,300.426222605944,61.81275201297276,-18.791670313376613,33.768730122446456,-17.574537151684964,19.7605429336441,-5.127321942882911,12.303717727135528,-9.717581248346278,11.194364473788212,-12.786912215297034,9.952840501043111,-6.405375605280883,9.138370048449891,-7.204405517411971,7.391829783537476,-8.956678799330625,8.15968900594414,-2.555818164509384,6.319300188474362,-12.084634621823596,6.899304957786215,-4.720940912939798,5.935474097787045,-6.953183729362104,5.3933527624723006,0.3600586720642623,0.17181614103459195,487.878353949107,562.3548344298432,3256.7058655767464,1122.09520170372
RfSiAKIRI7U,RfSiAKIRI7U.wav,267.60095152488395,70.09197287891148,1.2059633814665458,49.49007976375633,-0.8303308295895199,23.797198429852756,-6.6751025338150445,19.98114388160905,-1.900264378484187,12.277735279281108,-11.799171145734615,13.068158876507068,-12.483454322768178,10.274404866801566,-6.957289466562252,9.445137609522362,-6.528082263358077,8.474089810759898,-4.646763909316735,7.416181484250961,-5.836820236006824,6.98456261178934,-2.9648792288501133,8.106675792696288,-5.653107628240037,7.122568676753802,0.2836032642571677,0.2085463549757685,449.47573558547424,748.5178114456616,2771.8799782780075,1452.0681325640196
UWSdWxvBIXY,UWSdWxvBIXY.wav,263.71158939854075,84.22836306163322,-12.237298045840717,33.680756455649416,0.4405071078081272,19.11694404825297,-5.197686986040401,14.894157517374827,-7.111550322004766,11.7665952324619,-13.054827223775092,12.465865881593132,-8.22258868692008,9.109231124040443,-2.7181386086272092,8.019005648486138,-6.853906437543546,8.488417403479508,-4.091574372864271,6.831518242890537,-6.18341977304534,6.219695074115287,-6.212045680928187,6.448470555543845,-5.399191302375018,6.349415572512847,0.3278967388390763,0.18332410971054391,360.4805941717591,442.51500637271226,3288.5642932748224,1078.2767249089632
WzrIT-TpZwM,WzrIT-TpZwM.wav,282.4822100632054,76.16952383645688,-9.907648674314201,28.867360590448264,-22.02036514906288,23.964796062452134,-4.095035490929163,14.453948531276662,-18.723373294606322,14.679649627778556,-12.83798864754516,10.443662091670207,-10.39273536130667,8.959774922641385,-9.176555186884867,8.531884137725381,-1.6798432867957773,8.61516248526374,-6.930434186413026,7.845986699129318,-4.554876586499063,6.651747942289486,-5.320610218285364,6.864339781345847,-3.7277700814510264,5.83069650384814,0.28281895773223625,0.16873226563093457,416.97268547250724,439.0813095417732,2876.4299620979423,1064.6342811199886
xEzQd7OmbpU,xEzQd7OmbpU.wav,239.19489889059554,106.2648389324855,-15.640364165558342,48.66646129751969,0.8402863208831093,25.508060310410062,5.695080013752737,20.25277782287064,-6.750309242742003,15.253332467942473,-8.199478443727507,14.728531009089616,-5.833826098598775,12.385341462231324,-9.371640781363288,9.487021292701558,-4.369402118212698,8.805825128514662,-5.86127844814355,7.621805785589253,-7.030580421494114,7.47682113322681,-4.284282020274023,7.525814051931858,-7.056740659726056,7.1404700569028,0.32186520443211664,0.1927714084089856,423.07420120397427,624.777661492559,3170.4364995219826,1321.0863495641372
pO6frb5fOps,pO6frb5fOps.wav,294.5416982650337,63.34762241040748,-24.42280675473586,28.64449259980676,-8.58209034004818,16.042898199530633,-4.438004328151778,14.745222371874195,-13.464613116251734,13.034934963910938,-10.51267343779466,10.742805485159689,-12.930210678244167,10.367118763201963,-6.051113350263324,8.39319960441656,-8.42607889643897,7.407872627700778,-5.1098704870293155,7.021886879814059,-8.235982739615954,6.137534176813963,-2.795772003038535,5.545379796879205,-7.463903320560267,5.542487582726892,0.3779819296139508,0.14155421665603404,434.8663243589276,484.9326697471485,3413.4056606139957,841.4130579580006
BPZ-tafmwaw,BPZ-tafmwaw.wav,271.69054624872933,80.31736553448285,-5.117073118478065,32.70471178959057,-6.891348943883685,18.92161708709892,-8.68284979936774,13.049819766996569,-7.00305747022167,11.836937795637281,-11.01913298116857,10.352883338409049,-14.194136323668436,10.033769736937879,-7.141940646422559,9.765214236327049,0.2199709888365724,7.306315840058113,-4.3371637593787336,6.9741754324281855,-3.7284721143134516,5.358144062293828,-4.695643596183568,5.643129632267594,-8.401013775594688,6.453734006260617,0.29225937879157576,0.19889357822276363,366.7528097409632,443.5314961050637,2966.642241585263,1188.3895586386336
Jg244zo0S-s,Jg244zo0S-s.wav,296.76648484265655,57.786645459045985,-11.292651696609905,36.9743566976019,-18.39982939523787,26.009827497039062,-4.859287954331318,19.2073557667033,-10.91870234844235,12.772362097385674,-14.384486565749011,12.778332696320524,-14.730651790309127,11.099152778915386,-7.757971351869978,8.91888066285929,-6.479823945564711,9.477978046160906,-12.526014768803241,8.209195524722023,-3.8777722441830007,7.338020620965156,-9.35101794729852,7.173181482783016,-5.147881540322968,6.265562253445837,0.28819934854875745,0.18567875101928055,523.5586743748516,439.88912853771893,2901.0206901555216,1251.8008348197097
gj-K_lu4wtA,gj-K_lu4wtA.wav,282.75429580276665,80.14058164261095,-9.457757049099191,38.52304040625994,-21.853442265864594,23.525475767514344,-1.6490595394359415,18.732904615543628,-9.765671095287695,13.920156589702012,-15.478756843978397,13.44477324803801,-9.701286897815354,10.408912186708868,-12.007519369119393,9.898605584804642,-4.262663120675384,8.273215356577404,-8.711942082722638,7.635148220508704,-6.339690123612105,6.698755866720741,-3.826983907629279,6.898611079078314,-5.962485089090875,6.32141747571269,0.2979126876677224,0.18161669472412498,490.34973386022943,499.3743717641735,2904.301379510492,1212.1802080134723
IY2nsiSurBo,IY2nsiSurBo.wav,231.16625777665496,98.65570547743752,-9.920927159357587,51.367821127320966,-1.284895211210085,26.52273371953028,5.295988692906689,21.345505604114916,-6.494265128294328,15.167190539199431,-11.437648528208035,13.774690978587564,-14.938270753372086,11.864826160113143,-7.056473079353172,8.281968853093195,-13.439429352537458,9.645391134613654,-7.038004192793051,8.494734540639174,-8.86860311068491,6.617528434688459,-3.970151478044272,6.899234871307733,-7.24474690087984,5.884085628094805,0.2922710310878079,0.2020703367915572,405.8050514081563,603.7472177321325,2869.366032162594,1402.6671288249638
XDD95Ek9_Yg,XDD95Ek9_Yg.wav,245.02271740300594,87.88848473935886,-0.3806904315126037,32.08828834678513,-7.588891325355109,18.872048900846913,-5.750273137596412,15.907271320060266,-8.44648610244307,11.053530309326113,-14.928989282495852,12.05931862420403,-12.552514048585113,9.665204267559293,-7.3525082655426885,8.39178868345307,-11.006527536225997,8.847555171291283,-2.478467963836759,6.91690218531154,-6.637957759392574,6.642550201070675,-4.115907381562958,6.383964491533796,-4.711921433847376,5.090053019761002,0.25249035552462845,0.1724272803838831,299.91107828913476,381.0077814888769,2742.364955040311,1080.5668665176909
dVCbISK2IIs,dVCbISK2IIs.wav,293.9460572571921,61.602965877436574,-20.94898512758079,35.57456565983597,-34.03305559261893,20.379605558074118,-12.890973577668612,13.564062012041491,-18.7321995337556,13.086981339205742,-9.843995713394879,10.60709368388261,-8.72202471597058,9.881006549090893,-4.438433735111814,7.374057138844626,-3.172542498170047,7.507361198688574,-5.3348433975829925,6.991938012714586,-4.160876922429952,5.754204221953555,-5.56249208338057,6.002064781541972,-6.055549102627708,5.428291305827334,0.33087641850909805,0.17106447023537558,541.4644333719865,562.2180195787486,2992.320765306067,1133.9431452661115
uI2Hq_sw8l0,uI2Hq_sw8l0.wav,298.60713276688637,61.704268499828785,-29.52804891654322,31.02530349759434,-21.986671644008453,20.29411831842771,-2.383821654391412,14.574278376898766,-13.169145161728219,13.820280307821184,-15.748468862260047,10.083104966841484,-13.311195584616401,9.855817505607337,-8.206605757969388,8.784793308730908,-8.445526321828478,8.401797735356642,-4.466807753675601,6.625421359171394,-7.203720011718867,7.365447854997702,-3.2628390029125764,6.663141712480933,-3.592689389767569,5.998625371377381,0.3671857706945426,0.1828090225837622,550.5509628933629,586.0840840163534,3350.704859346999,1093.4467485168998
isbIXZnvwjs,isbIXZnvwjs.wav,281.2420532433339,77.23701744192827,-18.404662681290702,29.6908162966873,-19.59886185974317,17.45503857469737,-3.1744666233544336,12.44588002980553,0.41716435383145173,13.132144147781,-13.851387107738601,9.715136606203133,-2.029024478995676,8.39261352257613,-14.060381530195977,6.942712062886927,-13.156599444172727,6.170531600979641,-6.341885472817581,6.302080144483789,-12.569726346302632,5.8482788603329725,-6.530701777998751,5.58069892814224,-4.379561115944817,5.1064528792251656,0.329276457096634,0.20095375343713107,458.8587647578156,561.5452389775515,3227.911692965159,1176.5229171899525
-Ei_53Ga9ZA,-Ei_53Ga9ZA.wav,273.1258027627389,64.84113570910331,-4.9882500152033735,47.29995009129582,-13.665568595158852,27.35413354052429,4.920839336073948,21.49072263970485,-12.695175056336117,14.375807006243697,-5.894849611663935,11.390676112560318,-15.960538678317128,13.160829638296851,-4.350978299718632,10.293742311707284,-7.133293648348548,8.79944226814518,-9.25775622633934,10.89336835590288,-0.5919673369146141,7.357061590201365,-6.885611965555126,8.24765368298377,-7.277289594430552,7.382742973226102,0.2662814324814594,0.18000681556189077,475.8088004967815,682.0872487623442,2705.059635316022,1269.9070086862628
506iagPqa4g,506iagPqa4g.wav,271.2657115639731,78.02437514626116,1.6304673585721916,32.98812544596903,-9.22114399564145,22.868463585461505,10.507474406712051,15.567107977316226,-7.208177305535959,15.532819584243569,-1.2265904861100927,11.929007639485572,-3.1571985352018777,10.221147319943077,-2.351789411259054,10.491457074382131,0.39636961323643527,7.321852165045502,-1.4878004848471373,9.816613829586021,-0.8921025286683065,6.019225344852096,-3.126156747705617,6.45437122763859,-5.310698208675241,6.8020478582593,0.2759646807365658,0.16395536909131578,355.5691141197895,416.89023519640665,2817.654737553046,1082.7564841835008
1O9WjWzvz9I,1O9WjWzvz9I.wav,274.71952239734577,83.21393616975593,-15.083530149608762,25.384565898016,-21.221125762903732,18.49406058885037,-7.8128882054099416,16.349624235185676,-13.481192396771046,11.479213120216867,-14.495804087047295,12.39568314481853,-12.200144214338605,10.656566403003275,-8.127113311133941,8.238125907638892,-7.150475088298438,8.157857342888725,-4.910306556331877,6.722894350256631,-4.367943453823871,6.019337689710559,-1.4803841241225835,6.087188843909472,-6.535281008734658,6.026510991342588,0.28639193371845756,0.13555652435751528,445.5912010945048,496.0614201620086,2920.041615569495,853.9753471684156
rrgaimzqRBw,rrgaimzqRBw.wav,281.4907072738289,77.82651001393582,-3.483088072145716,39.825759084537395,-7.848924000160066,23.676884655697712,9.987856781554799,18.186454024872386,-5.462855545816151,16.095107755073965,-7.386229426469535,15.753461221173756,-4.979101100784754,11.207589260163669,-1.9887026727150323,9.819188569739307,-7.569470889177766,11.554023632021481,0.5517102647698732,8.525306195508225,-4.767619820068304,7.314369617317946,-0.016131294699217247,6.779291319331119,-2.190184544368465,5.991932939924222,0.26827429135375847,0.16759345041333032,493.58033538221315,544.7596208423442,2770.5060641875184,1152.1757567596926
BlrAZSlzbmI,BlrAZSlzbmI.wav,222.46974112463803,238.60976248059643,-25.746998549590337,49.648653679645214,-16.358612399007605,26.558547393065066,0.9748994820174642,18.72149745100633,-12.951154192606626,15.482792904570855,-10.374403497032006,13.397403246148691,-5.084016077642887,10.995526361199799,-10.865141713033536,10.80830348331248,-4.611200648673445,9.356006001529524,-5.029700096474861,9.136855116992596,-6.699023692151796,7.228546046270045,-4.563198644747992,6.9735544782025425,-9.208760459102924,8.08701583597386,0.3095888504792862,0.1836005495129315,537.1598813434141,575.0025183312184,3142.832283520085,1360.745981381405
GOwiYO4KonM,GOwiYO4KonM.wav,241.57017794631102,108.05623865089616,-22.496268646902916,35.12489913548381,-13.0706419202895,17.106617520308184,-8.049246270300971,13.863049024869916,-13.823602640804294,10.804146100909907,-12.272749915782253,11.616748455367384,-11.453967786165666,9.473334438988992,-7.709670073000499,8.225058991069815,-3.0729009810278978,7.7881384188402825,-6.337605311895579,7.3170143574802085,-6.2404291662755105,5.692109121607057,-7.499493350527899,7.031194299361661,-4.017397328580676,5.667722602899249,0.3564385754301721,0.19706497484720684,376.32474940492585,468.3491587908869,3319.756851356146,1199.7156950548683
dMQHhaHLq7k,dMQHhaHLq7k.wav,291.160823473657,64.46593821574376,-17.637120393501384,38.73804854087651,-32.31757886653297,26.63611541127444,-7.959234539558483,17.95268624063842,-17.939866055036763,12.364644155460972,-13.739099417538803,12.438719438752484,-8.93000558473361,11.718723601844006,-11.566446785986608,9.404462493713496,-3.4720090214085735,8.649829514162683,-4.074104127258471,7.550463248017307,-8.180352051756946,6.034966443583789,-6.636168793576172,6.436276026721191,-6.564124270718384,5.583006009093134,0.32323463166528277,0.17411957560047614,579.3116605903965,601.064489985694,2958.2830823886684,1180.2934321443179
DHL6_DebL1Q,DHL6_DebL1Q.wav,280.9961922027218,70.49556213128336,-12.613531333114409,33.28797288229218,-20.569761727710922,19.721688601313378,-1.5229280119386828,16.718016870199513,-16.63136942511544,12.758919880946207,-12.859362069895356,10.533356248061068,-11.890839636780989,9.516255837981317,-9.522281015559788,8.206970427043565,-5.65188612685375,7.839643495373618,-7.148543445064854,6.459076341749437,-6.972473762213746,6.117278991725713,-4.972356248865752,5.243113012820485,-6.4639190541660145,5.332452845536704,0.31746374930331267,0.16299345154480796,404.4559372963377,435.7362316570516,2965.6272727341784,1072.185239460106
t5BqFmvHRtc,t5BqFmvHRtc.wav,281.49077367251175,67.02643240026754,-8.499104712382803,38.913206472576825,-25.617392953799875,22.35067297153289,7.246643585784794,18.72371193819359,-16.33884409060581,12.205964093374838,-17.52079574375813,11.84533977430605,-12.05798174510545,8.710533946391317,-12.85057926745114,8.14635780776665,-12.346816440900907,7.3609187606232265,-6.764708355353371,7.413729245462557,-5.261415729151218,5.9109211429439865,-5.577717410572254,6.3170222218099195,-6.963133029060334,5.821269114198384,0.27247705061470245,0.15663632591743717,467.2614528014148,423.8524209071836,2677.2353946990697,1049.650535879256
qTAra6vdVDY,qTAra6vdVDY.wav,295.17419154908424,57.39218595463743,-7.517008233223161,36.336884624646316,-23.555562240421242,20.968599362166014,-4.924369877924561,18.03433664907198,-16.50985516568781,12.980084748503915,-9.261558495875084,12.582449463022321,-13.134193546719219,10.23581911911783,-7.979063665269657,8.446722962770771,-5.303171030692895,9.063145357249375,-7.00428794150668,7.497833096558388,-5.520882363764164,6.405809806180632,-5.396059527246897,5.756619314302242,-9.084284822042385,5.627755705749098,0.2889366272824919,0.1645140061550415,473.8824872640046,457.3219365075681,2769.7115948098785,1091.9170839241917
3cD0AMzflSQ,3cD0AMzflSQ.wav,321.77142524549447,49.94885148262327,-9.200858321428099,27.435912362791786,-7.042031545783387,23.001992465241518,-4.557238453477398,14.674485497155636,-9.764129008890126,13.686296338433284,-10.751162423798364,11.047816719267958,-5.619097278283809,8.761634671611926,-4.014231711515691,8.011279116859024,-1.8897217216742952,8.097223262188628,-4.1590087237996025,6.833611991074294,-2.766481997391705,6.296187001660088,-2.6469632256190034,6.130257048228425,-6.326535308427174,6.096786659719332,0.3318859486378283,0.18157001337084303,520.1157770621726,496.7740546674193,3212.116592723217,1125.0998093775872
ZAnLIXNbD9M,ZAnLIXNbD9M.wav,265.20124169395314,78.60998491199788,-7.980479782086804,35.6409584912319,-14.983083679914653,18.49290251795203,-4.0046348366184645,14.766880566041003,-9.232506971284915,10.084664090027559,-16.393094756566956,10.868415166155238,-10.513960624328755,8.206701426228074,-10.776927938505105,7.761569699144799,-5.291499127104587,7.190395518352639,-4.134532311573116,6.330650037219251,-6.007700317172125,5.343876398465663,-4.221661761217588,5.980509866021938,-8.990390402283655,5.817723360606842,0.313118235002794,0.19052143949487982,363.1965702022484,401.965275271174,2968.0106273443675,1214.2957557858917
V8BKIkQlZLU,V8BKIkQlZLU.wav,264.69795929308424,113.3094153175776,-22.52638717643085,28.4672326401163,-36.826272061196754,27.517861962500742,-3.865798285562943,16.803766713983567,-11.697312294624313,17.214471597408608,-21.372345287553355,15.525933865757205,-7.299822245876817,11.655120903010673,-9.222711358046128,10.608646563057876,-0.32764977373482684,9.012152204408755,-3.3444301587259804,7.8876640137982585,-3.553137620520397,7.695849811765213,-2.284505712707626,7.7748331303823,-1.3468697140820394,6.746891508484888,0.33055351998152926,0.1864520300368606,636.1991490792855,679.5956722724707,3065.1068507362525,1252.7170242995064
B6k8NUCi6Ak,B6k8NUCi6Ak.wav,264.7983061402802,90.06438527621401,-13.314581744577112,35.863165402934044,-22.45558007834706,20.059156373542216,-5.992190921298298,13.066905255756451,-9.329644795307383,11.59669254560317,-12.443144315315857,10.660200558014063,-6.507547676398604,10.551527492442196,-16.090264883537095,8.98566934565121,-3.0421047355819715,7.703332270386752,-4.929542886296937,7.211157003577121,-6.19233469849779,6.058411690259899,-6.6376014972094515,6.12743062699614,-8.677479533187013,6.388225671111943,0.3290875724877046,0.17119059107165338,428.5573635150832,536.1573163262408,3087.0792135265347,1135.0687257164936
2zmRzrnEnOI,2zmRzrnEnOI.wav,257.364271181494,105.27379564866601,-17.13034181021835,44.28483784535963,-10.617910150891529,27.1861945170352,4.382821788530604,17.779535205543173,-12.676924144647653,14.455434405843587,-10.162331389484457,13.015573777874687,-7.721684566112014,10.979934464141854,-9.04424741792389,12.169804596866483,0.06717277030067476,10.25911211991003,-9.050636954688931,9.751214754573288,-3.280261531620257,7.313930610825605,-4.531687813576625,7.0177445825155385,-6.955906869762846,6.164872406582441,0.32949456721999404,0.18264539726063184,583.7195078972688,767.5011051626832,3170.853247368458,1230.9107172315264
LF10o6VRdCY,LF10o6VRdCY.wav,248.31483903861027,111.08281478018748,2.1957883473409545,55.02108358478269,-19.508326462186368,25.873525809995165,10.752030102256535,18.848939499974286,-10.842191715268283,17.207919282481708,-2.041822230420195,12.825972186258278,-3.8184523461300266,10.657526867401447,-8.091076979946369,12.499228046075219,-2.531672766286793,8.33267762136501,-3.583325649505511,9.464590463190955,-4.809696708677159,7.651510906702552,-4.080557526847882,6.776012587088366,-6.45567863127207,6.698265983726017,0.2765210574573294,0.16893540890255818,493.76872258820384,545.5459329772273,2678.5907446094593,1243.1416387462718
g1L42P6rGQY,g1L42P6rGQY.wav,259.6585620391022,95.16613342753061,-10.478803661248161,25.21602847730328,-25.998634834546305,16.448884735606114,-11.27352098711359,12.085406857775432,-14.415501761305592,11.080217945746435,-12.511125995157068,10.361403447990561,-10.455218831307167,7.9465219933582025,-4.592848447064659,6.85068153381931,-8.499929362856845,8.039763948864445,-5.771245401585846,5.833767735186824,-6.609784993336246,5.787845231168999,-5.136346048225969,5.120908487974798,-4.263205460734268,4.799186922861112,0.2980403409896955,0.1440234876258877,392.10242003078497,526.4171884901363,2868.241171121642,934.5507105761618
QqWB0Ttttq4,QqWB0Ttttq4.wav,286.4397785729104,68.94955402452342,2.961312881260577,34.16236324748844,-13.840795649767017,22.273327245752288,12.324158619347454,15.86263928394836,-10.225845070626184,16.801612983184803,-2.9093118756603693,11.440411901363284,-3.36120352845739,10.25559960918653,-4.292859116767899,10.051661102632801,0.42587100414919016,7.660927686558164,-2.3602594840259474,9.687509780609215,-0.9465326555977809,6.134997778527123,-3.7492110916129415,6.753963369598502,-5.641231642465909,7.376410338985291,0.2742945193769713,0.15181492031538105,399.33671522786784,429.36998476965584,2729.011970167776,1036.4852578550328
Omb6foc616g,Omb6foc616g.wav,263.940213076641,97.69658942142729,-18.632034256573732,43.38384449046314,-8.902850595785912,26.277413949362305,4.544688018116804,20.020513497329823,-12.239186868749794,14.6482402466811,-12.391863684983402,12.955389388994789,-8.289335976587006,11.643123090328604,-9.395902735453607,12.305094442316634,-2.14919457616316,9.960159541433024,-8.624511565482452,9.64985772206397,-3.197977081303757,7.174753109763531,-3.2782781506049936,7.21855841446213,-7.448706364381623,6.65929567470468,0.3316937746448671,0.1878824167860589,642.6352361044901,906.671943207661,3199.8418187330653,1259.461833887891
7TFyBnSTFqk,7TFyBnSTFqk.wav,276.6524589065406,86.86547177977802,-4.282045412470314,40.328204494609,-7.968827801037684,24.866553697512053,-4.882297405421355,21.377622395288075,-5.8477142948804826,12.38269847935522,-13.952523409615532,13.56830557931716,-10.372066053282659,11.782166443139289,-5.924684658492448,10.297685712254376,-4.170253275328378,9.995765433890012,-7.490780206451851,8.784001274136237,-2.324989216900879,8.240146256867503,-3.5464982859122656,7.277261551394396,-4.528406909210451,5.965865193100907,0.2843225652405497,0.20220871821171932,537.3452790279508,581.4917480818963,2920.1429475279983,1358.595052890555
OkTOV3MERak,OkTOV3MERak.wav,272.13196840933364,54.69953957352549,3.048416558774675,31.813503636743572,-21.46398075578482,18.64457380678434,-3.8311367230396827,15.341997634116463,-18.868819303227486,11.467706755025818,-14.577051018004534,11.958245213762016,-12.343236734986963,9.319627892132756,-11.429501455751828,7.9987133180236505,-8.170509965969329,7.358110561352225,-5.63812616615689,6.22809465036892,-9.134261746816994,6.155504190373985,-6.956970199222601,5.8126595208621294,-5.80919692828024,5.303020302980284,0.23130241570312332,0.1367395176513048,357.4237896622621,376.1468150640384,2430.028243332187,935.2386685022169
Jvzb5jCT-vo,Jvzb5jCT-vo.wav,265.86076420477366,77.37502683169753,-21.767995453273887,30.816503857169966,-17.172005246929004,20.593496857991923,-12.680181726234006,15.81148625250641,-23.747952669032,15.768422336729053,-9.633760015442556,11.02420136069307,-12.93128824587734,9.51378829222543,-8.811040538067886,7.683370771116625,-8.34270243903683,8.025561799383592,-8.331382510340706,6.625327468022985,-6.727408816795154,6.680591539619731,-6.387106701711903,5.811980752940303,-3.074836930064371,5.838351714079878,0.33309933103118833,0.19146283447202472,429.7500469570229,509.8206443216557,3254.515995783537,1188.2268940716451
mp7D5dGTWX0,mp7D5dGTWX0.wav,294.09998168935516,72.8101729075436,-11.616383799386549,34.481966917719696,-21.34952077858707,25.560126083262286,-5.092959503599892,18.98956719611592,-11.314558514752916,13.418588881327121,-12.513255673228514,11.892736225777545,-13.117179495427214,11.040311235858868,-7.343634186857256,9.055506212757551,-4.249376902802729,9.171675913752553,-12.43808870752434,8.173165478722893,-4.304335690111892,7.249188532603414,-9.839706643703117,7.692092521832594,-5.623894653743777,6.264285685012298,0.28543415014327606,0.1753376221587266,561.912879324947,543.7199040338502,2881.000653160984,1180.1930751050631
wm8D8GrxuM4,wm8D8GrxuM4.wav,256.6861281592318,103.99124080127696,-9.227969440323875,45.84545901211793,-13.75309335991281,21.771571928087493,-0.6325176846194688,16.002754168515715,-6.413420054854942,12.50698933375803,-12.547662248609692,11.187651377527233,-6.1220492078976605,10.144278032597327,-7.031586380074407,8.705999325226456,-4.9301374965610485,8.910092737490478,-11.902370782758767,8.379788065546494,-7.814132021742205,6.586598772966061,-5.333358062002871,7.034943837605922,-3.7154233236671623,6.001540146042802,0.3024679040281391,0.19853747895991097,361.3599846847478,376.38690978088147,2905.9716340702475,1334.9171583509076
rEJhJj0eLm4,rEJhJj0eLm4.wav,292.5510259344756,73.84803938657544,-26.221214255434987,34.0506530519775,-20.155276384561777,20.105959213827358,-4.786332178607576,16.32336375098345,-14.217489725267106,11.54212384472923,-17.14341165992981,11.796495201586248,-7.43727426023816,9.640622465244295,-11.149543209709535,8.619675892750099,-7.884906900332975,8.266979196471965,-1.9519973482976096,7.434386637276478,-6.769986588540231,6.100499087544287,-5.4935518458892325,6.193202860611691,-8.15453366308436,5.928500610294003,0.35843802753694615,0.18356574770664463,536.0296980901002,522.596167688195,3323.731981835497,1165.369754291479
UOIKYvl558w,UOIKYvl558w.wav,240.68372753722264,76.85462789447013,-13.939697251366718,44.617983266942495,-19.815566880547028,29.267888515357928,-13.749453307958891,16.54120459892262,-12.731561551631247,16.116919264155488,-13.292210165660316,13.194404605392833,-9.05440738735516,10.049040226865465,-10.820053268107024,9.199322216681052,-7.64639482347746,8.276387711079963,-4.613577953346868,7.079154786691519,-5.64054842836411,6.957339638220404,-5.303603904931639,7.570107834474904,-2.8838227752399166,6.532117562193014,0.300831764130627,0.2285171405972156,482.11002359644334,553.1142347466727,2898.717067736633,1559.842872898052
tlhask6WrMc,tlhask6WrMc.wav,280.17112852013565,66.24338766021727,-19.57881789136999,34.346148790896336,-20.016265487120464,21.699045695493567,-11.200615133936575,18.213787712849108,-18.662313550825665,13.44895376025456,-14.357903322752598,12.296793670046721,-5.3161787766779325,8.57740240927118,-7.285378457748323,8.644427857558012,-5.895537361696871,7.575630166052528,-9.333108814653675,6.358504496984372,-6.012162713730678,6.584159636176755,-1.8030052427606589,6.139165435855519,-4.707793784581716,5.724333573649777,0.32501292614811705,0.194628598219288,480.5955185122187,535.0996968208617,3104.672067127303,1204.3241541253462
fVEsPruv_Kc,fVEsPruv_Kc.wav,308.6450541281266,57.897922387460696,-24.480077203412073,35.14665577206916,-30.30926074943199,16.723016318754595,-7.629302003964171,14.555139456847577,-10.69004843953651,10.376444566061114,-11.772411271356226,11.93152517526553,-15.852619089193787,7.798383812572472,-9.43604603706974,7.830470951354744,-8.43025811879142,7.661577489727659,-6.273938956700466,6.605765803319374,-6.255035607749075,5.884923690587363,-5.574496958363369,6.012075772218558,-1.545452446866038,5.435853123841019,0.3160494611665478,0.1604758188910639,631.5004549984516,644.8536224328603,3001.55916742299,1033.3379139211645
LuZluTCeEkM,LuZluTCeEkM.wav,284.28327823148055,78.14789081224579,-22.05817977385489,32.80563600492764,-11.734129166987792,24.89448771623632,-5.078231589129309,16.632047222383555,-16.230311219692446,17.106957354351277,-10.606942946818492,11.137002500125178,-7.033279206159984,10.865007000475298,-4.092761965127628,8.79568699425069,-3.2509109956124065,8.36621626019694,-5.780910443657774,7.743208951518087,-3.0968309176229964,7.257098704074542,-5.58335346751435,7.527519088064874,0.1102742723315236,5.845080797171751,0.3632324508750868,0.22432970905529,559.0799723779695,580.3534233539083,3430.850810011369,1368.263213771353
c7rtbTnmnzI,c7rtbTnmnzI.wav,312.30370924554904,58.37218813543755,-10.164094572895896,31.661510710884826,-35.61542917590964,20.731781118835272,-3.9948726180170984,17.640769002394414,-13.283089221435866,12.581144113165983,-17.758508258365957,11.171863925820064,-5.754420142530155,9.431827936909581,-11.5430684087985,8.518245285399056,-4.677359470104292,8.037860662249734,-3.213841878051051,6.575166780900428,-7.791951433118907,5.404235205945692,-5.103558452059067,6.430906547774433,-7.589422343790964,5.59137555980323,0.29502669380061725,0.14299925606091177,589.1089274017065,500.0507439842788,2776.2895723550846,952.0767497107958
mPk4XcB4yjI,mPk4XcB4yjI.wav,252.747959937585,112.16786669438183,-12.433612893668172,49.66161548941915,-15.907886718261667,20.31365898498308,-8.058026961251507,16.23000716793225,-10.16623798981596,12.17499055420358,-12.378333383742547,12.291078686449222,-8.457583635374721,9.73407893765156,-11.141262106156208,9.948746777366535,-8.32256708119412,8.74666670350383,-9.235320829620424,8.436645488487613,-5.504004940037055,6.621328874068807,-6.713468821329557,7.331995650438112,-3.8452227061893285,5.737436799100946,0.30521537869036774,0.1999163505282707,468.857648067774,469.33490982161914,3037.0626869856137,1343.2700172821565
Fvg9sUgqbXc,Fvg9sUgqbXc.wav,328.0345100373268,53.31923343248697,-28.680527729032057,34.42408194681123,-23.041301484208116,17.561918583258745,-1.6176535649110395,14.98340704367731,-11.15720960551101,11.234712381072834,-10.366158042444745,8.433870868590368,-17.057978020183317,9.266726965560691,-9.048138868908117,7.788115655619382,-7.52810407822998,7.614108707560737,-6.347197666902144,7.860227179586796,-8.938095441439536,6.103207356950186,-8.430950871459352,6.006283589435618,-7.81480025962447,5.569877925260047,0.35560890456003846,0.16000440901181223,680.7939279594974,544.6485267020857,3268.0590319441394,1047.705440569337
a6Mr9sdiAbI,a6Mr9sdiAbI.wav,276.6906064557228,73.34589254809393,-0.9226603252007607,33.91569399827648,-7.615680009112885,21.862271913971636,13.169717158222179,15.457676736102737,-7.9640409536610575,16.154901819325683,-2.6689964632178365,12.227305722028289,-3.4623753659079437,10.06004876768526,-3.708487829046712,10.219421521121768,-0.8793744644051771,7.578395468737212,-3.657751635513036,10.156524523215516,-1.3275361935814998,6.288652804028251,-3.440342339001635,6.452354874998029,-5.483073061983252,6.85210274214106,0.2793286954060799,0.15970727033100637,362.89920851236747,405.5552736234369,2847.822368854063,1056.9917594105016
2Y3IjmFERcM,2Y3IjmFERcM.wav,274.73772135665985,75.70401862151523,-11.163805395430513,30.332064989388417,-22.78515793758973,17.980136126392193,-9.198262737486479,15.310932732007604,-13.530351738996067,10.310737998606227,-16.709009377994654,12.030624474455141,-11.016355096307226,8.558545002256102,-8.932990691987978,7.089367327672928,-5.661722508692113,8.04033285429617,-5.6264345988850835,6.637225561103971,-5.7804554082751824,5.865548326435033,-6.656924619233376,5.685478610272596,-7.740893223744271,5.7140498620525655,0.30418719599717425,0.16504860311915243,412.2431234582851,461.0968023054039,2882.933553529116,1051.5354050587541
5du1Vx0Ed-A,5du1Vx0Ed-A.wav,290.2511820231373,68.40364866088328,-2.090860729805108,35.002440202021305,-12.43641020828191,22.628498637665377,13.754722025115786,15.739722902088042,-6.84206150142492,15.0766829284103,-2.2432106975542863,11.72413149803011,-4.076177994399551,9.69808422586112,-3.7251643962803724,10.380522407412954,0.6834604447639839,7.861568111522469,-2.1629283317098538,9.524781277312512,-1.4504850838283037,6.372161222515577,-2.930220263469179,6.608142406025836,-5.417043895018695,7.167819332721128,0.29112365447027705,0.15355447347165588,431.5718887784188,463.78286170477105,2849.2795030199377,1048.9600431352055
YrZqeJLJzpM,YrZqeJLJzpM.wav,288.2149298764247,66.30503298104361,-17.495438950695718,34.2393960048396,-29.733216307759356,22.403235010214257,-2.5163466895776767,15.767867913463538,-19.965163881545617,13.522826513842418,-14.0040056319188,11.342022842493735,-10.611600076365376,9.594918943083153,-11.455774958938493,8.384695692375715,-5.046261764823591,7.52775354599928,-12.952246451518441,7.663811660153576,-6.237043512143317,7.240906197360959,-10.21532477577283,6.951917566062606,-3.821720312412598,5.797729699915177,0.31351207484682614,0.1790930044965011,476.3890683564191,419.29102978495905,2984.381732733763,1166.6077284356213
sKXMEhFXpmI,sKXMEhFXpmI.wav,258.9149009032046,93.89689079244329,-17.308787954329826,37.915086970765536,-23.617906222562965,24.139560663475002,-8.407903887157337,16.587111582611,-19.801900246454597,14.862270891485656,-7.022225552285876,11.510112232908583,-12.803424894281557,10.445964109431838,-5.226090599615095,7.807556652911757,-12.224469210542605,9.140276500534995,-6.804972235928406,6.735180169621357,-5.5648080869072345,6.2581341446809535,-8.023739047198582,8.1076559560159,-3.4131246025393627,5.407348430245248,0.3223069600928082,0.1787929059838098,513.0537240725465,620.8260347467889,3046.403891656828,1206.3272687632225
5H3GIjHqyZ0,5H3GIjHqyZ0.wav,266.84777681723807,84.77918000179551,-20.27567329962502,41.363678403719895,-17.361285552806315,24.580498890803966,2.2509227600083888,20.058697135626996,-9.85751917670115,14.513501929260062,-13.218003970086157,13.046699351132748,-8.702133279680945,11.885265822135842,-7.06826987207056,9.681923987426943,-4.079820243883027,8.965530934895119,-8.865992503165103,8.780599984550266,-6.466515722725123,6.799107707187296,-1.9133408225529878,6.8730812817061,-9.303103321170417,7.460587040582442,0.33901510700499154,0.17764878490635874,540.7147710406158,718.1018033160173,3164.531381423958,1225.447375389637
XsC-PNXXv0s,XsC-PNXXv0s.wav,252.52159901799655,70.16583492048093,-21.46812170679324,35.866833213512265,-11.302481776160286,20.96767862669477,-7.433953229618735,13.119097567366335,-22.009549998336755,11.3206163474623,-21.035929826161553,9.549681259466574,-16.82507461544925,7.8180501688829676,-9.935020101250256,7.442602160837983,-5.4180345441820545,7.103490883262317,-6.662803319137357,6.130080718188923,-4.968925560658315,6.2872573662168945,-4.474850898508635,6.212666237926521,-3.3222934565254336,5.954379088637944,0.33045531559552815,0.22093957103361836,334.56641218826996,320.3622976038768,3209.9752046721123,1345.2867354083285
uWoa-gsGtaw,uWoa-gsGtaw.wav,279.01996982858867,88.21636927917397,-25.713682582146845,34.698318887686405,-22.91061315652414,18.936154050027827,-5.422082275788141,14.685072379993724,-18.105352190608663,13.893784052679628,-9.658529860494818,8.045177548598783,-13.611209124863437,9.174300593649313,-8.220526400390476,6.677163946162585,-7.853677334769963,7.631768331104903,-7.282904556599091,6.1731959726371315,-5.434387799514995,5.442396931178952,-7.572896073612314,5.506469858986532,-6.747765820120767,5.2088990448748245,0.35849064506185246,0.15995618435550893,543.5585724636853,647.0475018288184,3315.0709852524574,1049.8163498790625
WD_oaDjEQMg,WD_oaDjEQMg.wav,247.0118761706148,83.25602584412296,3.9776450684104927,40.7368138083014,-2.7136484787172757,19.9114441716466,3.1921289025389883,14.978762341007855,-6.335450015728978,11.491854707884162,-9.018055385612696,11.44552169905677,-14.520370272233029,10.169562929892752,-6.102234808079673,7.398209513112986,-12.961198183202919,8.854559139021532,-7.6416025567000405,7.9944675370687985,-5.220675378751732,5.979279277118621,-4.613785789258351,6.275538129720107,-7.202408760859276,5.739069694386601,0.23868112106237907,0.17492703337488996,307.86182324420673,400.89964162471654,2550.758835765746,1220.731266590147
VaJLgrui7B4,VaJLgrui7B4.wav,246.70393255847307,239.84496709155997,-28.559742760478645,40.27843277634075,-25.350945420455737,21.291280142838676,-4.849617484421463,16.296518510446838,-18.778495040529528,13.849646389332358,-15.782068621959208,12.516107120054969,-10.176571670203577,9.593368168850994,-14.802550667212973,9.19062405813433,-4.171959396071578,8.631896637565184,-6.760185948922547,7.044273936387019,-3.499977554607196,6.680256555254831,-4.38729918527092,6.494750255704648,-5.703078509939725,6.2157897694091435,0.3473261512459041,0.19474861023893564,610.9431690093165,614.3770248373189,3138.232846171379,1336.8517770483877
_p7DIoKVJ1g,_p7DIoKVJ1g.wav,269.2796165194471,91.3899674321163,-22.326361939229688,42.80848593733492,-9.995877712696132,21.77553303519714,-6.4346345889891134,18.39981140761095,-9.16158768815459,13.365021345514318,-14.359903989258706,13.600663029858104,-12.627683284540737,9.956716094989066,-10.531345627510104,11.101283455489165,-7.626310616890044,9.646788727572403,-3.9213422280785677,8.701843389693702,-3.658748574422487,7.425019714501423,-7.267707263929377,9.225130067143345,-4.938688215377296,7.655664544532269,0.3299288520145734,0.20902309098272467,453.61074455782267,406.7447691103493,3199.776434317307,1300.8569214396773
oeIlwzlLMMA,oeIlwzlLMMA.wav,257.11669783902846,67.18342086711213,-15.16740656018871,31.17242498811635,-14.479431093097324,17.915791969891462,0.818181834758198,14.20816216752076,-14.869776699486266,10.68903775697036,-21.47663683459452,10.57897464390385,-15.483213485650449,9.824996562560381,-5.541983075737235,8.698365952748187,-10.017375831139802,7.579391278329362,-9.266651637476809,7.08720244171158,-8.887555312510893,6.588572229177713,-0.5695941308571053,5.648889757626174,-2.5038252605656215,5.591150460286094,0.3157288789468634,0.1750293768216095,327.0574823657456,376.66678373193224,3031.526595461061,1099.800221775609
TEcJJ28Z0IQ,TEcJJ28Z0IQ.wav,271.0720335644084,83.77463503113869,-7.83641617667633,39.93363857483462,-10.235358695295199,29.113210608559996,-7.6858300532754775,18.26487786005639,-19.03335537650009,15.721452893163917,-15.219219399282496,15.415358515937553,-13.07869732446264,13.580258578559791,-8.354018770622499,9.871929734555037,-2.858904864574223,9.72228331025833,-3.50824642264129,8.839812490715474,-7.210930560801321,8.286726084549107,-2.413053095353473,8.299877654909325,-7.826257403110087,9.212041146745003,0.2904216195110018,0.18151316638247672,490.85541081792314,489.0935251339023,2866.246695745803,1262.31138347676
Dq371RFmbnU,Dq371RFmbnU.wav,324.1090499128146,52.844392664461594,-15.969531593559713,38.237028214302654,-6.596472049453862,21.195802315842705,-1.2300784963274367,17.986603546627585,-8.564198077523173,12.216917875145064,-6.674135468793775,12.29771653426945,-3.8840431190189335,9.397790459297585,-2.4513217632121007,8.322588235980794,-7.543581842849365,9.702865911035632,-1.0396659023513042,7.229360694182774,-8.128080409186527,6.827080010058621,-2.5786791185459625,6.0728367264519605,-5.343445626480849,5.650544763845315,0.3338172247207464,0.18021492785320337,739.791885939458,920.9361066594078,3217.2883210861673,1172.9986136044945
kFDVqBqqEnE,kFDVqBqqEnE.wav,272.7319133740289,75.34133168805326,-15.350850659565719,33.20138376513826,-9.668043892299456,18.040790699467497,0.9157336330311883,13.650688278407548,-7.157802066887861,13.09473207198047,-8.303515805020277,11.267604775705534,-4.555621574990891,10.471211605201983,-12.62821101014563,8.335641919243391,-9.77616934259621,8.708666594667685,-2.282056081366747,7.088229628793694,-4.8309036303318855,6.745075152191583,-0.5276891349855025,5.475746929740568,-4.499196227488685,5.7211006462188685,0.34242448314312524,0.1772150800989638,372.02782977819015,477.9493350385003,3194.914963129182,1109.5864187703228
n9tg6-ZZuUU,n9tg6-ZZuUU.wav,288.55027882908433,93.38181004940789,-36.34610260007695,38.43528229667028,-21.83296773158496,21.43028996965484,-6.628950701825889,17.36680706134351,-22.22281330081137,15.268655168398677,-10.393745270305361,10.831705689896758,-16.25627921349578,11.46393030831187,-6.9947446694646045,8.539588859318554,-12.37222424376182,10.113915555906736,-9.50187839268739,7.294018804338377,-5.415590660572688,6.980756005366282,-6.49218183219173,6.83436414299665,-3.275848300600449,5.8861879272130775,0.3834607460181699,0.19800073814000857,647.8950918101494,541.5228392866447,3465.271863071311,1231.4433490578178
NMfZ4ePmJks,NMfZ4ePmJks.wav,284.95060515094093,67.55441349386139,-15.95102189335229,29.888671040789774,-25.102214588456444,20.41596392944176,-18.40075629304079,14.618929874755707,-14.127948149550695,12.710662417250608,-12.617370271922885,12.127579893459856,-12.266212226877197,11.440356535358951,-2.67916452123663,9.052411829113845,-5.384267057094354,8.750972292715899,-0.7468817565311716,8.277341075367344,-6.292974661797735,6.636544975417143,-1.4734498774171456,6.647842602148633,-6.310775816770245,6.834422930799947,0.28040360133287756,0.17269053493632583,489.41682704422664,567.187538387963,2874.3811987263102,1042.6680480112389
Hz00x3FAD1E,Hz00x3FAD1E.wav,308.78093970272505,68.72140818314098,-40.975163354240266,28.857340648814418,-28.333204900263127,23.389991715849884,-5.378140966452898,14.941491205276183,-18.880342556856547,14.71851512057081,-12.54696735112392,11.38979378819551,-8.68315086806115,8.883811236251786,-2.234393496266713,8.364586516898754,-4.403251740508111,8.562680061185885,-1.935328673102809,6.165349811585475,-4.946058548702586,6.554464819399138,-4.503801483172008,6.543423359899809,-2.255323502589144,6.866607385445241,0.38657437777889914,0.1778300312620334,779.9365082488939,686.5558276344336,3504.4892091295674,1095.5713968001635
aOdaKzE8v-4,aOdaKzE8v-4.wav,288.81197632738065,71.42524532299275,-7.945837493429235,32.60639765845889,-24.162866668534303,19.228794824339733,-2.7749939283398812,16.670225038965835,-9.033072133058308,10.96574891186422,-13.7359133133987,11.315399486430024,-12.101472609261675,8.413046951494188,-11.157963858307456,8.356640216910765,-5.375850794173132,7.401242793394077,-3.864843187520954,6.704049423573187,-7.507979108275573,6.492342216551665,-3.4420962656086784,6.057374783169036,-6.474403146075748,6.086596286349425,0.3084576947283311,0.15832045247246926,432.61054842027573,430.451742957649,2853.3126022499205,1083.1360228351894
oea9KJtKejI,oea9KJtKejI.wav,286.91858427122986,84.24117558427541,-25.79070087276547,30.110198995365153,-30.4471497105458,17.34605520413359,-10.502043353045417,15.170536185294045,-20.70932605111495,11.03702893507337,-21.27743404754236,10.049503952526138,-12.369711757520173,8.420938677742813,-11.196671877943642,7.333202164866404,-5.505436259416515,8.979484348068775,-7.777128833822351,6.868317212566596,-3.6424487613999204,7.066786796356762,-8.642610803598654,6.605534254323873,-2.4653677315436053,5.415881937779466,0.33649130233836244,0.1727510725691858,536.8160510846317,530.5400899769642,3170.7439761019596,1061.632168989038
Tiw2yT3P2ys,Tiw2yT3P2ys.wav,295.19866849577437,61.761896732632216,-14.24327064958303,37.22776081792885,-19.598798996443048,25.08567006111431,-4.309701824885821,19.474598180885508,-10.974206820497642,13.494633211823153,-15.561397096691744,12.111489534484893,-13.054511329028273,10.36833630275813,-8.263402295030271,8.827829871281004,-5.332044630235456,9.308714444880213,-13.506133779567827,8.364704934596586,-4.72233416238787,7.374401415803867,-9.576837199637875,7.205876421985299,-6.683899932234223,6.036005752889696,0.2875761936474143,0.1828186281326396,551.411269980085,499.98516407873717,2921.159854840886,1222.1462324201061
443yrCLHf8s,443yrCLHf8s.wav,298.92395855525416,59.144703840156346,-16.49012027551364,30.01142213440655,-26.807046435785164,17.6692082307177,-8.369252051052449,13.807317459562762,-21.545833368760213,11.486075808480892,-13.505441721307827,10.99670556304193,-9.93472018079728,9.077189098483682,-6.188977687369099,7.315138965337782,-8.34697670622598,7.9584843316073846,-1.2472969561641678,6.823564326385466,-5.718762344898828,5.69743738868543,-5.070438410022068,5.725711486751961,-4.370793475487266,5.519468762809646,0.3069796336068317,0.14120487506014806,492.64625931678245,497.5547205600128,2906.3739438415205,926.5166350136627
MMROADcKEfg,MMROADcKEfg.wav,271.95391410173875,72.90740206944945,-25.89829473475056,34.18880612526169,-16.099294889390976,23.3474000342198,-6.460295608971783,15.93644919761309,-13.56679499705346,11.016099908435855,-19.99800419492264,13.894396730741104,-12.585431376387898,9.707012951038138,-10.480086368814133,7.9942404784232,-12.24676098193818,9.075745651492776,-5.552761857282056,6.981436268460687,-8.552184078446553,6.949121945205717,-4.0783542174355585,6.756025538983697,-5.437364724846849,7.300365625426375,0.3172568640277213,0.1825468800469288,427.8806214391171,450.6431874695805,3160.0999444350473,1089.2304213419739
mKkXUV343PQ,mKkXUV343PQ.wav,280.71551006715924,66.11966300339587,0.3179923009210906,37.158895270611346,-14.745484418281144,18.048815406731745,-2.214263863385402,15.859622264402281,-5.767971765487926,11.047922300268718,-10.712221697675279,12.33121608604991,-10.194290334291901,9.681819161310095,-7.348995062554422,9.516470482204857,-4.081756552805296,8.164342024815394,-1.3301193654160843,7.708339267761288,-2.6174140735568536,7.162696992936215,-1.922900185067519,6.3381589069460125,-2.127447821521246,6.949460036579616,0.28608174269488285,0.17833524271730297,345.0533823830116,355.1038924458206,2748.382968988511,1183.632802749761
nCSexSgcIuI,nCSexSgcIuI.wav,275.1747166617509,87.5167657952421,-24.28819794095738,34.37385745172222,-21.198867318375243,21.604658248440288,-3.503587280471595,15.546360421012544,-11.355494120591997,13.893574864358591,-14.930131641129234,11.750235889836846,-7.259793823525665,10.76898739774706,-12.865290546830744,9.379711335241915,-5.361520369669683,8.108456570735253,-7.506006680165197,8.708879277960826,-5.37425560485822,6.496330185138666,-6.374351405370325,7.261091690971846,-4.160819062896422,6.267160486175015,0.3572485160269094,0.16493328726225612,565.9291046373206,837.5634918341957,3301.390359837585,1050.7312128536319
12ijiSiLuWg,12ijiSiLuWg.wav,317.81170548026194,53.55399557764492,-41.795720176643776,27.99673047346579,-1.6555635428413795,20.58403438717693,-12.46656341030442,15.604536128110912,-18.382014942280566,13.093693083677824,-13.116974777519312,10.617239234369256,-17.65934926589069,8.63194083667483,-7.1532083628770815,7.76402170295631,-8.958230274022908,7.689781397297493,-7.517729865145707,6.5310921544857905,-5.347708536678423,6.569818097875577,-8.4371877292433,6.449821667328083,-4.727590484854337,6.150704011054734,0.47314243392562827,0.1896982023052038,745.490430759427,652.9151950117649,4148.178923033913,1138.3163888578008
gHbzWy-5i3I,gHbzWy-5i3I.wav,284.4590177795351,49.52521912314282,-16.352156882070997,32.613119207776094,-9.664190236406936,24.770680052925,-11.332472434581353,12.815076507481903,-6.549798300326506,11.363165911461149,-18.18229047120861,12.491556641931403,-7.11238927451472,8.571294542248252,-4.926982724814257,7.6819404946246586,-7.5283194388513435,6.978956620376018,-5.6212266805771804,6.307097329006739,-5.562839618189372,6.5028131454738745,-6.620435821093217,7.144927326519431,-2.8805863081485517,6.257592392164785,0.33687137740993306,0.23152551134947252,507.48123207539425,582.587828932677,3315.7070740867434,1470.4707958243598
JKuZhFAf0js,JKuZhFAf0js.wav,280.15074514239154,76.94197836233835,5.78739577090929,38.958778868400856,-4.866451412919072,23.112050767910876,8.133040349176044,17.754919786108992,-6.133120559349328,14.67890772540479,-7.089862159874531,14.420146566336445,-3.610611437463882,9.911088599174253,-2.2281359988966143,8.544329184524658,-8.09565096703725,10.19022732443015,-0.3398169408997703,7.3307875519931605,-5.908666914980551,6.59969921251182,-0.3573750641488934,6.470298646366207,-3.0319132800417083,5.941088060683964,0.24367057192035543,0.17532818580735923,504.63127166883663,617.5683838928107,2600.0043418630125,1208.1401772334743
3EFzlN0qSBg,3EFzlN0qSBg.wav,260.2574160059284,87.03805860214885,-20.773945672795936,32.51014463387964,-16.209131653065914,20.11774952458483,-5.994317451493809,17.31453052741036,-10.324519616951836,12.263585720016291,-13.508876855312828,11.831843597236688,-9.046043202907324,10.676423214793207,-10.985486011359827,7.457380930209901,-11.612997954517082,8.0180622890689,-6.810952586486014,6.469744618588137,-10.983327509875226,6.129659132251315,-4.438719564913778,6.313426966444018,-6.175201015100698,5.719557812637672,0.3303539477301336,0.17088820825248197,413.8503225115038,535.1436685638984,3209.204003802378,1046.329245386038
py7Cjd_T0cE,py7Cjd_T0cE.wav,266.2805619675846,93.04141217656758,-12.983897009608956,41.06979240552187,-20.21413589147707,28.80867680555422,-13.28537681026427,21.61594119907371,-11.349273411103713,13.540684040308118,-19.427942401387416,13.878463942068274,-9.02042273787116,12.208778203119682,-10.77767969951332,9.589622279826532,-5.420349821067618,10.930197998259427,-5.948908471277554,8.046756802629911,-4.057540329966966,8.917056074615173,-5.0438821927250155,7.613749091647136,-2.974626304113035,7.606899556146355,0.2597985335774196,0.18159505154612465,564.6781625856422,704.4432312814251,2838.593615373178,1255.9689072391584
WwO7FF-8vTU,WwO7FF-8vTU.wav,266.6148064479683,73.41594322729306,-14.905730114249058,40.42477281941454,-9.69505757385977,24.048108864389086,-1.4268075029252134,15.988930633055547,-17.443249507379615,14.136323261329512,-12.522028672197813,11.763946927044808,-5.579610640337667,9.681117999735585,-7.424728312472941,9.011696614482279,-5.902372353421334,7.847478126565842,-5.395413810477708,7.466251916507914,-8.36600460518945,6.657264297465239,-7.50694713852486,7.174421704987916,-3.127837548038791,5.541065824998612,0.3364264267543708,0.2054512200251812,396.82995245068275,406.3969579799726,3113.907276351646,1320.6925863208905
mZwLFmBxfiY,mZwLFmBxfiY.wav,301.9738119481901,58.175399754756505,-36.74379338794991,27.162373261686703,-18.064131396689955,17.688360740982088,-11.418231607771107,13.904395502652541,-14.032970394605133,9.491899918598511,-12.741573932274788,10.530051722843568,-7.545775877246795,8.318374461085503,-9.502987200579428,7.58884848977291,-9.375730617876824,7.501542153695222,-7.659646463188136,6.634161536256675,-8.882664284575624,6.244607174129374,-6.925022522567447,6.007105913261861,-5.4523253851031654,5.946942965060995,0.40511688921299904,0.16512684583801093,575.2725117850105,730.391555455564,3659.7832324708497,942.2410673851023
RJ-RooJ7t4Q,RJ-RooJ7t4Q.wav,253.6216438318253,100.28519988754509,-16.33191780544215,42.683681345139156,-9.563003084893698,27.533879218968494,1.6812791174829347,18.962903853547957,-11.824918540633425,14.810815640771057,-9.872407067646181,14.44883995043117,-5.532858468851069,11.445154575034772,-9.164398736265975,12.382535215257217,-1.5162406650931195,9.753667756854167,-7.807080191653857,9.383758122572726,-3.511191904755927,7.320120684478972,-3.975819186187466,7.081154572871685,-7.046533829286669,6.709605454754952,0.32174446019782554,0.18156441155327113,551.7890761955377,823.1246307152053,3153.697567227838,1209.1661850556325
oOq5jwlZx24,oOq5jwlZx24.wav,289.7007114275659,68.57769431424104,-18.292661744661864,28.66070836973438,-35.88314520719794,25.18388816164163,-9.069526910770314,14.011004665191216,-18.78471748093333,12.362272723327457,-14.227150549472782,11.933322204060117,-7.728203383166122,9.873869496989764,-8.36887791132556,8.616068927065111,-3.204340841072376,8.894519706414151,-2.9583101708263286,7.2786659459338106,-7.840355216732876,7.019128134399652,-1.5679629242138708,6.546941812714614,-5.610493608750427,6.669270005110662,0.30496028056005736,0.1462830081086132,609.8651847358935,738.8604281136309,2878.5883392463006,978.6723170282831
nSkt6g_9bbc,nSkt6g_9bbc.wav,279.23389843368557,62.484325324947406,-2.951886476462907,35.13524922601987,-10.467254653284453,30.88912766768794,6.595832452460256,21.911495140033427,-9.095678932760235,17.248583267521216,-0.13293959887498832,13.561606471034333,-3.7613498656904936,12.152722944385461,-5.936948569345674,11.273749735055551,-1.1825949646042082,9.658229575218591,-2.3488361913616744,8.635937667815641,2.115815416816767,7.853642813698957,-0.009204455477791224,6.671347921352614,-0.6127211647577605,5.757579013911885,0.28857456540457144,0.19133680889262825,582.3007552879461,777.497654056973,2877.7046629596844,1287.08800111395
K7HH6FHypGE,K7HH6FHypGE.wav,225.50721687564862,232.3196073540868,-23.262883980771175,49.20359205290803,-17.552380119992748,26.846731730813154,-2.8727378244319755,18.58777913945368,-14.06350005103611,16.276565399491574,-10.931258668137255,13.635749233876533,-4.685737515633983,10.995855443810305,-11.80114797012278,10.95072009819288,-4.8069485510029795,9.041564720959864,-4.737140139874909,8.792637423924539,-6.457726575635324,7.378596375531397,-3.9477256757200756,7.3843155312080775,-9.437321360350648,8.260401894030334,0.2997594521662723,0.18274582110180237,541.7178917415429,557.1385062723637,3061.474071698165,1348.5991110062582
_LDAnryI0Hw,_LDAnryI0Hw.wav,277.45729877609784,59.77953885667415,-6.21529124913978,34.36650539273179,-26.20025239294622,20.251991311777783,-13.429130249719824,12.958832485163446,-19.596640834995434,12.40669432827416,-12.549667589499073,11.340604016835064,-12.792304966591441,8.824917837141182,-7.8034595424071345,7.606290685591311,-5.835076752562682,7.412310465825823,-6.653471227713308,6.480464838549143,-5.327604180772386,6.5450057996181386,-7.885070668541699,6.462210640701552,-2.157416264095097,5.277376425100247,0.27778115355080524,0.18724968446575355,384.3629110508966,379.14019091874576,2708.3117859361405,1196.829093805291
s5uD0GqsOxg,s5uD0GqsOxg.wav,276.7652958209883,62.371313473859175,-9.641719680051386,36.135056126250056,-16.56946879217304,23.794563811713292,-7.956504573452664,18.354983891607866,-16.216970039992113,12.427710154535994,-15.415295671254649,12.489683808186252,-13.334754916162144,9.757531740234448,-11.442000281386905,8.792557389994673,-7.087572989624194,9.43303927289613,-7.135245176518824,7.183095332751164,-7.89458316055441,6.661740717514268,-5.312382938806641,5.885378034996788,-6.987846260625358,7.072889905915672,0.27797384045783197,0.1979444865940727,407.840185663076,349.6653941980069,2835.2256067442304,1275.2560738463267
ekgfKs6q-JI,ekgfKs6q-JI.wav,244.16853438178185,114.22613025787604,-14.362416139003546,48.424579613918766,-3.4438353501029826,24.863567440375075,3.852919084971811,15.184479283596858,-6.601629552279143,10.088646348334905,-16.625886110134015,16.058741774082815,-8.208103695252829,9.429790531237199,-5.526204542404487,7.98732816430083,-6.430706156202141,8.571891877615224,-2.3206166515366853,8.06157974196328,-7.09069492651501,7.563029090067127,-1.0466640513674288,5.816631533663397,-5.033258126246207,6.017790892902878,0.3647783233663505,0.2244013745854173,434.7926229875349,555.951190944305,3234.178541594575,1482.0464368024404
vt9PikvEQ-M,vt9PikvEQ-M.wav,288.0452358633809,67.02141629258128,1.1288246971918974,34.208978864856725,-12.186616364934702,24.554436111614123,10.790192851699928,15.479612032720668,-9.216673980442586,16.033648180306276,-3.069964963573085,11.856877654877133,-4.575952981259704,9.488232583058284,-4.721052904266745,10.218608878995774,-0.3192548670677777,7.626005693322096,-2.888165709901549,9.531007841743447,-2.0885413590090107,6.033289621594905,-3.8359273274191423,6.232428724632084,-6.304763196258577,6.758482794480757,0.284628568580205,0.1671600585020121,405.51611996587764,433.3787896738127,2825.476756070407,1121.361246333303
44lI8jZTz_s,44lI8jZTz_s.wav,268.5534728644156,108.53511816685001,-7.159279984413762,48.665873353028864,-7.2089897138430326,24.977893184318276,6.367050947490024,21.773954583897957,-16.29953668562067,13.57626737875537,-12.930044865895768,13.158736866609118,-9.08267173052672,11.553564072119949,-12.554752606463582,11.870743941218757,-1.2659901530681426,9.399433211632402,-6.634965134819936,9.724889990882177,-4.775686682782306,6.4153544596158945,-5.935649985340412,6.502606025174109,-6.048385319997279,6.9421551167234945,0.2986275872536567,0.18706836129957716,510.52898824025345,605.8223793512432,2897.8979485002583,1343.830218709964
j3_Ksxu0fpY,j3_Ksxu0fpY.wav,256.3405550131368,119.65048029216936,-33.282076055528,31.101056182197592,-15.455105303965711,21.478797996329956,-6.867326679121692,14.768557432879929,-15.447002067689265,11.626413092486809,-10.611921439911242,12.796420588218925,-9.766362008629207,10.372976429815507,-6.630423296742532,7.372309948429777,-11.94114974323073,8.09681028465323,-3.540117194082595,7.4998429246088625,-5.160859064850846,5.733789694577607,-5.993687441834144,6.312419550575669,-3.194202611968436,5.793611584488896,0.37972050192652074,0.1602937879176402,558.4726731073263,662.6073080670321,3500.330990095229,967.0604912017461
eU10XXi7dAM,eU10XXi7dAM.wav,260.9978988019001,93.2559352017603,-18.830169874847265,42.33220068930605,-14.474161106287811,30.25422336993116,-15.006131969510653,21.28754725535636,-10.677782099551031,14.241977134455416,-15.80062131615992,13.394223312967105,-9.269624780333983,12.617470962608552,-10.681888848864459,9.895713969927092,-5.328151906640438,10.460007710673013,-4.319979214916659,8.22278539104305,-4.682007830807772,8.271911078137137,-5.006683461020986,7.288808852738142,-2.5500196503053485,7.044721466350749,0.3024809142611311,0.21900704870838006,546.6246169833387,677.5359615965968,3133.5776027259017,1453.6594582131909
8zUOqiTJsSY,8zUOqiTJsSY.wav,261.20674583236956,72.29930111626925,-3.5282688835579408,35.23423766428839,-24.062966045199705,21.857052536645085,-0.0033181831379789396,15.013188797511624,-21.711621750846973,13.972303023553277,-8.668724803772196,10.925910447563313,-12.857527477342462,8.623425094684888,-8.830310800143149,7.80404811746584,-10.119619391177489,7.293745983442008,-8.183541449876982,5.900623518786811,-7.666015794243774,6.221263905528797,-10.437844746933514,5.69659515130743,-5.250953600405312,5.42327191198561,0.2638847792201661,0.1765892788106829,363.5684899351233,430.68831225462077,2624.295426274637,1146.2870098997632
WANOk2E9w2Y,WANOk2E9w2Y.wav,283.2287173770449,69.19108621460272,-5.167258761766567,31.32744270602675,-12.851501091468913,19.06591382329307,-2.7260989976289673,13.244791526131449,-11.037095393758888,13.04661295907846,-10.910915091875475,9.1265800753962,-15.216502180544728,9.805578967500598,-12.443229291686308,8.89445122278025,-0.5555826880949177,8.286393709610005,-4.978349757249549,7.847049517905931,-6.156505240479857,6.3407662103042615,-4.55700217442057,5.922938497963566,-4.222844106055336,5.495661680559507,0.29266795262164813,0.16815548181947595,406.77034654986454,638.0662629232276,2933.5970428961123,1049.831155627024
2-7U8bLjlJE,2-7U8bLjlJE.wav,303.50088334839,51.2862732404096,-16.49094758557633,32.568536110586564,-23.98042561533483,17.187886400558046,-7.99627090630347,13.965644545884569,3.3964080049800756,10.189040935444558,-9.642761010528439,13.04564892394288,-17.226371867444122,9.933629469943268,-11.278516855565456,7.280077966749951,-10.012358002819218,8.580229424431483,-8.062045219812559,6.616204242470476,-4.981945247015561,5.681460302401984,-8.135285645185833,5.939702297177874,-7.034339561449935,5.230921714190972,0.30729587858535223,0.1519025113764154,523.2337084126564,564.0484346069406,2977.8428259707475,1032.2828279752646
l1wHvPibOUo,l1wHvPibOUo.wav,298.8827800161326,83.86194591054382,-14.841991867421639,33.07850745078418,-19.68827971011337,18.592555953866146,0.9681602715409755,15.602685324113576,-13.295799419172868,12.20115284809943,-13.300262299683153,10.153437433158482,-10.755191774359835,9.428530302718302,-9.715641380496557,8.8411230438438,-3.7430147029080554,7.829260289255712,-11.045465008685202,8.094965948166188,-5.090022212106791,6.1272403703023,-1.2214490700690952,6.161863161292533,-10.4925494216877,6.913595141769891,0.3293643115140793,0.15871834073081212,520.6075757313095,571.2722149022031,3076.6678386311314,1058.5528916008207
vsMqvHqnRUs,vsMqvHqnRUs.wav,288.9799159283222,54.2267615098653,9.84794334907506,35.36451527234387,-31.663119653003307,20.416667060797334,-5.538880240265236,16.713499949868833,-6.257020755177715,11.060306676715413,-16.39197375202248,10.614979621531576,-14.515978244293787,8.273404530125267,-7.751876517570602,8.699393403946546,-5.946673864311539,6.099662657503132,-2.0216500102256925,6.650163631334387,-6.810497607070235,6.257383256821316,-3.754004095487637,5.679865180277412,-7.197059286637019,5.635145715361486,0.25886230210532796,0.1509048417740775,419.09161645360365,385.8666129717445,2412.293183888912,1099.1350255951522
ghfHQ9S4PRI,ghfHQ9S4PRI.wav,224.5900399202515,234.6493622566745,-18.548399366708534,52.06202473062118,-14.093613227040878,26.346812703088496,-2.157779587516014,18.442209574829654,-14.18403663058817,16.62339298054586,-11.38421611651606,13.02208301264805,-5.5164489649477915,11.410510047363251,-12.830817239796707,11.283096879172103,-5.986386320267731,9.338505278994958,-5.188084738720909,9.047370224643906,-7.257620625736597,7.675383174191991,-3.614481230814216,7.253051156248079,-9.902201669205477,8.071900540871804,0.28661411569199524,0.19162453711105043,519.2516353779781,525.8443185957846,2972.3554695948933,1418.4545546821744
-jv9RdFCTSc,-jv9RdFCTSc.wav,303.2279456291478,61.33582389493078,-26.409176593900284,28.666179737956362,-13.176180131506174,19.141267383220463,-5.983696554559044,13.435109776709009,-10.04651473783367,11.195284139770429,-18.802545782662875,11.269338585680217,-10.07954640807402,8.670716888883964,-9.418380784176046,7.3342609805107335,-4.214486764667219,7.0111652487031675,-2.508461398092522,6.409945536971622,-6.009262674803884,5.935256127507114,-5.136788806857178,5.687438976709773,-6.441938306294618,5.058958077322976,0.364755948863276,0.17109530490667135,564.81990836603,759.7566552944241,3468.0450773435778,997.5567715897938
Ky65j5kZ72I,Ky65j5kZ72I.wav,269.59122083757387,90.39144082246352,-12.55438529312563,41.840196215388445,-10.873461100942368,26.520339580780877,4.214794399189734,20.59380145656054,-13.395003699625335,14.493082149867375,-14.002500675532907,13.305626897180522,-8.310959800287165,11.243350783062189,-11.145723484146131,12.116740588019203,-1.6667582091788473,10.726303126803238,-8.983595059935912,9.203428913999225,-2.844759918096153,7.160944467710444,-3.744275928798785,7.332327937480332,-8.250730650916385,6.619671647450459,0.3059671466696667,0.1795743772313493,574.2160132378164,800.4209689348614,3048.3714959509894,1217.6109483645057
-LeIIjOMP-c,-LeIIjOMP-c.wav,284.78633850309865,58.65380076369064,-14.107024012723901,31.265661488295326,-21.73246496892456,24.65498650588222,-5.231215812636719,15.813933793628651,-17.278040957574806,12.92813181749381,-19.350175120838735,13.792354213939955,-10.532911387610133,10.00167128457637,-9.775414422978397,8.235659939236296,-8.100307956325162,8.497991720694735,-4.3033314707244745,7.202338639901532,-6.301660809319384,7.27543012253852,-6.536548938057498,7.306743378193887,-3.454595492459411,6.388014194053347,0.29030562317236447,0.18308965666828678,450.30299160792015,414.6673646669704,2878.6702363947516,1172.5812560757067
JFPb8HaO1dc,JFPb8HaO1dc.wav,123.23229299183448,412.89508958860773,-20.966424369771477,49.600329067919034,-26.793310710006704,32.80657521831766,-2.4393716226237743,17.47638774071412,-17.713979507725014,18.472784747198638,-7.384075264282494,14.660118066634464,-9.330172535650926,13.054443348837461,-5.712707721342324,11.008651330353132,-7.811862243309017,9.230634957136134,-7.426141384468027,8.687966381385957,-3.103556614453999,8.03080442038134,-8.704288436804969,8.614918559277555,0.1418177796359043,7.947963079333273,0.27525600955000834,0.21345912842484047,637.5500934502567,740.617722968372,2717.5915935349426,1688.2336448152817
t9n-exQFWKA,t9n-exQFWKA.wav,310.64846890790506,74.56372429450556,-16.49930856018282,39.840658007432374,-5.134667096651774,20.899199149755734,-0.45973850901426905,16.91635561786668,-7.865211129792643,13.38825907611738,-8.577323310879544,12.873019698472264,-5.481335152414701,10.248008969879466,-3.456726675553679,8.688477244462641,-7.882454839053486,10.01239532230885,-0.5436911644491561,7.715714058719366,-7.246973389034995,7.86184765007936,-1.5314935715751572,6.5766914621025725,-3.3490502779891758,6.244288227108504,0.3290121064880167,0.1826159642127668,696.5162057451948,947.1345235000998,3206.547974839266,1201.8817969378551
EwiLP83ZHvo,EwiLP83ZHvo.wav,290.4772703758065,51.23433167134542,-11.11584425974912,30.96974166991937,-23.254034356434097,18.70269997509103,-11.199211789498777,14.522952244310105,-16.067084018289975,9.894074593456203,-16.87750608626554,12.008867669008204,-12.364349408539802,9.24130624767321,-9.344408816825862,6.962352687526805,-3.8743956874670467,8.36280674270001,-6.224097101282656,7.357881611072423,-6.256656878733737,6.7995511649313585,-4.070910506187533,5.768377510012107,-6.525233803562278,6.074239660900341,0.29549618340849854,0.17018138695038482,410.97755129919364,450.2960127662185,2888.8804034801096,1080.5617945775118
TM4xVtOQUvA,TM4xVtOQUvA.wav,263.85060922234493,96.03332167610004,-17.030247290741578,41.23703052818178,-10.970882459644951,27.827156341149735,1.5423439230179767,19.812009268872067,-13.259700650777793,15.08797905895641,-13.30575150532813,13.264966017787316,-7.189846127364385,11.444188902439253,-10.165329795910061,12.250256225680243,-1.5250475049959962,10.194769568361222,-8.365958344289348,8.766313041143729,-3.940776888805218,7.19874459407715,-3.143060385693182,7.410362657828853,-7.192960190645047,6.630783246168475,0.3217613631147465,0.18294062429051663,563.1426780158341,708.4537128784992,3155.7538717282578,1223.9578848206472
vrgNuEsFdkI,vrgNuEsFdkI.wav,250.89938928360928,71.7299707443798,-16.829458326951972,33.08966041165434,-16.52733450266537,26.814459184673886,-15.774258922340513,16.12889688051106,-22.307104981584125,11.78145892076134,-25.504663196704215,12.761675187823887,-16.26751722752556,10.116736095490726,-9.357070510094482,9.792789257653931,-4.221560064109578,7.831244260791723,-4.700059431451207,6.954577360348694,-7.529632345237664,6.818209754365661,-4.762253304144775,6.660048115060383,-2.9669607681764316,7.313699453187609,0.29113070272081226,0.21025680554407836,416.73699210262913,528.5822094881147,3025.6717189816754,1359.9275272671687
tfp5uTB4T-k,tfp5uTB4T-k.wav,249.9656126498218,74.49717905095771,1.7386831495958872,43.66864062600541,-2.1992144856898714,20.917423433521197,1.5342391710742505,15.598230597773583,-6.747312355748537,11.396321409170708,-7.628786935910314,11.338513801014493,-12.945693349685762,9.950313991565842,-5.5771221482797575,7.217242819668702,-11.130481995882072,8.007819758041022,-6.667334073858776,7.156909785831344,-6.837686646914437,6.070359897455727,-4.753966020364397,6.4018017281768484,-6.827034283487158,5.590006156835697,0.25522542847811547,0.18889767455267875,296.73776082299094,363.42528597922643,2634.249457037282,1304.9083496486421
gMIENROmamU,gMIENROmamU.wav,307.5647040129624,65.40344752821792,-43.09193436534924,37.710114947238715,-30.40869121556059,26.56820132305453,-9.654931319614763,16.839994160946866,-22.271724747877272,14.930358710789998,-11.653865629238378,13.535481471348088,-10.176372392154397,10.801016516813867,-6.380864767295856,8.58021982556649,-7.4474923060457785,8.888115374458144,-4.180419371587603,7.2172381120503255,-5.757202358437737,6.767181089630277,-4.323926141452966,6.859249826354132,-1.9170666984794964,6.8921925106694495,0.3749916604262246,0.1903886208648402,849.04454625304,672.9605330672109,3437.8168718947136,1249.1612870401032
Mqk_j_248MU,Mqk_j_248MU.wav,265.8216473772454,86.46061194930537,-12.426292394256471,32.70930806420088,-18.00057611397676,19.211964446699493,-6.456581789559991,15.174843093896873,-13.791387037122723,12.29103204483255,-13.769083595718271,11.027911740251646,-10.302173652239594,8.505765085385356,-10.688660937169923,8.624112786948787,-5.955877160076235,7.628666765656955,-5.0949176908707035,7.060276507291219,-7.375091625320677,5.962291763713243,-5.660112544224055,5.9014950047082,-7.758078656131734,5.714402053766056,0.2958564280737946,0.1547711958247906,386.69569367563736,419.69747774147396,2957.618617097843,988.3055785445924
Ybff0l10lPg,Ybff0l10lPg.wav,274.3400479440832,81.88774105685015,-19.172958484056092,45.417367988728714,-9.91185483946752,27.5673243117799,5.683781747143503,20.76061410759405,-13.155573501222994,15.618756205370484,-14.059739230541146,14.151631240566305,-6.102471020557765,11.942894605542145,-11.505691766097053,13.159496007479408,-1.4812476742592606,11.478565512741222,-8.895338165021316,9.464968363786161,-4.443335502315131,7.920469947020263,-3.0218031326203985,7.412291099411232,-7.749696532880354,7.186646942665324,0.33628026301772324,0.18731684735536563,601.5359670909723,767.0903536308484,3214.8327447138913,1264.4799957275625
uV-uNp0XPrg,uV-uNp0XPrg.wav,272.7036793172063,67.48617346668097,11.000904538138359,35.54863514642627,-21.36595987084144,17.21773406728128,3.892887135691298,14.710341455194627,-15.139708651285764,11.130590639421253,-3.2840682270396777,10.417693461902777,-14.436996990981122,8.882754570865991,-3.6127710335282233,7.699707137027952,-7.9232823937860575,7.044653538726154,5.166017309550819,7.359967951080789,-4.850262103031882,6.3531965847475735,-6.553397551543203,6.768770924214992,-9.191484688804437,5.6046700676127585,0.25750696616157903,0.15274493083573148,343.8473779947024,402.6993658979779,2409.084297092135,1007.9653211333185
NmsY4drnh6k,NmsY4drnh6k.wav,283.7160482997594,75.08969113598305,-6.16310308961627,41.656600461904375,-3.6921503184336104,24.66087924915315,10.486895599345985,19.283058260017107,-5.50952376964422,15.657874915886133,-7.011690231229168,15.594946843695174,-2.9922763798383842,10.545064435146795,-0.9435681014851394,9.230784989317389,-7.826495366670984,11.690079434459994,0.8443703828717851,7.526030291293029,-5.5579486500624435,7.321594879283182,0.9641555533673325,6.652457845236776,-1.5348466441347544,5.789671597548415,0.2876536628288578,0.18909763199712906,533.7830360537403,633.2371278644899,2916.267807961153,1264.5255590046277
7MyBKguWNyQ,7MyBKguWNyQ.wav,134.986308951378,397.8835993307932,-9.041167556712505,48.72618542087113,-15.743516695213334,23.84120212191886,8.933568811422024,18.437175046772538,-11.914533740867943,16.028032670290024,-7.190121254727907,13.120787961402497,-1.9817312262563505,9.97317181330288,-9.768454126687999,10.441800358688328,-3.3828133733780517,8.555880656195688,-3.9208041305996253,8.037075733390928,-4.071753460187372,6.911858627268091,-3.0530711946429747,6.529941746995736,-7.36045689444991,8.730098186186732,0.26411795462482224,0.17370939195641327,525.9901611489939,597.0014638381963,2652.1982365077897,1464.2992568436705
jLkKo9o-jcY,jLkKo9o-jcY.wav,269.64620706515205,72.10273581575328,-15.487501349015004,41.56942604481101,-11.13000845041817,20.968000272253377,-2.2468652475380226,17.528432260878326,-15.547453316602072,10.494815601351313,-11.41528877040917,10.41739466316951,-11.883223095109196,8.697789922964352,-7.120646838213364,7.889767002817857,-9.033419383082377,8.096163445347115,-5.526196764061734,6.851745439875555,-9.327121427004892,5.998612903887896,-7.203770980574786,5.889990535099638,-10.664013705912708,6.225069316248115,0.3178939292072639,0.1921967540479056,387.57667264034194,383.4995364325717,3035.068923933193,1226.661581914325
Wks4MiNTE-Q,Wks4MiNTE-Q.wav,273.03446378661874,70.2733900485977,-28.420036705227556,35.41381297148076,-27.954401048440747,26.93207192077125,-5.9500065039808625,19.54831577353933,-13.836203424609984,14.211397352168301,-14.31196128407007,12.247998761723059,-6.495946013380013,11.918220227248602,-11.062941673063497,10.141817479521588,-5.009084302118071,9.123878068926757,-8.88217470621981,7.830103651809579,-10.002358048695438,7.318303689971364,-6.0041431963998235,6.002352915405692,-4.960344548143617,6.457389248113269,0.3529603719045697,0.1928966103782867,652.2840267033365,888.526858486519,3278.632079237782,1286.79294203376
JvDeMrc6c6k,JvDeMrc6c6k.wav,246.89111946445001,101.5424744154734,-21.68627076818651,56.040603424513854,-22.19006635649017,31.173476280878585,-6.626241181971885,23.15708691397463,-20.28752824442593,17.91947847348353,-9.450482076336483,16.05967919575283,-5.666137783653807,13.82743351997149,-13.1837739914487,11.374981674166442,-5.613639393305786,9.875290394904454,-7.6666637587797615,9.340500050356406,-6.06855759673369,8.030003496340294,-8.04587974700097,8.025626399029873,-3.5342928016957083,6.673949168292958,0.3308198209653977,0.20273080790081147,554.8963395673255,610.9903494949743,3091.146287111017,1452.6072201368656
IuzK04m-Px4,IuzK04m-Px4.wav,218.6328165188204,167.2532462245092,-22.012020622104504,47.06650613435452,6.063416882607012,27.952167295695045,2.608073973906182,21.81617050596297,-12.281307844509016,16.201204155935056,-18.480248111760467,18.37551030310698,-19.2588478299716,14.446472042582743,-8.877717072258521,11.358069122214781,-5.577147330086066,10.733721115835667,-5.066859547543595,8.85231855084307,-3.334882349545768,8.688684178667922,1.1350022585078765,8.754561093467965,-4.180100389661703,7.331938408699225,0.3106017190049735,0.21327147806002894,515.1799333558165,768.0268511126039,3146.8264551922316,1427.0520797839918
fs1M94c5AI4,fs1M94c5AI4.wav,272.433788966213,79.38806882238357,-15.473225932325539,35.93749751730386,-17.66957691660859,18.898173461389753,-11.258983118374658,15.03163919728874,-14.203571884841997,9.7495636013731,-16.829049267317497,13.03816875786302,-9.352253423401253,9.06494771637632,-10.008073065846014,7.8437358650055105,-10.50268906616662,7.617886760709808,-8.777475017111039,6.4462875067671845,-5.929804486761557,6.458767648937749,-5.596019060750865,5.7282261968906685,-6.207280778046496,6.148923554429648,0.301317106372125,0.1845789899627021,411.93899389611653,383.1029121423904,3009.9633412967783,1133.41645963194
_D8YJ6opZYU,_D8YJ6opZYU.wav,301.51725215382,63.932275349396924,-23.665579300475517,27.48744728638202,-27.76071155439734,22.165125627219684,-2.8038298986313874,16.47388791969605,-23.706444260913184,15.619216280313221,-9.068369346831217,12.720673688330981,-16.048457036659595,10.264208149825807,-6.858635630161274,8.269732486993467,-6.95439759003436,8.162849686573157,-5.798238431315742,6.967724419586378,-6.277862236242457,7.485443090387257,-7.814230939111459,6.929849115440374,-1.8575095933596846,5.425895637394321,0.3363848247129345,0.16119105568451433,581.5231854260988,561.0827763987053,3132.813225882849,987.2530462546879
noVNEeU5CS8,noVNEeU5CS8.wav,277.98925905066585,67.03638257272448,-19.122541328134975,38.275851173012576,-11.705756785513476,18.33492886715764,-1.6401276126064677,14.995683505736107,-13.403170130702579,10.050268428593196,-10.799675482893878,10.159392140228258,-9.087305784416992,8.162475861257189,-7.111475503696865,6.968368322347402,-8.519627764636216,7.447361765416193,-5.057700240925282,5.942211695763182,-7.161976120689209,5.578857170278846,-6.012706244262623,5.299448747316902,-5.952509095808671,4.777629087664486,0.33259579466377115,0.16859694739583406,458.60517282308916,641.0991299285125,3143.6308953357902,1075.6714495032577
VsjrZDMAOi0,VsjrZDMAOi0.wav,272.503711906631,59.96682332157726,-17.868062022083418,26.79097942205526,-13.916633467949355,23.34722668293481,-1.4125540690908625,14.343646465437335,-21.5147585182391,15.172278667001335,-14.570705590635644,12.314581328698445,-7.777797845123517,8.869279594489994,-11.896149292298613,9.045062743736375,-3.0958654768424516,7.297729126951448,-4.909508617188056,6.294745927123378,-5.818609960992215,6.698339819911791,-4.568102807708937,5.464487378858297,-4.362630172282742,5.45923683643978,0.33626247634798173,0.18449422986493677,412.6910463874403,582.2300715987838,3158.1081747962894,1044.1962532784457
_-FqHYWq-kI,_-FqHYWq-kI.wav,263.5263440428279,80.48935965380898,-6.333416061030137,34.98779855671287,-20.727092689638926,16.230665285057867,-10.872154734224647,15.472342555923257,-12.750847577585565,10.209503342388816,-16.930047021399243,12.556928000000482,-12.494773183685464,8.83299523496397,-9.364914649542827,7.388623012671281,-2.368942275490678,7.763557267133406,-10.916918326299959,7.395313402435088,-7.334521303303355,6.4063521333514535,-2.2194613352497155,6.05760116204533,-9.479260036264119,6.3898022508485814,0.29126923346164374,0.15881110546826957,357.6777213400047,441.1894944889583,2828.411300965859,1027.2123444121407
AJnkF4zA-VA,AJnkF4zA-VA.wav,248.75919460715076,92.1222322576195,-9.425614786579722,29.569399460457912,-22.359736066816495,20.405505711890886,-4.899720823817674,13.043100072463226,-12.688890168796863,12.984113201022,-10.461320844670347,12.613195065572098,-8.387532742647654,10.213820414802164,-3.8500033121972015,8.75718047847439,-4.099906002553163,8.647825957543954,-4.549509836182184,7.288098094191216,-1.7297688084174676,5.926851665288164,-4.8425065608963,7.5160590799628,-2.1264469066466427,5.34585466250431,0.2952383478130973,0.1622165605639189,396.260731571975,609.6960057007396,2914.9813587115964,1061.1769801517823
eoPW7J3ZJIU,eoPW7J3ZJIU.wav,311.3686481282211,43.75264399823239,-25.03774229044709,29.610818049009314,-36.54498294284033,18.713691703599483,-17.2086536379289,13.0290880599317,-25.90087912724637,11.056204861421566,-17.874871351331286,11.61885441263885,-7.037799369368892,8.703973523678059,-5.638602962670896,7.284594621678996,-2.951485844021133,6.519730314834311,-4.824731532748464,6.028987550582956,-2.537224380547947,5.644525675165901,-4.148527375722103,5.341929467176767,-2.2790036858461913,4.7762070358069275,0.3059016688879389,0.16618451760892847,572.3508969221849,510.95721461179295,2955.283151327279,1036.9772320009595
cJdnprSg_1M,cJdnprSg_1M.wav,268.77036277655935,78.55346313225805,-28.998641165033995,44.721155557963684,-30.806282630563445,30.33058833812751,11.681966262902787,21.179193133825297,-27.991281381112316,16.59801359544105,-10.898748515784025,10.955564880911187,-16.791150841390017,10.926197311048421,-14.367758277203855,10.666785238864605,-4.472960202590698,9.180503791287057,-10.248839013688407,7.187930479970629,-5.003237100651933,7.936777510704976,-4.669888654593739,6.547842703664323,-3.652361422252812,5.987122728465756,0.34742900427873963,0.15882428895364148,741.9114281462977,952.9719713532013,3136.2596533024544,1097.765336901014
YIlPJdJgAo4,YIlPJdJgAo4.wav,266.3406484834831,88.34475488575707,-15.00691245935817,43.21933210806618,-15.631854583074318,28.16798533058991,-13.869752215894932,24.095187346955168,-11.071883548539079,14.705661736808626,-18.296307628661307,14.430325187604954,-10.436859862038567,12.70064978691151,-10.71341407564243,9.672345574982984,-6.167355199604251,10.053846823161466,-5.064444245241862,8.117655413234154,-4.064417333764676,8.34136962680081,-4.761768492185404,7.166158797444719,-3.2609723694726314,7.234744498491303,0.2749214740645322,0.19722236219103517,552.5158924931418,681.2864174746294,2937.586117403315,1343.7219268837296
DoVerWLfpZs,DoVerWLfpZs.wav,278.6885375437178,59.65325215545378,-6.690309355801189,33.544368916223306,-29.923696953768644,22.89513916515875,-8.605454325408544,14.99280659369654,-17.402298234102727,12.390808065336385,-15.032189676930562,10.92014152137621,-12.111474911410273,10.188918518796626,-9.858577534617867,7.765648942851332,-7.4266027672250585,7.496025593583599,-8.450527793809034,6.400882797539809,-6.02488939828978,6.277954513928912,-5.685613225016691,5.925128409190194,-5.4006488118142535,5.547509020039991,0.27006647052413646,0.16885657944596336,419.4709061001545,454.9445748319967,2693.1090172126364,1100.649143626042
fDJpEqqhhd4,fDJpEqqhhd4.wav,281.88077929675296,72.32871757255037,2.427647937799686,32.14716052486372,-11.757155076791891,21.89393736640353,12.645704024873254,15.711489365885267,-9.010634329803901,16.05088589587906,-3.584094205558725,11.519952140775713,-1.3698298361453296,9.86020168648732,-4.789368746271557,10.12169321874336,-0.38580612588745067,7.53039077645806,-2.7458335514423338,10.062214558914272,-1.1253641752883736,5.898210703751538,-3.191296612861113,6.515939784972077,-5.726053768706973,6.712388674150912,0.2734973308781549,0.15222173396427888,377.6444054809803,407.7242526848944,2763.3918913535613,1014.3647858826064
S5cHNgIMJxA,S5cHNgIMJxA.wav,262.1784446753992,108.68873558567323,-22.875696623045926,48.85098219417067,-6.481012054303598,27.908528645760228,-5.1109923044170325,20.397171937357466,-11.361637111634614,14.947916348182162,-19.46255679727187,15.558517747140149,-8.2758643881656,12.150071640989564,-9.58634240529189,10.878942227998635,-8.136066692875664,9.470028685300676,-2.7658931488816596,10.871571304086462,-3.5410900285344353,7.46577627812907,-0.9391616562188082,8.167128572119351,-8.811051498716338,8.531861358755922,0.3548107199481278,0.2092394110989825,564.3282845351516,719.6537679956574,3310.646183108772,1419.9732934696863
vWI54OyP7WI,vWI54OyP7WI.wav,270.19585165021704,80.10566390884117,-10.287287566149248,41.400134168274384,-12.947485942282455,19.78214849219969,-1.4099871990724027,15.137939367680179,-14.930681042421384,13.665459814129077,-9.6748334002333,10.352009486418655,-11.417216649641608,11.612572947096488,-11.300776843969905,9.023617204827918,-8.828150421538108,7.934083672436189,-4.081148343671167,7.356445327434156,-9.505562445092396,6.886828068643445,-6.134500112142368,6.698578353941307,-4.33338105150761,5.505880879036742,0.2924172932330827,0.18248295526572747,394.5240260117387,391.75936622757143,2868.35516524839,1194.6824030775492
ffSZRAfeh_w,ffSZRAfeh_w.wav,273.35686567857937,83.64840231527592,-20.29049215713332,44.18141004463854,-9.26196139667448,28.056930672659224,4.435951020105524,20.987422152956032,-12.574564748842777,15.993012913194203,-14.558739142377481,14.73155458121762,-6.761952720796215,11.903717223370016,-10.607323986048756,12.851198634925998,-2.9047245102782893,11.04367752150987,-8.562369441833008,9.298621499748847,-4.486379089557266,7.973465636838283,-3.537078149039738,7.597107974636151,-7.798083252012684,7.045139650008376,0.33074416561585274,0.18889949965758807,613.461910429253,825.6547311850153,3223.4514724130827,1261.0026853344498
RXx4yl2ouXc,RXx4yl2ouXc.wav,143.26837607716237,392.520542933334,-13.304701681922534,49.725157218720845,-19.291321698867918,24.13808004532276,7.2588159685831,18.16841487816408,-12.6485026644189,15.9530167727817,-5.847698422610677,12.092686684802775,-3.3791611412496265,9.597235260762027,-9.287720283768598,10.302072667995223,-2.2922049670424074,8.385388577311595,-4.775157211632185,8.199594830429763,-4.179507786935209,6.874250418906254,-3.6825332940649522,6.48967776881197,-7.512661880857651,8.783921868618403,0.2720501842649747,0.17838812963456277,547.7057171796812,626.7286275188204,2709.225014978861,1467.3741802060683
Qu6xTcDmEs0,Qu6xTcDmEs0.wav,275.0080466553706,74.26198480780835,-16.201536314120055,33.03421582913914,-7.3069294541323,21.93963455571599,-4.73670396745264,15.875205046606373,-5.336951432648448,11.76562664208772,-10.613774984480337,12.379170848055306,-10.94494713970605,9.41142455214692,-2.9540235364391316,7.307158184313085,-9.549965023569497,8.84721065244697,-3.097643282356823,6.259145459784293,-6.036442381532784,5.804713224929923,-3.924149077113653,6.152110985381827,-6.243054416240515,5.472310982698376,0.36787193743054897,0.1939568526088886,445.78191164888676,606.1681915777297,3296.0110335712243,1171.7711193322884
vNY8ORpAUSw,vNY8ORpAUSw.wav,287.2568615904659,63.172730660093286,-20.182284391426506,21.924204877576596,-19.707750900760356,23.739199917406175,-4.443203690198344,13.988338522369338,-9.374543986012142,13.599337985717062,-2.4999117007739513,10.291767988191534,-4.766234811463045,10.163089004103329,-1.823354274290598,8.118928173850973,-0.9745313004243248,6.975368635549082,-5.2810239171908515,7.829508169211728,-3.720706051254755,6.256892574684637,-6.125095006330898,7.0090631589396075,-3.1137209336397005,5.369669675458223,0.38384852411590104,0.17334377103593412,495.5385634030625,704.0345742497327,3374.524141444955,1043.102521275599
K5NEEAr-D6Q,K5NEEAr-D6Q.wav,272.0970970717693,70.93181272448244,-11.568021201690675,37.47664641518709,-20.22248290197101,21.567855243929664,-13.279966196365597,15.104628729678984,-17.805327960476067,11.780201173987631,-16.42874831389449,11.566759810280104,-12.700780998582891,10.418919089108394,-11.031900688629738,7.965035194880086,-7.222832368137274,7.727388395084122,-8.441824305718326,6.8831478339118775,-7.099048802071741,7.242875627335537,-7.710274810638248,5.938416650440712,-4.530304563171269,5.81987555329557,0.28813985446004875,0.20518000193412098,420.9687166686041,395.4729849840226,2894.018263925103,1306.8180651236153
A9s-5NQOfqI,A9s-5NQOfqI.wav,247.1079962692923,102.08561132088057,-19.30520045810976,45.089277180027075,1.0435710478425289,25.539847963050136,-2.8325690356304385,23.500754548568317,-9.662579184577407,14.84850164683929,-10.341082245255055,13.94094761151849,-5.542877733701696,12.23219461490776,-6.752336543985602,10.931751335513383,-5.3370964838001935,9.482983710325934,-1.7142453393474053,9.26880249854403,-6.999195665470826,8.383699854275353,-5.223075493764924,7.731367245330971,-5.710992528837354,6.860273220132881,0.3462720558660845,0.20175504065014274,557.7154971994765,862.6982433658121,3325.895126857698,1321.4351820817378
XNwcCMkV4ko,XNwcCMkV4ko.wav,295.10362307534257,37.898754934841,3.5897481919269847,26.222104869161843,-20.616515845641104,17.26871581785915,-13.633067039788292,13.985511113805526,-7.809409816321388,9.457258247458975,-13.606202761115163,10.073723872354869,-6.75789253433869,8.618803232117228,-9.107417017944758,7.6249642303807885,-13.416581169729346,6.721214991973149,-9.570165371818112,5.771306391814105,-10.036526733843969,5.798109287108908,-8.699078838075724,5.296644725986524,-5.132331190835951,5.1933035609507465,0.24471873082874265,0.14375049046847332,347.822290989872,366.37463869118767,2536.9396978140935,942.6574592894706
azW8XQ2FoXM,azW8XQ2FoXM.wav,271.47191703283835,65.75664245892413,-15.12186324530491,39.351517393245125,-15.162373010141932,21.186924304124513,-14.229979332052151,16.368810962296436,-12.68500825406007,10.037614660869602,-19.317010911159635,13.220355483091568,-13.887351731878375,8.498882121969652,-9.714016193288417,7.59110614112559,-5.926997851674009,7.262813736114031,-6.551264354585005,6.187675215063965,-10.112856867592328,6.253423602276124,-8.01310389707934,6.243206301646522,-2.8611228427971764,5.941400046055935,0.30951973334824046,0.21702051237429257,394.2279211368882,365.19092462978557,3049.5817199975104,1368.5756323563044
E9Pfdtp_y24,E9Pfdtp_y24.wav,300.25905862746947,43.008054897545385,-6.7014577183734465,33.3536683990674,-18.10463457680605,19.08333315374523,-6.095860654421433,13.797541289600057,-20.9455041096593,12.28525191762567,-17.83190214326852,11.417950447617313,-12.20630732456934,10.002932629548829,-7.17307502024834,6.584138471842574,-9.791319058729062,7.295142462321829,-4.422474763097671,7.189299283603645,-9.128456268321761,5.459812071847157,-5.731409952022508,5.9629449053211605,-6.887041270686446,5.260165716235208,0.2709196025335616,0.17003963662065893,432.7040181177204,402.1704151274708,2751.5946500307955,1100.5200764761707
MfpBmAWZZCo,MfpBmAWZZCo.wav,280.45809541323797,87.95546111343306,-21.08313252208584,42.73356636193308,-10.132748717260874,23.218381717401694,-4.778223391998311,19.692167180424462,-10.418031808592982,13.998756625012863,-11.680612686872614,12.768621673782786,-10.181943225307311,10.736536523695635,-7.283253605291372,9.917974749288488,-5.938592528345276,8.930566736860595,-3.045644972093735,8.604560157072997,-5.671577874509221,7.310265232234892,-2.988263214864774,6.642967623386817,-4.8649869432097415,6.689395999064469,0.332099495600927,0.1831793439767914,730.3795844718085,1019.5106601596756,3216.920329186146,1185.9614264625257
l5aRf9wj3wg,l5aRf9wj3wg.wav,289.1920030926507,71.61331048313193,-14.017402062905495,36.74061377906508,-9.249185427166378,20.160755645532365,-2.9055194673946074,16.571677837968455,-4.431276658922326,13.208364986542577,-4.463867039458976,11.013713523800893,-12.442491628609213,10.648264496989736,-3.0447810087214666,8.657256826358626,-7.417686335536756,8.848426702360308,-2.403338443481542,8.82987237158124,-6.446304917148438,6.663685274506821,-0.6405605292951454,6.711014947771558,-8.66904424706206,7.5815105661491256,0.34065287953548645,0.1766577077484187,467.78636664738684,527.4982016122628,3130.3002676511055,1081.0553867784172
NPdOxpU1F1s,NPdOxpU1F1s.wav,297.3579832296251,53.755921014755806,-3.8665762889516446,41.035090153901116,-10.656014521338074,22.38366217732768,3.9345327779601313,16.48611239566083,-8.808273641188398,13.926101878078818,-4.644180654329995,10.139581429475458,-13.639030901653504,10.825863634246694,-5.296473438832273,8.659004893045369,-6.088542092016361,7.616939361416859,-7.682387620314669,9.48675984948141,-0.9353470466140631,6.940449788252043,-6.173490787220967,7.217654206848734,-6.96687839171388,6.8101443579374115,0.2765726501095065,0.17375565810791893,469.0252572477164,538.4353532856999,2780.5435846165888,1178.9201703323806
Ylksfk_Y-2k,Ylksfk_Y-2k.wav,293.00406780097626,77.33460528095736,-26.19566266740279,38.57445842403245,-18.53336142073587,20.17652120479813,4.178961935987176,16.17588029049704,-7.731981305561249,11.689682610333062,-7.49818054032759,12.06389751569226,-9.711071330882985,9.87889386216816,-16.076187153737486,8.399087668598284,-16.111688577069604,7.718258545094381,-2.656233120920302,7.4008404589950505,-5.997237324497419,5.928615260611994,-4.366778108498399,6.339553266912906,-2.4281276082087593,5.757556297738098,0.34512516270649923,0.16991241791373424,575.5123481435971,593.0864379244831,3209.0866574090123,1080.146952702767
aWhWjd3o78A,aWhWjd3o78A.wav,280.229064138622,76.8646144195827,-16.73071664983043,36.09288288399283,-18.59687855605131,19.670335464013753,2.434325787838726,16.656326671443402,-10.653756801873579,13.936773711275153,-14.045062512638575,11.35900395101879,-7.545448262099871,9.184493526282157,-14.694349037033318,10.221426777071965,-5.176736218226768,8.488221472168075,-7.052827839130033,7.838440235800126,-8.687685700886172,6.9136648413042465,-5.901513911075035,6.8352020996835865,-9.548514791038045,5.9446883407184625,0.31618140548932094,0.16113031157918883,470.90265866170324,520.2793496360626,3033.9690482142814,1022.261439592978
cybrruQFaV8,cybrruQFaV8.wav,265.62322180757775,83.75993287350785,-21.22893737849356,34.785358544100575,-13.221183734185844,17.862860959016142,6.841849220283141,15.242877066266344,-17.28978208532802,11.959197467777873,-11.201677326606822,11.01659420319312,-2.4440225859881073,8.724346079609893,-4.014900070396504,8.073957804236919,-8.76396037477566,7.140362856096284,-13.442696709832891,7.005643190634764,-8.760957294417606,5.4115764035959755,-5.515230894107688,5.383346551832056,-7.458969755347482,5.581644800195364,0.33630841810408374,0.15570004859136724,407.30160400531,524.516679062842,3164.5734990066503,1001.4133705255517
00D3EsAO0hI,00D3EsAO0hI.wav,264.5369709390846,83.38104060351525,-5.507137059093118,36.16806169153889,-5.6748962498374675,18.23953194340539,-8.269371823007969,12.944554249878887,-6.317659073789291,13.153426244716913,-10.651748800660853,10.550081295314504,-13.396686030353244,10.317702494333595,-6.430025499680802,9.544663184023287,1.3030673078890347,7.033350953020932,-4.1721712216376465,7.406035053060232,-3.6450832615696283,5.2757815243963595,-4.528912388338436,5.56669940537248,-7.7778987452178185,6.853887021533366,0.30193487921484385,0.20988362973070002,351.831356658548,408.3609335186547,2978.95528272672,1254.7816373370674
SjaeHWRUu8o,SjaeHWRUu8o.wav,290.7034519102828,62.28589122039893,-1.9871615354956478,24.302060282500687,-31.170128300343606,18.220643965087504,-7.920176485596506,13.75974908808074,-16.11868793935689,9.430267592007,-19.189422503421387,11.654118727098789,-9.902065776216327,8.096494309190597,-9.680219468755622,8.384233140606721,-5.375768310880234,6.973276188735253,-7.770739968942417,6.461995025174067,-7.268467347340707,6.0420456400867,-7.166872770180213,5.040396897590111,-4.6970536975174655,4.86182945924897,0.26019507783992224,0.1307461921725748,432.2411809853727,438.58707851948986,2586.541461826909,874.4328086120106
QxE_daTfpcc,QxE_daTfpcc.wav,285.2947840136566,74.95775523815364,-23.03258576343745,38.65407071314296,-20.44321852266751,31.067995833859268,-1.7195860563452359,23.108814144858446,-20.57929354384793,17.930294845333837,-6.790153491114469,14.198913454682984,-12.193484982318532,12.673121547927211,-12.268113375585786,11.021595141330462,-6.092361483035804,10.301743804665643,-9.211613156097792,9.193558401556873,-3.53544295150525,8.44669290392557,-5.961291326514617,7.12286859920845,-4.078163742864441,6.295361056604018,0.3426526827615539,0.1867193242793301,740.8326051442258,859.5421071986898,3171.3031087928293,1248.8066612146833
UmuYndte61M,UmuYndte61M.wav,255.2024958194236,78.39171744029811,-1.2712964295117202,41.50899019038469,-5.057809435456006,20.56988086299806,2.0543060258711305,14.230026182045789,-6.9509909810319375,11.57810136399621,-7.509911717706481,11.645932870606698,-13.475261054667763,10.111534624577477,-5.863497747728679,7.356212746986601,-11.89111823799208,8.649804796145993,-7.574442087997503,7.591302026773739,-6.34391482942467,5.977984751230671,-4.550607305808731,6.376418287053303,-6.793793852714355,5.663177253878167,0.2640502728588738,0.1814838805731769,326.4509869211888,424.4000809351535,2703.351645433662,1241.7639212382082
aakITN-2rXc,aakITN-2rXc.wav,300.91402264535617,61.97617869872445,-12.606361807592739,37.9124820146088,-12.84811596292083,21.560648516647603,1.5012798125108033,15.175193069278098,-12.84666828694122,13.767941763531356,-4.9057756717799235,11.413512134849626,-10.310067962883759,9.733648436157452,-1.287627393126517,9.77760948205167,-5.620102606160711,9.217490963242327,-4.006510906596749,7.522679185885763,-3.6609135549978236,6.776540061900305,-4.289656138771504,6.276010488659746,-7.077108421520909,6.060539870215346,0.3312992664983429,0.16228519950584983,569.6809245560893,747.8960363115672,3066.9855009658286,1095.6094085409345
cvRtK485EcM,cvRtK485EcM.wav,301.8916788612249,82.00642918366349,-0.21695048512766746,32.988024310988685,-30.580623569683436,20.024917464121955,-4.987348129957335,13.850038509273134,-12.807334542787876,11.801174440358967,-14.95955014024596,12.500687042739484,-6.856892847339484,9.30269810778078,-10.92497945547835,8.47950214949653,-7.576496735474505,8.431995872623176,1.2317409842991414,8.05282298566078,-8.078766194841911,7.240517065389436,-2.0737179325265815,5.613171020921722,-5.831429994804585,6.584149442008879,0.27294435705386305,0.13119160284457065,492.01212680485423,427.6832670055956,2578.2234964802183,958.5569255362956
ZwBd3rHJvqU,ZwBd3rHJvqU.wav,269.31064255646885,70.77435680197036,3.711191245695924,32.060165782889484,-15.370295101677291,22.9029554090599,-6.315247658138815,16.112269981595176,-7.828737504083819,12.621777625626828,-9.481859233728485,13.113973046757662,-6.151189103789911,9.76621800331377,-5.586385690380023,8.557624647055706,-3.7960700746550033,8.916143906264535,-2.1611168373806504,7.461969770779289,-3.9474943843862365,7.834771309053765,-4.114161240890855,7.087926376650853,-2.3655639751173534,7.068497749241614,0.2675771112420603,0.15615829124803912,403.88393448695336,507.23265104275447,2639.592818971991,1013.3190141612619
hcdYfcSKcao,hcdYfcSKcao.wav,314.1378228613285,60.028016989373945,-26.903282920676915,29.70771467661544,-33.855047159741034,19.315302121940814,-11.851767230200705,13.141932307813642,-12.501899765733395,11.885147188332198,-12.746150933447193,10.397887349306501,-10.08950587057539,9.27541067031371,-2.2210253230138886,9.223507111913008,-1.3756635335316563,7.058636423362228,-5.054105655267637,8.461295999729067,-3.657925227234658,6.337337025569579,-6.729214929315047,6.675802092501204,-4.404262435808516,5.258863539414713,0.31835576089757106,0.12561711877367343,680.8879520505621,774.1923698008673,3070.6503703446533,823.748509974833
uY-NteGiQP4,uY-NteGiQP4.wav,275.5736345667377,73.75984327636272,-10.82011893457132,40.391002932472524,-10.213557662335207,16.804451824293384,-8.134583598946877,13.69903413925912,-5.649313478427966,11.907825657290172,-16.988402713764476,11.220910476615625,-8.309261455774061,9.807374743713572,-8.673596114012065,7.493663640853847,-6.411510565253353,7.540854321144785,-3.593838376815593,6.478947552516385,-8.259710055357466,6.2569407188524755,-5.351168219113412,6.401526559729672,-6.879978088216539,6.584588518686009,0.3286246574999174,0.19521421578268788,361.94549934981325,344.03123595585714,3117.533504213348,1232.9143449483793
OJJWCjAfl_0,OJJWCjAfl_0.wav,253.07243773055333,107.98106033451883,-21.71608180444273,42.707771548635705,-6.508204135577707,25.20417333766691,3.8559054121000713,17.630574873115048,-11.804098608205697,14.604092829511979,-10.924359891819988,13.482321803371986,-7.554820030288323,11.305711487906816,-7.9703661057549775,12.438984202676243,-2.1430471327686145,9.564587534450261,-7.511841526019022,9.6388669248178,-2.9489234536743165,7.123471222860811,-3.520097510459742,7.132728016206163,-6.914433170175423,6.547953684697553,0.34281244512555276,0.18315016521071442,601.6887765194084,860.8123806830259,3295.4192814087273,1205.9855269270195
x0TWBs8jdoA,x0TWBs8jdoA.wav,258.62400950247195,76.1581623382975,-12.031303506329493,32.769914615858276,-27.343354388940234,22.13735083868949,-10.208321827359642,14.71696041724806,-16.08841621883065,11.136958708124492,-18.689531395353587,12.399502793345704,-7.730911638579238,8.890731307300719,-7.792441443670303,8.463902460917122,-4.750577548068319,7.8972762645191,-4.347943349369355,6.696504626823816,-5.229022826259587,6.858393890414486,-5.5156545080890895,5.601680897242447,-3.652836415197714,5.270771125443289,0.3279996631498506,0.19618494674900885,387.37282081600534,576.4676064300312,2981.7133187491963,1258.869643444972
cHKh0cih2FM,cHKh0cih2FM.wav,251.1911044766714,108.90490563060547,-13.786565419963638,38.76373739038936,-13.385957732706183,25.894968809475632,3.118511774505024,18.29832574361187,-10.838107186672515,13.884599494828429,-10.934837262749772,13.177553026375595,-6.995343777241328,10.924314244882837,-8.413337106208473,12.366515841348303,-1.1024017045521057,9.940111242086434,-7.780792103413787,9.335540575222185,-3.033402362844732,7.0149255820940635,-3.8710107086991172,6.756915713825172,-7.818358972354801,6.605962519780268,0.31109120012282443,0.17001514065123322,538.141421838926,783.9190527890171,3062.3020516727884,1133.777235213705
kz7zkSaPN5A,kz7zkSaPN5A.wav,266.97363708628023,84.66648881474453,-5.788570360264019,37.373807231198455,-11.836799699905031,28.693736343320513,-7.059103543455703,15.977607885332239,-10.031529257229696,14.683003363697955,-9.761752969502778,13.0137801288179,-9.968593667635135,11.567012866953439,-7.656183043008929,9.873289779217759,-6.471492152289985,10.105800069936608,-6.1214554534467345,7.904542950411651,-3.5308204309239684,7.056540866855848,-5.162540932638995,8.33168687560948,-1.5635454729792053,6.443356813691165,0.29865974219099717,0.21332050108250442,463.3172494884937,512.1351860798349,2919.4460325046,1368.167083321414
fV_S83Q6UhM,fV_S83Q6UhM.wav,261.8248839462383,90.33641650228141,-19.41173454467596,47.08816995072268,-7.16314549102773,26.40431238381307,4.55194751895268,17.585119345958653,-12.013433613904784,14.619328077725259,-14.347914684136105,13.274482194912936,-13.080170635019744,11.255620585120242,-14.923971453523377,11.327848177925949,-3.3551072349538638,8.578485411793364,-9.289206016905412,8.31870471361656,-10.003209676219438,8.750419525945889,-7.703754409322758,7.494153566654674,-5.289692457339696,6.634503869584918,0.33119568258009596,0.21905246270080722,494.9323755745705,529.0193965218997,3111.824118705449,1447.1810382073318
U2mSyf2gL2o,U2mSyf2gL2o.wav,269.2761179542987,80.31913293572494,-14.773613842900666,35.89729616741685,-7.016992106700284,20.21424416602856,-3.5213857879651824,16.8596770490694,-8.260285499317117,13.63083458943005,-11.128557203131875,13.398371803765203,-7.027805672079152,10.684971183644214,-4.565838032293932,9.811541899219193,-4.3726674897982205,9.870618640565768,-4.014241030416066,8.182130021135057,-4.598316450419981,7.399898426148516,-1.421466362037138,7.110829467080216,-2.470755818377873,6.560215479413189,0.3158352450563683,0.18385361730283029,408.9882461085194,470.55965008638555,3150.937119218999,1147.6343072235627
MiUcG0faA4g,MiUcG0faA4g.wav,251.09749102537586,70.32090161967555,6.763251697810556,36.08623351196923,-19.098859296837876,16.37829770162014,8.416725126124412,13.85212029434006,-9.527400519662342,9.70074565181286,-7.451978762667691,8.952441619302457,-5.233898596471574,7.570509821681959,-4.52223070131956,6.715800265051177,-7.5207066638941,6.220926630268773,-7.963214560766836,6.013463060512371,-7.074231240294752,5.0775796025005,-7.630016621020679,5.00589930497433,-7.331879208194796,4.756045765863487,0.26516928731139516,0.14713895768093055,237.65192223444822,293.6927999363996,2523.6392204403032,1008.8552654179321
iNgAMIsrHYo,iNgAMIsrHYo.wav,250.21801980431238,104.84515617736628,-18.484501824822072,43.550559425893766,-9.070816331490501,26.09763010242218,0.48981553395485866,17.564052060031774,-12.963494830610726,15.62560799064132,-10.172175956845168,12.969038961656295,-6.946804953888102,11.374486325687739,-8.13448701101035,12.584116030143138,-1.3953999111209958,10.09550327744097,-7.761467685109008,9.558373382030801,-3.088746775502254,7.293300567751855,-3.82893685660902,7.42663585105859,-7.0397454367580465,6.410688399004221,0.32588219062718315,0.19005931936912038,574.3623531486385,857.3353076186477,3189.375261045558,1252.189838123227
kP_843mXS0o,kP_843mXS0o.wav,283.06760879344716,78.66331742673708,-23.5791564629761,30.663862595551716,-12.70744948748936,19.59286904658985,-6.424427378263462,15.607385345320576,-14.468899052965423,11.744299528354713,-18.96842696973816,12.682098874198328,-6.166959447535702,8.847033802479586,-10.930961742520259,8.69245277604533,-10.737913338242965,8.777542484824728,-2.258237554629085,7.579513621721465,-7.388811537921357,6.6460316804129445,-1.7694122320334804,6.7995407809711415,-5.263127149790853,5.435795376261693,0.3476935073153827,0.17599190782203344,495.37952665167035,542.4303034850233,3395.279155904968,1055.0226370712346
Wk1eTXm8ESY,Wk1eTXm8ESY.wav,318.7872703457971,55.6193829793988,-69.82007165996734,30.383539534532673,-23.790674074434513,18.624386320981248,-3.325918777308527,14.94764702090645,-15.612804484993502,14.164604252885953,-6.5309893572577735,10.496173307357171,-4.630791400644263,8.461016545654362,-4.129316298365543,8.44982150383359,-9.591859515572107,7.001330031040831,-9.65085251398076,6.371591454393654,-5.896047980550793,5.748926952840618,-4.192920761132632,5.62284905748275,-1.4339916573494906,4.44317182533331,0.4909359391087729,0.1318863546127174,1157.9196742563927,1469.6833776715744,4109.26083966537,847.8991875050073
huHi6D_MI7U,huHi6D_MI7U.wav,290.4356484587118,59.85956982052738,-20.8958310525269,21.646737070214893,-20.82753349635372,23.921061579261476,-12.425509732863626,14.612980013309775,-18.65506727478054,14.913624560603987,-8.144280186220302,11.483534598220205,-7.751597221741895,8.869215175625836,-9.105075762588521,8.452411216751914,-1.2236367127025647,7.3729850885855095,-2.2078103319385267,6.298460003073745,-8.818496565255387,6.645851433103704,-8.167807583915637,6.648577469787984,-1.7734907927095007,5.745421415404961,0.35133684181932295,0.18126839308760664,507.6632050182155,659.5325015372129,3241.089935472677,1082.4513026347092
A3-uG_zDpRc,A3-uG_zDpRc.wav,271.2384985112022,73.1182746648087,-25.75635107848771,33.69718241173499,-11.652422831343742,23.166367905656802,-15.449444206790997,18.475004948664584,-9.224782108433464,15.69425957436385,-0.821117434668332,13.154457095229665,-3.7018388944396827,12.505118067859657,-2.1432954704791083,9.185614546557183,-12.534406045347067,9.922073647987835,-4.664749733228961,7.601320286504049,-4.218859629200019,8.05466664283795,1.003434273439076,6.959019943542317,3.0922687124215447,6.312046159136298,0.37294605896764377,0.20916851306043135,521.3502908349526,695.9151938330549,3477.4778187195116,1296.5276630994895
Upz0RbC0Yxk,Upz0RbC0Yxk.wav,280.8480359137228,75.29283327294613,-7.9553743549182805,36.800236197830124,-15.432901650436257,21.431734514474382,-4.705612942354699,17.490588818487005,-13.700182684600442,13.311315042551065,-13.607050954671593,12.138403518997356,-10.27081285339175,9.61469220810901,-9.680653529831625,8.579482875261874,-7.312418955907815,9.288109968790375,-0.35435613452032094,7.195362580560293,-7.317153353734125,6.75071591920063,-5.518278891206858,6.319791890215155,-5.02838158310587,5.671540527298613,0.32296811626971517,0.20229955065628868,456.37663666491085,445.98912640250296,2996.334741441928,1318.281589175895
K422SxkogLk,K422SxkogLk.wav,251.17193317261055,109.20558746906025,-13.892386687986907,38.70948738419096,-13.339301142249433,25.804930392381735,3.095716285390045,18.32185167102441,-10.861345746955735,13.907685707014352,-10.876058076888887,13.101094952622267,-7.069554172989439,10.892705757112427,-8.320212604883759,12.227998897951629,-1.1858785267993113,9.850083466040763,-7.719933041597788,9.299899894932368,-3.030042575580938,7.02026564245171,-3.9039667418798105,6.75361614951973,-7.741196500739264,6.553712003832602,0.3105782036720794,0.17005030137609933,538.5234362475899,785.0247076791479,3063.370479496159,1135.1498744449993
6DWPu9UHe5o,6DWPu9UHe5o.wav,263.0073094693042,85.02543100943224,-22.27201057898771,34.463888202838255,-19.97475764788231,23.484023529922016,-2.988058070698355,15.651133991358577,-18.180120747822325,13.458323722160232,-21.387787851335123,12.878092630232969,-10.785014530740947,9.315617366945236,-5.636863888937257,9.037579675538101,-0.6912538834124903,8.620790851062372,-5.195934949699361,7.363146671052661,-5.549360503577382,7.967799555615125,-12.320525472453525,7.168089524098069,-9.717321761565175,6.27939851610878,0.32962080019086976,0.18833831775639795,480.73199091967376,578.7701987773027,3146.223963139929,1189.889491666871
W_GeyVpCDa4,W_GeyVpCDa4.wav,277.78762344607827,69.91808485638441,-20.97220866056682,34.24861671100396,-15.430852504166491,23.785457505036472,-20.628553239783617,13.19179962807845,-15.314359600811764,14.933583194125198,-27.594598311632957,11.998924925315478,-19.405385884064145,10.473743406942551,-6.907885069385038,8.378791936477015,-9.078522124541285,7.973756807745965,1.8414956530036746,7.6760774034010355,-3.7687608404203727,6.549404884347868,-5.735930067337767,7.138328808013139,-4.888262404158283,6.232213487863309,0.3419617714534826,0.2253615477753638,500.5796301047872,549.8603448516806,3314.564319423803,1411.9388357735952
mxdJMIog5y8,mxdJMIog5y8.wav,263.262855745252,71.6055727793002,-16.174102897776837,39.150000382357156,-17.614370962217414,21.668741425651845,-2.810024658391747,16.59132820482397,-17.992413100972243,13.355022052373661,-15.582036423629262,12.844688269964383,-7.3394010209953535,9.479042844092561,-11.127365603698749,8.765903814335338,-6.3495136939496994,7.556452265973975,-7.465217831502991,7.378977144889192,-6.7188284710587425,6.618415824833372,-5.68906021480001,7.096897907785618,-4.66049904814456,6.634626708883719,0.2954902282420209,0.18824924742496818,383.673789883519,410.3582814622213,2931.5676873294346,1193.1519602180933
K7zOzBmCt04,K7zOzBmCt04.wav,267.26573013614745,92.35182893146919,-21.75715340284474,43.12574714990493,-11.027822210440299,28.924027475227234,4.052044871580933,18.59878412976337,-13.48834734142892,15.39800441244656,-11.737500500990631,13.90961763133005,-6.78825716363063,11.757913566050616,-9.08604573622025,12.378093032919752,-2.023897631413503,10.563096676075714,-8.680678337061524,8.802995122553853,-4.6479218924043355,7.279866740880152,-3.8086608701320492,7.0746049961608115,-6.5765999655792955,6.565301335498527,0.33412022737964053,0.18516872759302963,621.2264060481267,838.7507968423099,3233.362196240595,1237.0812669625282
WILh9FErpAI,WILh9FErpAI.wav,282.8641924560105,73.27160781441316,-7.43012555434302,35.88984775857644,-24.03409473836389,30.402114720712948,-0.9425956338875675,17.563253186091554,-12.604422693780272,14.612376636529381,-9.695081528022337,13.25985818645493,-4.656638227674137,10.974278401079442,-8.194035053564608,11.367508835804662,-3.5731030251433733,8.617401517534422,-7.092904908299446,8.7938838342912,-2.6875373154777247,8.288473798963455,-2.913642548622749,7.207314904919703,-2.6369903175427214,6.283373601739443,0.3035701712475168,0.17365795944438603,601.4675485715225,640.1833941488242,2870.3729739960827,1191.776120706002
MjfOtj07JcY,MjfOtj07JcY.wav,244.52950729685963,73.75360595711805,5.546568541339883,41.6052906265506,-1.7023445525715508,20.02267549320561,0.11194299728467334,15.515461743678546,-8.510728118182637,12.092256165832506,-7.368440815784698,12.26925253768171,-12.524994727144305,10.506397082451098,-5.986221888979618,7.3370392435344485,-11.77881070029225,8.300476847705706,-7.299722179711293,7.5339233984967695,-6.6992674761078606,6.3398466952453925,-5.647624147012331,6.769425421377096,-7.10720829848292,5.666362733246016,0.2349562224603735,0.18139007144230174,278.7289947067649,345.1278279477892,2513.219984173126,1254.548203947802
VDKWI0zLrrY,VDKWI0zLrrY.wav,216.11371827827452,295.9291677531499,-4.307652497930455,43.37805181892858,-29.834990921007144,24.184251247708463,9.83419321437728,15.832666446172755,-7.014150837932454,12.670982163262634,-13.25393771893676,12.116866282852675,-9.3529789999188,10.932300791499607,-11.321049869296118,10.307008359088362,-4.430736816708415,8.06789218424251,-7.112024818057107,8.468997804430561,-10.71217040970821,7.390466644804467,-3.5594278843239233,7.423572987480533,-7.19911920115035,7.286733952470642,0.27397695744377665,0.15420987745312284,473.1553038684995,401.8006945563056,2583.9771426021457,1233.9634073892848
twQB0A-QOgk,twQB0A-QOgk.wav,260.24334606642157,71.95830933522106,-25.80069756656664,33.57411620154742,-30.51392591189999,20.387652149966666,-13.320173546789773,13.89200874105735,-11.743527692267733,12.976033911108077,-8.489045759776575,10.585133816237907,-16.996520220250357,8.995770624914528,-12.087546824288026,8.23018624663334,-9.231505749820373,7.645181997817021,-9.386154675432547,6.532814296060988,-1.809283068959321,7.153637322333398,-2.202580723543017,6.909262622921542,-0.618492233144675,5.977573015610859,0.34230435902841216,0.19193582429418737,434.5514481477288,700.2457489709417,3177.956255950309,1206.6357186426476
uiGc1u2ikT8,uiGc1u2ikT8.wav,280.53933704519767,78.94333532872952,-18.574756315764766,40.552971634828026,-12.926668372194536,31.70327387908067,-0.5110379343179995,24.462755599842033,-19.87725779423069,18.333852820382386,-7.625483920099748,14.047825516125105,-11.277663281596007,12.496250186971915,-12.259548354533305,10.880730153910264,-8.591387987546529,10.054414408931189,-10.205628088036764,9.02253982949975,-4.152410812342347,8.82362159513756,-5.00770957931906,7.107764626213845,-5.519517775460593,5.888665837218541,0.33094114278324804,0.1938485535104566,743.606930381632,940.4740695905311,3145.4142560280775,1308.8342988782933
FZi3T7CE_Hk,FZi3T7CE_Hk.wav,210.66692934586302,254.068439259914,-24.318915535920084,51.507914787491096,-14.643974018151665,26.15365872364444,-3.058009642082592,18.79948859626117,-14.581858821305508,17.37327148538451,-10.619833908873348,13.73518593139212,-4.281901721194391,11.013011265829768,-11.326609450724291,10.852953117421276,-5.8808489455939466,9.521403067380943,-4.288235765618829,8.624056634154392,-6.292929483710738,7.445750000229212,-3.308439102421622,7.361754795726308,-8.707589155394125,8.154974678203585,0.29880401401205176,0.19023542120510897,521.3653891309967,540.9606202610846,3088.2670468724996,1418.411814551981
lg4N2V-tyow,lg4N2V-tyow.wav,258.5213394304378,99.40368720207246,-17.49453045727158,40.946950082439955,-16.861213708121056,29.20761270747288,-14.527553206219297,22.18076530071819,-13.378014426944661,13.727671147125971,-16.352694801703574,13.964523069519267,-7.844921933737384,13.054582125744394,-10.16366370800892,9.278513731208145,-5.675130739876549,10.641627524205186,-4.147652293137586,7.938391272169367,-5.169302186810895,8.472296397313198,-5.432015383707531,7.668287547644803,-2.734227101119639,7.425778297444086,0.27720760108328546,0.19646312949424688,551.7801001399946,690.9297556023669,2989.0208722806474,1326.5749470854391
XjLjxQRew7c,XjLjxQRew7c.wav,289.4618826327094,87.26698223786539,-12.041674185096065,34.72143097491391,-21.345054832978885,24.88335644087456,-5.110838214856846,18.186631920272312,-10.370244255719808,13.33058681561132,-15.181791614001858,11.501169668661836,-13.816912434539308,10.597281508255048,-7.696423429637813,9.024344509499151,-4.400755143817563,9.41434710858815,-13.084911434547017,8.699121544503953,-4.178860385973041,7.387549967855679,-9.203260684552564,7.412329318908781,-6.409056308923783,6.250047548760034,0.28171374760201773,0.1735520050803047,543.9754222605245,506.71929267334303,2860.9275656388886,1174.646684572721
N_UEgGZsgFk,N_UEgGZsgFk.wav,302.4951942747314,149.92524830996257,-33.94685517105685,36.287428335351265,-26.139710047959557,17.98527688166707,3.1017757290667998,15.100596090451841,-10.372203211185056,10.418753849753713,-10.190106945301881,11.213139215372294,-8.866576004747571,8.096818045214034,-11.334124705909243,8.169347873079785,-9.76884200356555,7.567668530575235,-7.632577822770459,6.796705941949208,-9.378491508071523,6.0750117695630195,-4.8210208081206885,6.224245442490647,-5.567280299400241,5.25021966515278,0.3562661884837617,0.13765521760547206,717.782128299599,722.9259521949555,3233.303544929291,976.9018345430369
Oz0JzF2mXN0,Oz0JzF2mXN0.wav,279.3447890615079,70.78505790047534,-4.582942349655102,30.77095843985156,-8.102769053226668,17.544098606116194,0.05503942449882352,17.63841305218544,-9.852868299599963,12.357221592825534,-7.807128671221114,11.553897587489198,-17.3268105708645,10.826930198923625,-4.709387228566991,9.428012258683959,-7.498130151510908,9.455749076029898,-5.384241558780513,8.261827165776902,-6.573079414156961,6.754093170244453,-3.4613979175601055,6.007057324736368,-7.383120876280396,6.913377742945574,0.2602144021826634,0.16275406895830935,341.75523013201416,333.1268003359862,2833.6109621449623,998.7621945424236
G1DmWN4EH5M,G1DmWN4EH5M.wav,266.9209868829941,60.57287819266891,11.888560592131302,34.18984037044909,-7.211856344987205,17.949859332460917,6.642149226828137,14.373983872378636,-8.271823863871067,11.60675591502531,-14.515100269213978,11.619564281704,-9.660211049712403,9.501410050323056,-0.28259724344202064,7.950793914308908,-3.839460702708457,8.071132933771358,-2.873301081520114,7.009655961799822,-4.654856532717519,6.500058207398842,-1.395868068491329,6.631268626006202,-4.8096701644125694,6.546853832981025,0.25316327310651354,0.16996884527654346,279.30125027286164,295.6384225533736,2450.6317147923883,1122.2696436046258
vZ46Ov1zncY,vZ46Ov1zncY.wav,266.4882804996142,63.22006524744397,-7.564515776383824,30.46158210628142,-20.603053126893478,22.12650639877147,-2.573271942415409,14.721108692686832,-15.721531884758958,13.990772682939047,-10.266020916076924,11.303799646880297,-7.971044297533577,9.42617289697614,-7.476602432048554,9.81604442123552,-3.5230142961644493,8.089612495615178,-7.221988022467721,8.666605508759794,-3.619447151333032,6.326338342794669,-5.742799722774261,8.462112584894541,-1.8917001798913056,6.912312549987861,0.275907295822304,0.1810089649150219,343.37544525683256,361.09090866880905,2790.436913313256,1145.8143851734287
4UKTnZsYjuY,4UKTnZsYjuY.wav,279.3566554014315,80.93819275528129,-24.7892495094724,43.72420093858752,-9.68668371761518,30.160949257666974,5.587370828079953,20.089343104242353,-13.272580433659169,14.652113732259272,-14.122468891263505,13.990945303904233,-6.666045535429473,11.913535869435687,-10.02233567854521,12.978224511057979,-2.2717374528186465,10.87233016492911,-9.054534419376877,8.51790317321887,-4.3861716381203735,7.539563986576943,-4.010153411446237,7.443158774465537,-7.185188428536613,7.004954855903711,0.35200632481187794,0.19177592335836005,658.6587400181234,832.5759816548386,3344.8929874278188,1273.8932513954846
IiiPAeQrDWE,IiiPAeQrDWE.wav,298.35178831755945,75.63341940594843,-21.187921650100417,36.64272081426987,-12.73706419755688,23.95635901608467,1.2580880420823357,17.281133013567157,-21.528856845843226,15.27530909117012,-12.590914369674305,13.46084679236413,-12.883064636251918,12.236175931481824,-9.179175968099727,10.434541450447332,-4.089904846051475,8.475755708125225,-8.116036343056914,9.265757566957141,-4.650890416219352,7.962393765440557,-8.209533647817214,7.258657038498373,-5.083078935580259,7.030750180424686,0.3322838516560198,0.16069155527662124,627.7364035067689,680.7351367179058,3193.905431245176,1064.9045622027647
VFY6NTaw9mM,VFY6NTaw9mM.wav,305.6195699448601,56.053343754974904,-9.351100529468201,34.59910114618525,-29.561568332101388,24.907396391438777,5.74543831008257,19.33682261167219,-6.8646244378873575,11.827429496126033,-19.862973615793102,12.235301474449628,-7.2865228920937914,10.991443073653512,-10.022802236688005,8.361700354073445,-8.31716087462176,8.333029834212473,-2.3038607007736895,7.187145950539151,-7.935925790818746,5.9989623232151255,-6.490494253032031,5.959729850403135,-7.454055792640146,5.7420728970261345,0.3230189462715625,0.16096168845826522,621.403021391438,580.1151277631878,2868.0631018664785,1143.5350878574122
E6oZzu_ui0E,E6oZzu_ui0E.wav,296.3810571380006,57.739260128680726,-8.798059295971326,25.28595860705039,-26.24125019925161,20.27355272778,-11.000717996698416,15.96463152121061,-13.98901302218743,11.261291509598859,-15.972835269607213,13.05826760959141,-9.972212378877183,10.23209730635225,-12.324194990039679,7.957550159862425,-8.695151085065143,8.49127919437707,-3.6336242472608706,8.101177641757833,-7.04311402646459,6.515479642693192,-3.04117638434912,6.97645393912847,-7.2203416803422,6.027625571080605,0.26359200145502965,0.13044262260129036,469.9558415729098,483.49742594809663,2732.428423349783,871.7640819748812
Jg7rze2PAmI,Jg7rze2PAmI.wav,292.68621672883097,65.72033683972428,-27.336292866770044,33.707724004110865,-17.04834491052675,23.85869302798892,-5.805872077622549,15.248797546597064,-23.419598812170168,15.311048944216887,-11.701194887092585,10.77907648408836,-12.273614704900888,9.761101101311183,-8.865222214560665,8.15972624888318,-8.494555137592235,7.977185096732658,-7.56240436185293,6.378814737327927,-6.190630630599666,5.698284826097124,-5.542953078928915,5.568854376868492,-6.879181785951415,5.32011478500186,0.375008116674283,0.18982905406969955,520.1071967597799,573.8793246551994,3409.052075084479,1216.5332227523788
cbPMxoe00gE,cbPMxoe00gE.wav,274.4283106721986,79.00205418632673,-17.54507061634614,33.0748813457896,-20.399917935593244,22.59860606429396,-3.2267953262231384,17.373613770201978,-12.482727285933487,10.952541613712555,-17.151568125758057,13.171755064385238,-10.184743478898941,10.38534645564858,-11.97561729921321,8.243074999833887,-8.556727224111047,8.712263721684339,-5.446710712368669,7.451291131474276,-7.671389275043871,6.546152499250272,-5.694684663930945,6.540933646345987,-7.679473282086577,6.08703574760808,0.2920011350810571,0.16188160089772824,444.0314499009767,458.20805234959647,2974.1768238016166,1037.4808065817076
aaYxRcPu2lY,aaYxRcPu2lY.wav,257.03388986225866,70.49527512241838,0.6027269803583462,38.761039107176586,-21.49498475429732,20.719472616214414,1.2133069149951978,16.672829087968292,-10.990457638272435,11.499938550243288,-19.1077569531876,10.950884170904812,-9.52708637152796,9.292728367750126,-12.282545609643389,7.398053576487954,-3.188699855737885,8.23631120955821,-8.921028763854867,6.8092501850407405,-6.1364846099619506,6.3863588671782905,-4.7500255188326514,5.5084493299458295,-8.762664860551007,5.867711146033533,0.2620822451418707,0.17422145061036828,333.81975722099355,363.5474166468019,2597.7388526108084,1170.4833428318113
WWiqH2AjLdE,WWiqH2AjLdE.wav,265.37898786850207,91.22820052105949,-19.139228243898685,40.25137936339293,-20.243964585484843,27.792384019771927,-14.394080198565016,22.474627041361515,-12.551039616766024,14.31950809987768,-16.769812935432974,13.58841627115822,-9.325418343924822,12.924694207316461,-9.494239247100131,9.600703007965079,-5.667285651520932,10.776641660669071,-4.0353303275380386,8.20339186423339,-4.1572164908509235,8.76901423587991,-4.545491243097554,7.693661294328624,-2.224659230896843,7.996640474863033,0.28320684917151556,0.19207148563565615,543.9830871505087,638.1541593268321,3001.2254824647166,1285.2231600330533
Z0NqdhrxaHo,Z0NqdhrxaHo.wav,266.414147621191,103.91682805076405,-33.4948794722069,39.76024362098526,-37.441262053071526,31.98856392126937,-3.004511094224143,18.21169511802491,-22.21415384827775,17.4079945961815,-9.493839650571655,13.741963671315908,-12.83488999493734,13.950519753612348,-9.403354815792802,12.446167329414381,-1.6110076573511165,10.924097144662579,-3.1196975462752747,7.837595097209265,-4.43432151485004,8.439704498182676,-4.895226576590982,6.66659343569144,-4.017004521819957,7.289603446128631,0.34942044177645715,0.16446538539502387,765.9774636017855,777.9290597266173,3107.4134327821193,1139.4416643340169
H7G8Q4m3ULo,H7G8Q4m3ULo.wav,259.3852101394329,75.62442400860154,-2.6708367538736333,42.32236004504644,-6.695357782195798,20.658496124137304,-13.596797559337732,16.480809233157682,-8.172535356753864,10.836117584541618,-15.510254408629665,13.043879738391508,-8.309151410538266,10.447483969225008,-9.23142169475793,10.09356990411515,-5.646009034828114,8.499547049252309,-4.363547733679476,7.712059083989695,-6.275687782457256,7.2810981071179155,-4.264021302213313,6.804997873462008,-6.257257435185918,6.787962958843704,0.30064926558362515,0.21950427616137758,338.14290903012414,346.1728677999652,2928.8578701295605,1395.7861487657121
r18Js48_AHs,r18Js48_AHs.wav,315.5268498990523,62.39946524411956,-33.40513710414512,37.581967793855895,-24.579474397340118,27.239024020171854,1.4405147370628482,17.508754475198614,-24.19725551403484,16.10799440141774,-9.165525730002114,12.15390236027633,-13.905832048962003,11.824423950861085,-16.353520749180205,11.118689750519433,-3.9832392266676453,8.582634563669421,-6.452039863147363,8.520068138850737,-2.302372300058226,7.04508182999188,-6.257444964463177,6.755243973100188,-5.5612322866597514,5.9639351514738195,0.39488124671918573,0.14025793333314626,860.3363031786379,833.431072140319,3396.127702281492,1016.3125666818589
RDSwjEbU4P8,RDSwjEbU4P8.wav,293.5298669985247,58.447213881972296,-16.197977951036894,34.2482978649415,-26.245737316168654,22.188333147557188,-11.23787185959813,16.635020190085214,-22.494150385481923,13.363576110617064,-9.1829149717622,11.270120971856157,-5.9883710763572635,8.696523538534281,-8.61492160716644,8.074367323872753,-5.1297838627827055,7.903100981359681,-7.960864665797705,7.050587528036421,-3.484613384901933,5.894788367898101,-6.176223132171742,6.072398967293781,-3.790664275704758,5.101397672894331,0.3072279775845996,0.1905072048258874,498.0561221045347,481.27284312039706,2955.0810119004304,1217.2797135762623
bxbQkaIB8PA,bxbQkaIB8PA.wav,306.8757343352677,59.122288858832405,-19.44206040236527,37.54174125421495,-14.374487562193941,20.492373694101634,-6.117419931486156,14.43696612637731,-10.825334815733475,10.858143062395376,-16.3299002892827,9.650480169109294,-12.567845452165157,9.737091349809893,-9.789048815751244,7.715294368886709,-2.9677433247419884,7.268326983632981,-3.5295172935937233,6.5158606923862985,-6.647604773402053,5.714672742896621,-4.542311671400152,6.079398218745454,-7.212969152373373,5.8303249358237625,0.3552634114216512,0.19138862052822872,555.3599253589402,610.8946215452435,3274.570099470559,1227.6763242687707
7sWcmmUYHLg,7sWcmmUYHLg.wav,247.21416103641886,81.73367666070327,3.97836905156546,40.74050029308545,-2.714041447647759,19.91354039081947,3.1922042911864104,14.980051833024413,-6.3360841355253665,11.492492867067167,-9.019261099187418,11.446333831884825,-14.523704641802066,10.168463718000263,-6.102497936016366,7.398415133338931,-12.963775816867914,8.854110734218336,-7.642472120109606,7.994247591050692,-5.2216933373010415,5.979030023162407,-4.614558575797022,6.2754210294993396,-7.203832035305801,5.73944065311147,0.23873120249114627,0.1749277773985745,307.903506590065,400.9012490580739,2551.2088779323735,1220.3833880736393
QSKjD84Z6Rc,QSKjD84Z6Rc.wav,265.69919228324216,153.02320210781753,1.49291806485033,42.224302014447694,-16.54629491381479,20.99778528590672,3.595319275212468,18.829792724231275,-12.714346386471815,11.502835514824843,-11.824559568052392,10.527797947072049,-11.308366726622278,10.135309872435453,-10.013622673324162,7.87855931995166,-5.157083820978848,7.251344314929949,-7.2541603003122646,6.960140633133228,-7.194813807057762,6.299092907363552,-6.64139129441869,5.8709142104165,-7.666681648144738,5.440546364166023,0.2712830329423957,0.17246617012412646,375.93009554142316,358.3849253801663,2612.462408792267,1236.1303706630185
li12sPWf7-4,li12sPWf7-4.wav,257.04629357698747,101.53236822480903,-21.61940550603842,42.21649544132913,-7.496132845553077,26.864401855616958,5.402093633775577,18.298479463612896,-13.155895829859691,16.12116861672223,-10.149146494160368,13.753340020980941,-5.95366492727278,11.573603514447116,-8.126929164889061,12.503758214272478,-2.2086289471137683,9.508448864273994,-7.5224417243396875,8.893203212052127,-3.0182030006957694,7.473185811939262,-4.038156066703469,7.2297911129939,-6.628518249685006,6.515523460540117,0.34600056153021913,0.17970529365714796,584.8278178314431,826.3018638775387,3304.2916346631387,1197.6931686677262
2BUSGopaejM,2BUSGopaejM.wav,252.51858809878124,95.09988470219999,-13.97055106701465,33.13590316285105,-16.64726384919605,22.29663553430345,-4.296246162379629,14.936777513281054,-17.053762080059617,15.198839138624201,-10.393745464868072,12.483006858801414,-10.642493075515796,9.953956393626644,-11.075589495854821,9.769048750336491,-3.3342461580289786,7.752063850180534,-7.717438582083566,8.859436535478387,-2.872432538100685,7.2456827859173885,-6.430574337319484,7.747505881608799,-0.6237584283472114,5.805024384019532,0.3113094692817195,0.17588462850786596,420.28761772184197,511.71945507094716,3050.901362954571,1093.233578784997
c2N47Y9kVDY,c2N47Y9kVDY.wav,308.37103064402237,55.79569901390514,-38.97323137589538,28.010224237865625,-28.427183554136636,23.487244615772987,-1.2002029302304273,15.641562860258537,-18.09762125665427,13.323431050794973,-12.989442271290905,9.763830859446346,-9.890566518166642,9.08109156534346,-13.3013131824012,8.806464708621558,-6.021866015631239,8.005017422083533,-10.772295761035558,6.870323708181585,-8.760287709624755,6.653956787913936,-5.311889681116967,6.676862190051188,-3.784861891178901,6.562410581849724,0.3712655551193915,0.14809386608729977,690.3448153238672,742.5818073384246,3401.927865590429,929.6816176798235
-OiCXpYQIWI,-OiCXpYQIWI.wav,264.0746915369751,81.03835512254143,-6.342265555723382,31.305105273373645,-21.59701415657141,23.972153833908468,5.377209467450233,15.898506385970913,-25.643202856981137,14.466982273622067,-16.1324578345089,10.415649200834796,-6.770952057634055,8.191596238832105,-17.85791479884024,7.669975459299459,-9.03557185613759,6.922021340104033,-9.216134870824572,6.353071686453474,-6.637803815720503,6.276702168150793,-10.70670929778544,5.6419030142807065,-5.755048624430473,5.610899485005507,0.28267354416275847,0.15316362376630835,420.1130470978352,408.5629319882079,2766.5451267835024,1011.8308365886094
X3EK8cR6Tas,X3EK8cR6Tas.wav,240.99051983963878,93.76912491709382,-19.3255571154084,36.58641713607346,-12.645295713983133,18.36537936074495,-7.52986626671854,13.264552020536664,-15.479717209735465,11.24932455195903,-13.437145009505917,8.614487247907642,-12.314207707190986,6.956588629853006,-8.031012190286093,6.982825941087461,-9.377129547643289,6.080814957217853,-9.181478292298339,5.791964098025516,-9.762857443142897,5.855649674981428,-7.663165446428492,5.281357415406031,-6.125781558596308,4.917397304284943,0.33368710842382576,0.20171569618711227,273.08525737592,311.2176260867428,3176.828651644237,1241.40888893312
7WurcdAkX-A,7WurcdAkX-A.wav,288.4925536284263,67.69297839175883,-28.418703068267977,34.68234602734727,-18.492368566524842,23.994254039175587,-2.525222268060943,16.349072326158936,-18.21836158853101,14.10484756405078,-10.195981710977625,10.766110360559312,-16.994680167493208,8.270949378364023,-10.113332051157505,7.722094319274838,-10.544371369478263,6.989499070412228,-7.757791615481069,6.192508308440957,-5.046601586979894,5.763983543348303,-7.672346799920067,6.296893826058632,-1.4847904737224729,5.308111378464574,0.3551666332129613,0.18754999387546875,485.54753228578835,494.242764464139,3321.2400256561596,1142.4671721825684
-LD9nHXJma0,-LD9nHXJma0.wav,316.34092699994983,56.82297446524021,-39.21951094105286,30.601492449202414,-32.491663794589606,18.163864703352836,-7.067773180890098,13.729261135852196,-19.345739339833468,10.930077188355359,-15.902568327141262,11.26002256935808,-9.367202963323807,8.405081778422286,-11.308109320337202,7.506787238728028,-9.98031394038408,6.882036488126421,-6.89458985904171,6.1684790308418185,-7.517463615949292,6.474115768716731,-3.5397620952121143,6.26296876302362,-3.1362544871922036,6.326895526815831,0.3655039513462864,0.1551626962324127,742.2257595212408,721.018441914485,3317.543510350072,977.4317012699281
erM_s_Dtqvc,erM_s_Dtqvc.wav,283.654791081478,76.31779328351459,-17.34352702646984,35.73711598561781,-25.609668784005578,22.911150989326778,-10.420756001442648,18.092991744081022,-14.82572141805224,11.758770773255534,-15.205914510181191,12.539866525975889,-5.920866802585612,11.143298403055768,-11.315054665657714,9.809796323680487,-4.202090326711899,9.20933001064334,-6.996017090757358,7.629604139524212,-7.459139709141461,6.538799515494,-4.107076873929889,6.412877069816584,-9.339785779181842,6.640662361524065,0.3191537120222932,0.17914031254213733,547.819197023803,551.5064101202566,3002.3839472464333,1179.733198262441
sQvDPZn-F8A,sQvDPZn-F8A.wav,291.08512788370797,68.32001406039782,-23.68023405302686,30.83298663983302,-25.983268894065034,22.3413484254787,-10.228707278352799,15.015363570399483,-19.49066570854698,15.445881802324946,-14.032000958128402,11.459293359658815,-7.765725171928566,8.659798228116703,-8.303566906602933,8.601873815955747,-7.180589012429081,7.972115686780997,-8.240957188185542,6.813913767096737,-2.7074594766424767,6.337604292011291,-4.597916667224145,6.240880947478976,-2.8349673781067444,6.189453386100449,0.3263074472150311,0.18686110586201946,557.9894495889301,547.750582954801,3153.60594461611,1135.197288924916
cGySz3A0et0,cGySz3A0et0.wav,316.14084542727204,66.70814135509968,-41.27258586913166,32.71294572196522,-20.597807479975987,19.12216294008858,-6.1270379686097,14.271725892880667,-14.152345564968146,11.519868456861227,-14.791398646064179,10.895207918317995,-7.950684786500402,8.378968819851774,-10.475213159336517,7.642153904354215,-7.736142807403391,7.091492135030943,-7.713597849569096,5.982849532042003,-8.563793760179012,6.030125750535441,-10.432301879228824,5.811578844470129,-5.400459366290401,5.364052886358367,0.40899053100010035,0.16509987373631602,725.5304829239841,698.7770594549149,3661.243655989025,1000.2763850641198
roc73qEYhXY,roc73qEYhXY.wav,289.03159742557636,61.66145597115569,-16.45023508021403,35.50388590092782,-28.966149339820262,24.843567068352105,-4.074961167001507,15.870818359693132,-21.703824674526317,13.806151797019709,-13.790409273854232,10.275618190762193,-10.861107692778155,8.968904347602937,-9.05221238401067,8.862897222564,-5.379322264508098,7.463902528450604,-8.930279886132958,7.7602281360689105,-6.238783340943622,7.051632754104129,-9.667958591503725,6.557814371118886,-5.303708708743327,6.179302428565027,0.2943228476806385,0.18633517604507213,500.8806457610214,460.2001535801537,2917.5743471283063,1193.4163957810388
M_TU5kY0ZcY,M_TU5kY0ZcY.wav,288.8234919872735,67.74243679243169,-25.01942608192434,28.727894733260708,-15.319988430583734,17.736736444653662,-14.808994824230014,14.319785563953097,-15.662212335504169,11.540623500302944,-29.3358920773386,12.106405397912452,-19.066625595948107,11.066044307357721,-13.571173919934004,7.122140240607063,-6.936981614100822,9.24067927359958,7.706463668444966,7.064264881698856,-5.975087655358104,6.15898432068093,-10.365956619098823,6.1966723022766494,-2.9050097821471432,5.745117541082507,0.36253379940492936,0.19007438036551977,493.71401458663894,455.59562836538623,3414.0969047426984,1126.3151704377005
F2pf9wjt3JE,F2pf9wjt3JE.wav,287.9098750875884,57.42310281507515,-14.789980051600772,39.53373320005438,-7.507572620671781,20.68898577811232,-14.359474571262293,15.516751114637534,-19.389551426604008,13.594544215651103,-13.565938027264856,14.068261615526312,-9.225299124732226,9.019602613050283,-6.703732143122831,7.651206856088908,-8.942006546290624,7.337957432402119,-6.098002966477441,7.183640765514234,-4.0485279332536885,7.390463549596779,-11.202931493561909,8.63236537957488,-4.754278182748396,6.252375562485016,0.31577227587797946,0.2226778372314318,509.0526043308983,498.86508417019894,3134.504891736219,1424.4604749894754
nslELMUyQmA,nslELMUyQmA.wav,265.9124962129749,71.13985300729145,-22.22825291431572,39.78899792316846,-22.73230058884011,21.3892990904134,-16.968689739944207,14.85421669670122,-13.391013105144323,10.56734626330106,-9.763602158317978,10.480156210021542,-9.954568355077106,8.517999947107588,-11.138982242824062,6.477191531660159,-9.139709203858198,7.350322784128274,-6.27158066883749,6.444585116302307,-9.260423342571615,6.01699072587829,-8.348562907317955,5.706074149905765,-3.580625078435611,5.524500038484174,0.35342822089602677,0.22387050759974117,438.8831362611532,508.8036186493211,3214.78597736324,1412.6545564388987
45WujHvbL7g,45WujHvbL7g.wav,285.6570404835084,79.07072772788172,-13.095037888514417,40.78333885801584,-4.662914212163312,23.625303654666467,1.2381937053228358,20.63705060672855,-8.14348174834253,14.379630818950206,-6.639896320203784,11.87238780715211,-8.349481787076963,10.190087590301973,-5.34013571999027,9.92079939343416,-5.97732623363889,10.142132655274597,-1.599576047641094,9.2202600130662,-5.537688581968966,7.562787616071173,-3.7719600733420036,7.17671670707958,-5.60142018455332,6.798015192585104,0.3099218020029222,0.18602995934026434,504.124920771293,570.6009515081649,3092.339981597793,1205.2744269766204
BP-iMAAZdHQ,BP-iMAAZdHQ.wav,263.91572701613245,89.54832043185436,-22.153355714396028,30.72847246533992,-19.545538690812045,18.466665211712954,-7.1691914375652965,15.45999399774088,-15.506810134433458,12.263153496510558,-13.458712580978244,14.044542763244435,-9.041819040101664,9.754085459574233,-7.216033269152489,9.438660142204107,-3.6973453981241686,8.587829136782448,-5.898197585908604,7.848012615011426,-5.986672425727287,6.380164643626059,-6.250245439130689,5.889925419786146,-5.42884175815359,5.277254821723549,0.3391648246895958,0.16142338176368784,427.3662242434406,493.8917121931784,3186.610760289666,1006.0966307558119
4l6leohBAkI,4l6leohBAkI.wav,127.70342971868133,362.67244333782764,-7.874090460183666,47.663698409103944,-29.46568802999207,27.709396268999583,-5.853507496793852,21.16034234163704,-25.67501629275763,21.711390860155333,-7.010882046770437,14.712288272651735,-10.283942125270212,12.72900455938237,-4.1503464982181715,11.667137437241733,-2.1650636277942996,11.210258140827444,-8.289698139054178,9.694738967217035,-1.2767496046494853,8.48077228179387,-6.626158510631942,9.729714109475713,0.2773486280766751,8.574549088399916,0.24240072851478123,0.19858261388722934,449.2134033200541,528.0234382594545,2439.1379437295573,1541.8281712097353
5gm15Q4iSZg,5gm15Q4iSZg.wav,266.531858719105,102.2791039519165,-12.950494333917531,37.878205815448005,-13.45996090208149,27.430464750375872,-8.075902501553891,17.774288687468058,-15.486923945566156,16.090013500284314,-12.700517598705526,16.177874227080007,-9.19619897481165,13.458525176654693,-9.491746210076858,10.501090784182834,-2.3650421746868515,10.130333526396463,-1.2573324713672376,8.259332377539156,-4.5267232630054774,7.865049658313079,-1.8208147859418649,7.803859940229895,-8.031944903668888,8.67360454638243,0.3132338576432173,0.17588593937948685,519.9663344010565,527.0835427716546,3008.2477881188593,1199.1438565951323
FFYD5s-SSYk,FFYD5s-SSYk.wav,294.172957796172,67.53919926625215,-19.922352198698064,31.89926882955974,-21.97777994379039,19.970831503183824,5.598869617050548,14.993799288447038,-15.0331217218564,13.389371562888789,-11.636258608161592,10.098463485337145,-11.410986796956074,8.511798209228818,-15.737856082474151,8.474391800949695,-8.307265529424358,7.481728552651839,-10.676483404753567,7.058072536819784,-5.14127018055698,5.897890411882441,-3.2025781547052525,6.276498112292088,-8.583940757738217,5.953545333555096,0.3384954973565619,0.15043663119099107,492.9024595517133,481.72242138509864,3126.506303503628,978.762713506171
NVwOsm1edT8,NVwOsm1edT8.wav,298.0594039456353,69.38156224385165,-5.975005318560274,35.780120354894606,-4.177916868452541,19.361398966588744,7.844327791529922,14.814414594539153,-6.346829770780077,10.883055107502761,-8.434460725156805,11.465929932981288,-4.807119361512741,8.572009039359736,-6.703986735866504,8.086661531526765,-2.7189302275080616,7.714899686120769,-1.6866337844260215,6.407053206319569,-4.669636347864673,5.983383141494897,-1.2473221806448875,5.163577742180955,-4.821983359797306,6.100159984651581,0.30930858391743216,0.16752855173622866,468.3846349942968,500.5793537383908,2977.9961005040227,1077.674476844953
4PVctQgFotE,4PVctQgFotE.wav,270.24486987698964,107.29943501855495,-16.388244242796418,42.479586737245235,-8.230309038746856,22.830899386194215,-3.752153940140136,16.442026259214735,-7.407465930269803,12.467095874128622,-14.049881912286324,12.241857180571776,-10.795289530767525,9.963438878440432,-3.0332485385814514,8.047742972834753,-8.53132274461829,7.8637876947082495,-1.326263448184418,7.375939217445148,-6.070195686256712,6.369621124526923,-4.888554949497908,6.448743030843091,-6.1641559587059644,5.906610685250087,0.33494819248631347,0.19891862596269858,540.749951403281,591.7610413186396,3189.169174987754,1293.1088502670343
X4LC9t6Bxgg,X4LC9t6Bxgg.wav,253.10553469555614,98.36950623422261,-31.715917511385285,40.29795258963675,-26.000652508241114,25.596912833397592,-4.430150588487986,17.637596114040523,-17.06577446725958,14.960562429356699,-17.00420485884173,12.980480286187763,-11.901374510158892,11.54609433182079,-10.525173608463385,10.610382507545532,-4.031612201119173,9.159507750938554,-8.81171163660871,8.648544340148566,-4.171435409875049,6.918389525137346,-7.1105330944530705,7.879292826428923,-1.9980512358641427,7.124559184796089,0.37201418934519215,0.2079703429886717,513.6575859763402,598.2709077215438,3332.628733917111,1343.1091002829921
rDQEwdinjB8,rDQEwdinjB8.wav,304.5241797550215,68.05873518091896,-29.783880734434337,28.944182502371632,-13.263197939004685,22.316378229864046,-15.501316644051464,15.861029624814732,-4.336026961697842,11.666299138847018,-20.860551627132693,12.726802150575,-13.615585687674429,9.605492411106944,-10.056243800007735,8.589525661636955,-4.480515214993154,8.111267849858224,-2.8562915900619106,7.273972823290961,-5.6726252661308765,6.5401205396873765,-1.3241669507164389,6.588835466372438,-6.8940871662006415,6.439668452755294,0.3927546449971609,0.18233617442061933,673.6920433905432,731.6838965815062,3740.995788505926,1055.7851354203244
SFwaMcQDngY,SFwaMcQDngY.wav,316.16209783826906,47.059160824027686,-16.810206831378647,40.26736622880035,-16.74712062012428,22.230744758180126,-0.7279112521554477,18.0166776284772,-13.139013973169112,12.46756729887724,-12.815874321911176,12.025698710667067,-9.313260917868904,9.449265600585129,-12.45475125057784,10.343019886108321,-3.6649732781064635,7.8992259786322565,-6.828013146412661,7.579740354797238,-3.157166917026171,6.693507690637392,-5.5723514517883315,6.244317797267235,-5.490254692355956,5.74888522278409,0.3331697874161989,0.18249407727635322,815.1800822554648,1095.2507103043242,3155.346122142325,1240.3239575632988
2TaDuxhlOug,2TaDuxhlOug.wav,313.2860611276979,69.85009198534948,-31.096750802311377,40.86041686954504,-17.919868758574463,25.08456736554214,7.781817579742414,16.69035718045386,-23.81325702817289,16.18265548876691,-13.756049644911583,12.628422910955688,-16.253865089410624,12.245248553421623,-10.02086461652689,10.09641160254241,-4.993941095320947,8.097138390757364,-7.857783422797833,8.421344922447181,-4.471343112522985,6.712220424624498,-8.933344901671632,6.73613711758363,-5.243079747794149,6.569046448730843,0.36465852029882334,0.14954255345714135,850.8604618654459,831.3924045938708,3298.5880263884374,1011.6457309851629
Iq7avsVBI0k,Iq7avsVBI0k.wav,297.8003862072491,59.32771951711752,-5.402803503729218,33.62631155021075,-10.95349266763866,19.252219506127897,-1.6085437886719645,18.52671420615019,-8.696038527840589,12.831201126201263,-7.704911947860268,11.984784389879074,-5.545338060860855,9.624040761721341,-2.5646635431558895,9.599438277549076,-5.943899304869911,9.959550453755478,2.109770751703781,8.617986233005453,-5.685711290385709,7.42054184622718,0.08619821001431496,6.76456529838339,-4.358307663658476,6.556638540259908,0.2855563178878523,0.16051122234056853,457.1610267185537,470.7356532940653,2870.732815567647,1044.7721334590674
j9SBb-jN0dA,j9SBb-jN0dA.wav,275.1395471686554,71.99617165148877,-10.572026548976211,35.981153158445636,-12.684049324284587,20.911269833713046,-5.316704991701649,20.9291072098228,-15.080645173706955,14.93613669363153,-14.299413398370643,12.65740011924533,-19.953215572402517,14.907767331221418,-6.354261800510033,9.400687929467123,-5.948990422536842,10.431901983324458,-4.359216349487282,8.412922625128154,-5.9014060067104275,7.841295655232246,-2.894182575076103,7.155342910598579,-7.946118392475415,7.474178973969693,0.28119419897733916,0.16131146031951185,461.7800998956381,444.5635766527374,2869.6501104623576,1081.7581506265549
RjuflVVbqlk,RjuflVVbqlk.wav,292.63478469451866,60.447113730867486,-4.64037363025882,41.8318816144018,-8.272927863293381,22.74624735348743,5.367523319324595,16.84816660549051,-8.285725013354265,12.752855088827456,-5.867043790596764,10.27528720402034,-15.094157315740194,10.961616628016099,-5.679183870089944,8.919993852517248,-7.007589857961096,7.445003101027491,-7.444020274972073,9.358532347083834,-1.7145319758382607,6.621581262523099,-6.2371018856783556,7.125235416220389,-7.039604557816428,7.033364886170848,0.2764033031077978,0.18005831204613512,449.6605495307234,522.7364513868811,2796.9944082279358,1220.348083690592
TLWN46VXsz4,TLWN46VXsz4.wav,302.2970046738864,59.4430953822519,-17.911255549840746,30.84066239495219,-13.866386994403546,24.818631432332722,-5.538574482876174,17.797975541175493,-16.19779750342392,15.350596880145357,-13.531781216657317,12.278789318567217,-14.462282599631756,10.153039835925565,-9.738482164002406,8.456137934767497,-2.019903550900023,9.038001630190534,-3.0963347889412405,7.453978611273843,-6.470191148046713,6.442174281473077,-6.147656182074765,6.354496730584258,-4.11232985711145,5.266891536933643,0.3342191953014098,0.18463357617285986,646.5070350324421,807.8872897792902,3217.0011138265068,1174.4770305912868
R3kBTJ-SBiM,R3kBTJ-SBiM.wav,301.80139557249936,54.38011957327736,-25.681628688961652,29.986353313008753,-31.15597963093959,19.72376701050247,-4.526815757713318,15.289091102319983,-12.894602089119935,11.270358762592181,-12.827905054439926,11.271379032021619,-10.73090110510749,9.552695858843324,-9.730849023051942,8.014593669820602,-8.822484702619613,8.655882809522785,-7.904349573533135,7.4156723238861995,-3.9461128374487835,6.832027427026526,-5.998950665332344,6.967083767659265,-0.8507837402782144,6.550131381948903,0.33379306005599774,0.16140854499726404,564.881888563743,677.4807585487385,3110.657553185667,1046.487936045804
FYxChz-CWJY,FYxChz-CWJY.wav,313.72021523012637,46.36281043586683,-1.3743609936387366,28.290304879595507,-25.630573995850764,24.175135440974163,-6.63751515633405,17.1384362435928,-22.369920426847564,14.037128574927737,-10.619474425807047,9.846467025488534,-13.008153722699936,9.134212651459558,-8.654820355263166,8.176050688713117,-5.632671332729031,9.140400950468837,-6.065917613328653,9.339193573007131,-4.851801585645334,7.153132570134109,-7.541835750971322,6.9488771077401825,-5.044814759469917,6.807203157525553,0.2762106290338832,0.16431524170439107,549.7880500050425,474.83938780573914,2694.6547188497393,1072.2824824682955
xkE-CLCi-k8,xkE-CLCi-k8.wav,267.0291657018369,130.43659831730272,8.448023152923055,40.22546746138196,-8.682136206298683,21.55050009886135,2.4873276751650906,18.015961249786773,-8.538371979900772,12.254381485230034,-10.316503657980494,13.2644104635918,-3.966995893640713,10.587934097969017,-7.236363533965863,10.318619415509334,-6.513600527541132,9.277181828560508,-2.5091505637152984,8.09419157093543,-6.36741939965289,8.036611766573245,-0.7611319263475722,7.14627101181588,-4.86451179413336,7.01124122671573,0.24219075426035788,0.17705278612846992,407.60189307454687,494.6063194499785,2521.948699508655,1253.2696819262053
