file_id,filename,mfcc_1_mean,mfcc_1_std,mfcc_2_mean,mfcc_2_std,mfcc_3_mean,mfcc_3_std,mfcc_4_mean,mfcc_4_std,mfcc_5_mean,mfcc_5_std,mfcc_6_mean,mfcc_6_std,mfcc_7_mean,mfcc_7_std,mfcc_8_mean,mfcc_8_std,mfcc_9_mean,mfcc_9_std,mfcc_10_mean,mfcc_10_std,mfcc_11_mean,mfcc_11_std,mfcc_12_mean,mfcc_12_std,mfcc_13_mean,mfcc_13_std,zcr_mean,zcr_std,energy_mean,energy_std,centroid_mean,centroid_std
GapPidut5nk,GapPidut5nk.wav,0.4421613882278974,-0.28449424398874873,-1.1136664376751364,-1.5894793327953936,1.820184378250223,-0.4457542060836308,-0.01243237091106043,-0.35546552754245225,1.0134758127448873,-0.5403829182747341,0.5495408793625794,-0.8826466839970355,-0.9713825378765647,0.2195280961379438,1.2148279452911042,-0.4346844409796364,0.6626547959111909,-0.006401033841021759,-0.3685926093527969,0.9469324680108135,-0.4925911237208481,-0.4687851850199958,-2.319710205194793,-0.28390611305197533,-1.2468189852040488,0.08339883131803225,1.96938905683874,-0.017947078824374456,-0.628680487039092,-0.46606877834934984,2.364727382704822,-1.1935867400750795
m8VTL7jXleg,m8VTL7jXleg.wav,0.08449607975267391,-0.28602782694674006,-0.2881130335946587,-0.7507851876932997,-1.2282145615519882,-0.3145059004757342,0.2894598758959965,-0.46679099412224284,-1.4085029308038557,0.7728651971969637,-0.12580588895937145,-0.500393124905009,-0.18162831152382672,-0.40349465422905306,-0.7753878575620828,-0.46574378047184695,0.12152378860753987,-1.056727209287106,-2.0027107503296695,-0.35964604403267214,-0.27347867249930563,0.7622797819477304,-1.876788408204183,0.4672451184176946,0.42648614310253297,-0.6252211878262658,0.22201555073579185,-0.35521722567388236,-0.46694403106711063,-0.7319649369385126,-0.008338265078324976,-0.4738740693500432
6DV_6-4gWd8,6DV_6-4gWd8.wav,-1.761553582235426,0.7413664381262535,1.2944954220841773,2.442902756125803,-1.7861947979559278,3.8112191773699378,0.9756024058978391,3.9486158440150954,-0.6195776849190493,3.408089194478191,-2.5841756585356888,5.062239130941362,-0.6841194875968013,3.1582437868275814,0.013048556060989666,3.037992834398946,0.7207593130086587,1.6086461242831949,-0.6043630033726359,0.9580863111132271,0.11731837886786645,2.0828303252693954,0.26471432230364944,1.6211245419195295,1.23837304155087,0.7856318486925439,-1.393795117988072,0.1455743075917016,-0.45386706447267755,-0.0029723515922216834,-1.9915252477135768,1.2916628348884784
DHO1o5F-pLw,DHO1o5F-pLw.wav,0.2156814354385665,-0.3544242544813994,0.9346072553817575,-1.2410313503598422,-0.8459442204749971,-0.7761695238516577,-1.3733783746897197,-0.2837065675750755,0.6061244721065782,-1.6698252054309053,-1.0367999871334073,0.060747488026823324,-0.02595122232815721,-1.3664524257318296,-0.46982193288813573,-0.8527088915554025,-0.5474524922032704,0.5978793279209906,0.04261270486390471,-0.752351074481051,-1.3714026984955967,-0.19466579337555184,0.3130913227213912,-1.4706889304772177,-1.0799368964157765,-0.0566673537804242,-1.1571696232995783,-0.8607441028006161,-0.6882941412763827,-0.5871283437798258,-1.0578774381642821,-0.9578713894240833
tImrz6QFEnc,tImrz6QFEnc.wav,-1.1682656497616966,-0.09848666901027456,0.7455490773131619,2.0627555649937803,1.6816378258614728,1.0721701430724921,3.6490033683150784,1.9290099900388094,0.40872547777547896,0.8046416638878657,-1.161762479832967,2.066956147998127,-0.9817551572804616,1.2391616198800455,-1.0730466965584087,0.6331393367008955,-0.8755150290280882,0.10352360721534605,0.3040225866197533,1.0270355918032559,-0.03711378876270515,-0.09444616326263036,0.6203801827932716,1.2448985890639852,-0.6423153267975138,0.855726151467921,-0.8426715304767679,0.39004595346776044,-1.2249287726997393,-1.0538822197710886,-1.3100853503017746,0.7717752299061804
ZxCY6RF_ZB0,ZxCY6RF_ZB0.wav,0.7968959840195958,-0.5397068891221863,-0.12939390244162452,-1.6318257870959831,-0.971151644825313,0.2123812726845957,-0.30363282102884787,-0.7285943023285427,-1.091524610488885,0.5703082217864454,-0.5063008935577143,0.19305894007192498,-1.0235445591864167,0.7685216682972653,-0.2825913783028354,0.43454244131799685,1.6718362590480753,1.0264783173987744,-0.07132732240193461,-0.06023932730472748,0.6899749264385949,1.0602386449539423,-0.89660364685366,1.0702112590897421,0.4589492037854321,0.2636931052751548,-0.29693041430308176,-0.39518420591205894,0.3469511362058397,-0.249218036813219,-0.2881705994100144,-0.8244264427106708
NlLmAbt7Q9k,NlLmAbt7Q9k.wav,0.9124153383213179,-0.38059174842542554,-0.09438086476496226,-0.47024377106399345,0.30258663270945096,-1.3676406138421402,-0.5764934203518696,-1.5040941090266102,0.32974672038729963,-1.093251593800158,1.0090867695885402,-2.2430473085310516,-0.6355613477744021,-0.9388169160678315,1.5485971195873427,-1.1251730228124672,-0.23562707946700964,-1.4928787324070887,-0.05500740995430264,-0.1513732670179745,0.30494700188863827,-1.8584735167027893,0.1827700471608704,-1.3688005831154966,-0.6659970223955876,0.13430310524764552,0.2075986471123065,-1.151710531324376,-0.29645217885140845,-0.5503180337261786,0.2635787655028351,-1.2934465893887022
Gt6ZYdhRW5k,Gt6ZYdhRW5k.wav,-0.2753902250368433,-0.18465446876062505,-0.6793638366913662,0.009022455118527279,-1.0471370028838258,0.01983688919503213,-1.3448047163201433,0.5427871135484456,-0.20596659199360556,-0.6133230140059022,-0.24176106130746824,0.5647375886214417,1.056156028146733,0.07121708262704025,0.08095291156632356,0.4964865508580568,-0.7398292667726574,0.22039021759295085,-0.32987679952864163,-0.5369914288433252,0.6979836774018,0.6553943777948597,-1.1214473027644452,0.9753721485563367,-0.23401881927696766,0.2071037360820652,0.010093531135128264,0.6624121699992449,-0.46128059308130986,-0.44464838854638256,0.1441630540998931,0.2638181664004797
u8ADrC5FOCA,u8ADrC5FOCA.wav,-0.7269374312008452,-0.22078070005385905,1.7758437840871366,0.9880444009153608,1.5615939061007238,-0.45598831847633503,0.7663602171359337,-0.7926676501957596,1.2227255415685316,-0.9446388308977429,0.7778250035551525,-0.2338031851566471,-1.216647501162314,-0.02684463818767591,0.5773353821181594,-0.9245606511464226,-1.916701983428304,-0.3387826962426867,-0.21995403237260847,-0.4385442086018356,0.04635178260499209,-1.0542528098146096,0.20267859298432067,-0.2538586923529974,-0.5590006198806484,-0.8135987605774505,-1.9150093286475753,0.22039420680612856,-1.6495079027656196,-1.2487882739009721,-1.7539540367547368,0.6477490636708513
_8BKbEbwCLE,_8BKbEbwCLE.wav,-0.5287531705284587,0.6764805679884516,-0.0014000708307786258,1.7562497034338662,0.7880187205083184,0.9236196471127939,0.09256712919754907,-0.3005014715779353,1.3524455464024705,0.19011198619839728,0.27860647931211824,-0.3595238168799655,-0.3388024039170218,-0.3232256473177224,-0.5292648346414303,0.12356556144412821,-1.6943919808375554,-0.9449221679049499,-0.8832203544197782,-0.1181275492027629,-0.8980612887744994,0.009919115384048854,0.9909624882526546,-1.1591043720642769,-1.2600269819911316,0.04324095951318056,0.4560165664824311,1.7297780318319989,0.08371001924035039,0.5169416282811465,0.3167511196513303,2.0319203122928284
9yHOzEXbjgg,9yHOzEXbjgg.wav,-0.11628181021194757,-0.030462531106295272,-0.7558469616333721,0.05545245696347353,-1.1283672073359994,0.494857095132727,-1.0625872942866013,-0.20973674942687542,-1.4690987588042645,0.5441393015852585,0.95712871132839,0.8003578563031881,-0.14738695720653577,-0.09781212487514279,0.4162516404507544,-0.3819456253053106,-1.938063276736141,0.19385677150633532,-0.18381637201534126,-0.45709910230005313,0.5979402344123265,0.14026248312849363,-1.3006044176354055,2.366991627218741,1.164786225494371,0.6565176918406735,-0.07888470263422544,-0.5499640104811971,0.7217354825499316,0.5434643796993123,0.035871145426696484,-0.4342626339910949
7i-cY6wgD9g,7i-cY6wgD9g.wav,1.45261166660964,-0.7054705646115956,-0.6754711355665259,-0.5569857908116723,-1.1163618588436526,-0.7951689602309288,-0.9484059487829705,-0.774628280153536,0.2606143224721859,-1.2749631986440393,-1.0940718122296094,0.6110061882425111,-0.39407299143735686,-0.871130240967476,-0.9849119973224504,-0.6271573293035388,0.5914425533664658,-0.9390768562901721,-1.1262568408957896,-0.24174362436777175,2.4079951877010375,-1.5285802443374725,-0.5368325880213382,-0.11185385621247627,-0.10003038941472969,-0.6880024663037188,0.5446083163121475,-0.2285390045157117,0.7159144932938039,-0.730945038499296,0.5194403569967811,-0.4324580125717017
dfbEVbHCCrE,dfbEVbHCCrE.wav,0.9728478686344064,-0.3783133964557598,-0.8306288062035805,-0.1312228628765778,0.18748133370599382,-0.3726835596466452,-0.42017103417774493,-0.594450692599228,0.562675118595116,-1.1802577961232559,-0.6978095572067267,-1.5315849847137564,-0.41293095305166405,-0.3351206001638132,-0.035789101456813195,-0.8170821869467703,0.7223662403515827,-1.0287338396702863,0.5443148679215181,-0.9320087222227355,-0.4368977647069542,-1.0186118207217547,0.4397705709060016,-1.4553338806275655,-0.7802290331755637,-0.22114056771524004,1.3875322711529612,0.1154595912977785,0.6119085647095144,0.5858862462042199,1.2245864638723702,-0.1190920766936204
RxSXiXePMFM,RxSXiXePMFM.wav,-0.6261447006924084,0.5614891579947728,0.7636974450318202,1.6918233697471179,1.23690941464657,0.29710997253168464,1.442967151807677,1.6446347574289781,-0.6888625764906818,1.2413212457661669,-0.0709994592526516,0.3960977028314841,0.45148943077686554,1.833634425174228,-0.5818549693131573,1.9810204171656616,1.725994532555579,0.19484409441711803,-0.5353831444024498,2.7168572014586063,0.5516430962976997,0.15510828416806402,-0.6908323892791721,-0.0612258128494512,-0.4079234695661691,0.4208221260903577,-0.5059689349575464,0.28772239313008957,-0.33544525919545154,-0.11660092605184068,-0.5111179131322101,1.0334336605223675
96h3omRdn-8,96h3omRdn-8.wav,-0.09524746381626954,-0.25900241281654607,-0.025807577870160504,-0.8779529794073858,-0.4071631715594075,0.13198491739382548,0.0013116873955773482,-0.6580875733701821,0.005749819699002306,0.29099742152265673,0.0374094829716044,-0.3327824137499998,-1.042579739805464,-0.5347567248801427,-0.7182895867365203,-0.2273766185407867,-0.48919739687175123,-0.47284804599547037,-1.0243368673203275,-0.3494328212715065,0.28454731066765726,0.26705853075309066,-0.10408314105030697,-0.07385909871881485,1.4626536209899217,-0.8078188337999298,0.2847702681103775,0.9417326519055286,-0.8904050407495357,-0.7580377780101663,0.2848295707535247,0.34203629602777796
J1WIKUd13D0,J1WIKUd13D0.wav,-0.48225442693639076,0.05805827043981851,-0.3470534955337618,-0.36089141316184925,-0.317700018556657,-0.8881185661852851,-0.0018019486335147633,-0.4051007634062063,-0.5760566985131603,0.006756702701198539,0.7345666181894492,-1.45769404543837,-0.4459585292703537,-0.6211541441474047,-1.3696681892205438,-0.7240746395908723,-0.37205241590034943,-0.18705532301754438,-1.4139128935800838,-0.58692923142513,-1.432039614988083,-0.10464933071125514,-1.9046349583237776,-0.5502630944397239,-1.3529580623139024,-0.9283553395807793,0.25485712851855713,-0.030835804385052224,-0.8466228807683639,-0.39117459191159953,0.2002534874891009,-0.45056114777573925
hlmyoHCGZy0,hlmyoHCGZy0.wav,1.189924698918758,-0.5458743479894385,-2.519369860430665,-0.9781751647885053,0.25514002041679834,-0.9038461186699189,0.3170383142840851,-1.4031538199554756,-0.4803610079795166,-0.1918978256761735,-1.244902753667755,-1.8459920796828362,-1.960214127162058,-1.9311321813823625,-1.6426830842133866,-1.477743483093086,-0.047731685503943605,-2.060877148908585,1.6393180444135402,-1.5828414050995987,-1.7963604995063482,-1.3375484541638385,-3.175485297993471,-1.9643526084266831,0.18051353981031631,-1.5000815587332872,2.952576450804741,-0.054958957752363785,2.1738546654540105,2.421970712654827,2.6202224084281434,-0.5860751673932654
WwvCqrssPnk,WwvCqrssPnk.wav,0.5970988156698723,-0.5291445483414754,-1.041930652897176,-1.2760197425229522,-0.8524515150496854,-1.2039746245565186,0.2836686280354763,-0.46460798151221616,-1.0662358670904737,-0.08142542467545312,0.293671008887298,-1.6060224410441948,-0.9875089832624329,-1.2860067783703875,-0.8554074490925334,-0.45509353100230715,-0.49623054803552585,-0.9256765045643308,0.4978024032607402,-1.0347609718480073,0.9555106261128216,-0.3216912254665501,0.4280689969015023,-0.36314864126623125,1.6920449007955678,-1.0236604240311058,1.192339380879597,-0.7578680773816916,-0.048519916684410226,0.09490566701079015,0.8775317327351823,-0.9258197545210486
n4V7HIxOPVE,n4V7HIxOPVE.wav,-0.03989141275627532,-0.18395733542256654,-0.6027062741935005,0.849457073383031,-0.04591230553899643,0.6565233600801126,1.0102288423467283,1.0435971405137685,0.8922305978682494,0.7566354174155869,0.3171929886876979,0.03276670525609659,0.024690691179493834,1.2482784148163097,-0.08517176098672094,0.8887115959498967,1.1374489491671695,0.1922839173552818,-1.6080859704559038,1.8228123434022236,0.5185062213493409,-0.685448273513012,1.5959422364340763,0.3470391823831464,-1.9383066130245514,1.4295906419672468,1.0784341859618234,0.11541711842100465,0.5013583911419908,0.8540669739441444,0.7976366106850267,0.5526236684259589
RUdpj0CCD3Y,RUdpj0CCD3Y.wav,0.02369468794770325,-0.2719591848789975,-0.508649575365281,-1.2464951672937372,-0.9474747018092716,-0.24567031367935105,-0.8564971653393176,-0.6063240562973666,-1.0747890149361659,-0.2221316231656654,-0.7181931371309759,-0.08167535615224003,0.6218603034575795,-0.8038586956965107,-0.3092759459714143,0.17354048412127743,1.1084788286918938,-0.5504016619111752,-0.49045683324687106,-1.09157886884125,0.7281197796423258,-0.13890685819813953,0.4921176330180895,-0.08378775619446117,1.2475399687945112,0.8577065999717932,-0.1644143577492541,-0.3669887184157905,-0.30964220100946965,-0.32712572446925875,0.02124720670789913,-0.8131600896266709
YnailukMUGw,YnailukMUGw.wav,0.6147321510481211,-0.4623256451705994,0.1803259704067672,-0.977973517580191,0.10812371868549417,-0.8859317916858159,-0.88367411945038,-0.6349680215679266,-0.7465034761345233,-1.1683774236096203,-1.2886489774056522,-1.3508280236259105,-0.9876354431667523,-1.0910549838084658,-0.3746911091059733,-0.6048862819690336,0.7031951826409417,-1.5107738771389878,-0.6621310632867846,-0.9207897618817996,-0.007352354937360794,-0.9829619465231194,-1.3266964560805288,-0.034915854077426124,1.0843879845318405,-1.4143181263389029,0.29165077076540075,1.356409088144111,-0.6727283968971763,-1.2369021833210916,0.4321678771466796,0.587527700969009
qIqm3whgnZU,qIqm3whgnZU.wav,1.1142718217416538,-0.65317736056392,-0.42733202857480773,-1.474080276581386,-0.9700375995316902,-1.6871573595255824,-0.5537475399034839,-1.0252696135424684,-1.696183375671949,-1.2983268979768523,-1.3303035395530112,-1.202102870131552,-1.606174111912861,-0.9503594884371367,-2.075851820839588,-1.5129491244545015,-1.2986268490354673,-1.6073292753412982,0.9352822331915518,-0.8453698753865796,0.7885628707929131,-0.9234007529123436,0.8090678810954991,-0.9739689469319056,-0.5865232648077898,-0.4351663163155174,-0.28172788042058755,-1.6355439526460336,-0.44763778373495117,-0.7837730699322107,-0.2192917901300754,-1.8097275738810217
XYafUpDCu5Y,XYafUpDCu5Y.wav,0.0997578073306339,-0.2570024428745819,-0.38265533731862567,1.914205771340312,0.8707226755738388,2.263481697743018,1.1728057305847626,2.0460740545706932,-0.09146447831738087,1.1494755937138323,-0.21360890377291603,1.6518426436788718,1.2066489975625525,2.159236535307213,-1.112390316459043,2.927911890950603,0.9689814035211199,2.4675510075719465,-0.94157983706326,1.206543348032139,0.24541175505244686,0.6740862452705345,0.6338074360321246,1.409410416235566,-0.9282170692872963,1.0698041169962722,0.16084500369461008,0.8360012864524036,1.2361301892689718,1.8425632923958781,0.41139560194515823,1.0432800419825603
adza_PZiBNA,adza_PZiBNA.wav,1.0356870984170268,-0.3946950787809676,-1.4272148774291795,-0.579210527102078,-1.1216247173862648,0.059408377072070466,-0.8537262472742725,-0.7361416629252268,-0.031408851815343024,-0.7488032704822024,0.10111188494176962,0.3791784018921129,0.37022310236064404,0.4047132203323738,-0.6272841442077334,1.5124452686738288,0.39678666712705657,2.424088770933268,0.6830426050882328,2.2365879930750863,-0.4043518859455854,2.7186001466654144,1.464986159163842,2.3189611474401755,-0.9141749105304142,2.500401678504313,-0.1676641225299568,-0.17674955873580303,2.0108637047114204,1.452013762734142,0.362003125450062,-0.4454954882741759
1hDv9XJQxF8,1hDv9XJQxF8.wav,-2.16002162320763,2.9904586123060284,-0.7207010050469674,2.2362701265036455,0.11551262715694031,0.9964870198069959,0.3979316650529848,1.1461814943943198,-0.10202378272745287,1.5455785266341413,0.6449119224887389,0.7648427692971839,1.335451247429676,0.57497280754625,-1.2139737012539702,1.640172182430099,0.5585895210799539,0.6976159841889878,0.02629011558073373,1.772940245670776,-0.15464484440386986,0.8879054060415895,0.7164476056997412,0.6505695095969859,-1.6534138441497406,2.6520422820128338,-0.42767578052713806,0.3413523427534284,0.17078884248961057,-0.19273499944242878,0.09530800622015509,1.576770006108342
ai51iK5X1B8,ai51iK5X1B8.wav,0.046547595570906763,-0.46630311110412936,0.7872035331268165,-0.13849585041672002,-0.6730845799502403,0.7994090030695906,1.2706474323857742,1.2051102545949217,-1.4051224910493356,2.23566190196157,1.9602084609574781,0.06083767740084492,-1.7672193528457554,0.7187941212556294,1.9397241084968653,0.31877331067930526,-1.999773993011247,1.4474081825024923,-0.7576058019934194,0.5237661419167806,0.32800099471162675,0.778456792823182,0.17308310665674406,0.8786913009882265,-0.7818758218593959,0.40631179093277947,-0.4600319260495833,-0.7682312451105375,-0.4574765127013197,-0.2487876292212696,-0.9265114867381886,-0.6574930503496262
FiQ2XtAYQsw,FiQ2XtAYQsw.wav,0.044369414466045996,-0.32334596896934087,0.22590567630877095,-1.304507549471381,0.0007049278987660069,-1.0912136246924722,-0.08856428780348866,-0.7875193397205872,0.46874861148738606,-0.6759618102558218,-1.6642247018993752,0.1469120870993086,-0.9791273347573518,-0.5804628855746683,0.5864050854533555,-0.48608784580242115,-0.7808979139890833,-0.4257560066932241,0.5120953491201997,-0.2769632554889948,-0.03774779761512876,-0.8463452126661157,-0.3216030132901836,-1.0412987225227641,0.19377293125825118,-0.804176345494152,-0.5447779306972738,-1.5392740357903378,-1.0294977395381937,-0.8395329337401842,-0.30562739901548114,-1.6421773450034955
-HcMw_DFsYY,-HcMw_DFsYY.wav,-1.0502052326148046,-0.1364349179512817,1.1678560481218816,1.0080287894536033,1.9687679956446171,-0.24192782299564256,0.6432463428423711,-0.6342259012155569,1.3093388600628715,-1.2818723252115536,1.1964479397312688,-0.5532662656950171,-0.8230342748444672,-0.0559548542887403,0.7832601623918342,-1.31464108175826,-1.6633687376892912,-0.24540672164155883,-0.2727979750758838,-0.13842762345129964,-0.3087207985413771,-0.9077449215970365,0.1574348793492532,-0.41915627565069324,-0.603568235689879,-0.5157997823098845,-1.160153366203143,0.9282468545788665,-1.5417320140821973,-0.8003434175156002,-0.9184220396521192,1.0544071292267139
fzp19T_Xsxw,fzp19T_Xsxw.wav,1.0368492035650922,-0.4881509886601622,0.7350499489889981,-0.42636761744494733,-1.0659782401105862,-1.3969543451252946,0.4757790161547954,0.5739918154144344,-0.5292290060236626,-1.0804836209147097,0.21987261426562463,0.22023952113641734,-0.061864175596896845,-0.8018744594383888,-0.1431776528625339,-0.17673055899716208,0.43647361401011464,-0.10169115183173702,0.8611691427055648,-0.5721220489119131,0.6581487231483583,-1.3462396370824468,0.08004198106049054,-1.387126507551871,-0.8045323124941086,-0.880771562603937,-0.8058370813113631,-2.6772815577073086,0.5702651705238082,0.15445501637165948,-1.2867058121386776,-1.9225216433154406
qiB_KyakzN0,qiB_KyakzN0.wav,0.08190659017751756,0.28316521012492846,-1.4454326202548136,-0.37266958352623675,-1.663425434125836,0.5801803466376128,-2.101610192704009,-1.1447306637610433,0.10178881591624137,-0.5585649893863693,0.438563063747189,-0.32119183010775565,0.09272634138806331,-0.8435022704874853,-0.3703955076757113,-0.6082229537173989,0.6683971155215219,-1.1808930806435172,-0.48230189884869057,-0.871087813479334,-0.3829558030403318,-0.23353775138558844,-0.2816921779819699,-0.20850671034188026,1.4040075247900736,-0.3240859731009031,1.3769223549967144,1.431936748710656,0.8570608128003269,0.48516432353659866,1.0156654363244242,1.0273151068003494
Gefj1bAAeG8,Gefj1bAAeG8.wav,-0.5158467925152501,0.2744676359135359,1.9387450615887047,2.5648201447369328,-0.2246414357200247,1.4838632282102477,2.077823698580559,1.3521055072747534,0.7605857127347834,1.5672294489457466,1.971424018374738,0.632973092177113,1.5013910833849147,0.16449289553164348,0.5110685410588517,1.734315662042685,0.6308255351180649,0.5658656301141215,1.0578384436658752,1.7468239330442388,-0.027892950968967274,0.9528160654775641,0.5813470063096742,0.3014848787524232,-0.044815556604279966,0.10458065184188776,-1.2702786577071878,-0.43314435041533117,0.26805857927376175,0.2117109910875141,-1.6064578253301325,0.5951858964022906
Hjj7Nv_0--4,Hjj7Nv_0--4.wav,0.007447788673139736,0.7989910068940542,-0.4840727805034083,-1.9980546756197801,-0.31985126041425144,0.3679410782953398,0.37387113523267534,-0.6331616909886606,-0.23952413197132863,2.2104314522840878,1.0942845855136039,-1.264424278603777,0.6390926031180753,-0.2069536152801805,1.0797821480357523,-0.08381761135998203,0.7781705668525044,0.22825137141172705,-0.5610911450125066,0.009286602165614239,1.6790373625487773,-0.21406206705700356,-0.7557524484067971,0.48541828404581694,1.858449635617151,-0.2008972105451139,1.1756523391969258,-0.9353365126573827,0.48187181418368025,1.254741716586545,0.8339945064468126,-1.1734976163368425
5X92aU5RSUc,5X92aU5RSUc.wav,0.43336929190590684,-0.4509016017770859,0.7877426127750602,-0.3740827006543508,-0.6849512864917293,0.027525457385557277,2.3583534399948523,0.5219031130922035,2.0347463115178406,1.1741807880860176,-0.9854115251021611,0.8798701135194605,1.1280546867906283,-0.8900184415019833,-0.7099643986400064,0.4574730637934186,0.5261299805286554,0.08126976771924845,0.4074797052623947,0.15773657860832244,0.611273033952311,-0.40413619496346526,2.1228776180856666,0.3506327655748355,0.09642472567277596,0.7394733955832604,-0.9079295772827223,-2.4866245204568798,0.6659711298897193,1.5624785104549326,-1.1624073989722605,-2.03145823694405
kgTm7vGdrrg,kgTm7vGdrrg.wav,-0.10461985643741901,-0.4818652834942065,0.7454298670595848,0.744499661492153,1.1876745601181158,-0.09501875471268677,0.7314675790836421,0.2608360998768378,0.45889238383087183,0.5771476032572861,0.019560831258857755,-0.10845719436603042,0.8961201652912675,1.6749715949356965,-0.8930364142065897,-0.3996719452417164,-1.0739984865777468,-0.18273267044412486,-0.6584145842911369,-0.4602534107747645,-1.764498975558574,0.13121794429677602,0.8858013254870312,0.27775333365458915,-0.38697331347857944,0.7261707584199585,-0.9129391344180888,-0.21299363583539813,-1.0215750898354015,0.15798307980762372,-0.6726104861119289,0.061085533402252305
s0rAs_mGwQs,s0rAs_mGwQs.wav,-0.46487215751883965,-0.3183777314257375,0.1672289343020374,-0.17695791151452026,0.2182822857611914,-0.4507107332434404,0.6025748429803285,0.157191338753496,-1.1006948317925551,-1.1401207922863708,-1.7861385336725348,-0.4703286286708554,0.12038845096321983,-0.6360886013734174,-0.903259266975111,-1.158110558965418,-1.0874528020877845,-1.5136929606736942,0.021898598649592066,-0.773417675373019,-0.2406540293676713,-1.847781286391231,-1.8102335775420906,-1.0785846120823204,-1.8263500911659019,-1.1867995595147918,-0.06073458057221322,0.16664734679793874,-1.3344129350616802,-0.6979181346400283,0.019272511087969034,-0.08702690413114687
rh4lXr8JCNQ,rh4lXr8JCNQ.wav,-0.12236589327372675,-0.12022487644748403,0.8512293629831508,1.2368928150587053,0.9981555021235349,1.4094405239328762,-0.6767028347927659,0.8506555594093687,-0.34239636590523664,0.8537512487603025,0.009506733529329799,2.766869284326628,-0.4976343077444999,2.3314097274773875,-0.507999032543939,1.3591732252835063,0.9575691520880331,1.8394703284544822,1.8051609716497912,1.419796092120206,1.1815220430442452,1.9087855327526726,0.9231201197960518,1.8205117713210355,-0.7101100367301578,3.3564441619772603,-0.6343931809861604,0.6090942060461348,-0.19391654325236762,-0.5944916022111578,-0.6992908482883751,1.0416196338921149
8vJu0B6kR2Y,8vJu0B6kR2Y.wav,0.20408369839866244,-0.18118806017708466,-0.47152705871747275,-1.027531147335976,-1.418229047156521,-0.1491782900426605,-1.2635212191853675,-0.5295521882430987,1.42926212764112,-0.12363410480073343,-0.4958389819859003,-1.5291285815279243,0.22307670660980725,0.003887228102545876,-1.6904167112700685,-0.851026915049067,-1.5540146674559445,0.5334713454119313,-2.487936613354634,-0.5644141906951706,-1.822320534620029,1.2340693759102626,-1.4601807023332007,-0.5294261289935233,0.3873624276895558,-0.7499783969162185,0.35115870140308214,0.37360680621561215,-0.16208860656100652,0.09164131913704601,0.390367776437188,0.03774398171195245
RSZl57aKxEc,RSZl57aKxEc.wav,0.5733096614623302,-0.5318386044341963,-1.1563817878607356,-1.005553096432648,-0.9044365283905479,0.14596329464931207,-0.8468394943706516,-0.611262106421706,-0.9047138036226549,-0.933113161484747,-0.9847314615209509,0.052581997872795765,-0.7868837906606035,-0.5881238120061671,0.8122259059706448,-0.6417778853432958,0.750323587238432,-0.7904521007802658,-0.44547284665788983,-1.0016248731389,0.8559656856529064,-0.33598163792281355,-0.39704745532265556,-0.4213354713157075,0.852800303096185,0.8916060822552775,0.16305094831512712,0.6825452369362313,-0.06923268026157298,-0.6101855465885189,0.39453130187353863,-0.13933881708303772
iMxR5pqqGIQ,iMxR5pqqGIQ.wav,0.7201371273020079,-0.39074930849793277,0.48311345967468466,-0.5996032353866806,-1.5372028953149826,0.40129415220686493,0.9800343581130312,0.5413604820816311,1.1391385076370482,-1.1115513484742057,-1.2802834258715177,-0.10675971818878802,0.6199694142163271,0.38297470859056926,-0.2033393599612589,-0.5324153830221604,-0.38252978129800047,-0.5887193002191407,1.1635017469556235,-0.5955281545736135,-0.537579689375939,-0.9670615027166265,-0.6277348821789672,-0.9038236952752771,-0.7720625397599284,-0.5375928214428245,0.1974858271555455,-1.2772667769974089,0.6897401006038857,0.2586976127549498,-0.5387599551350176,-0.6318368607295615
qp_fBdbvM_I,qp_fBdbvM_I.wav,-2.181771080676948,3.3462463619163096,0.5783319914255906,2.3398013077112805,-0.035293504887516855,1.188104242833937,0.5984203070226886,0.6974282288069703,1.4725236888420892,0.28448758850354566,1.2447812341378321,2.2549120112783694,1.2084714893826545,-0.4505867137920354,2.1661541343769124,1.4693623810427918,-0.6254416607898442,3.428922574374322,1.939079549929887,0.5774824248121699,0.797913122695475,2.12685191502926,-0.489494916795053,2.516423674560252,0.7167486093460449,0.09826801075533918,-1.114762426926188,-0.6680277885609129,0.5296329195113739,0.00945402916344702,-1.0544974670199565,1.2499351284981142
QQkP9qVM5gI,QQkP9qVM5gI.wav,0.37014036692991115,-0.0586955049213996,-0.8153353397574864,0.35920830702741047,1.3496202711632805,0.053953882515937336,-0.550194264380797,0.7435728294105315,0.9742551960691271,-0.351368902748045,0.5345822183996639,0.39386285395638704,-0.17409956345955357,-0.46672820860792597,0.14107672331071583,0.3440563994768282,-1.147912121179711,0.6139875491772098,0.09420844587214607,-0.5304733102733118,-1.4710011137194237,-0.5103505982264772,-0.22106174241405366,-0.7736757116327011,-0.7277062654226649,0.07928093242512539,0.9691839274930691,0.524144170136256,0.13245094473857444,-0.18704314361166688,1.2531986837507105,-0.22975693510009362
mxBSpnE8QzA,mxBSpnE8QzA.wav,1.07106772361881,-0.6553897473737992,0.1184768715635493,-0.8462805558654957,1.0222405425407413,-0.40256192452598005,-1.4319687555990128,0.01568950503201061,0.18832184313571446,-0.3384383434903665,-0.6240355656389772,0.532888697306696,0.5268106159167217,0.22049138066999333,0.6333607467427445,0.2481132483142618,1.0850519985380556,-0.162793545673305,1.1834493436670626,-0.29029849361336724,-0.8599116744381451,0.9007818731216555,1.0121494437399168,-0.032034382340263526,0.159327358493668,0.1331522202365761,0.13212471502312248,0.6997301882538198,0.27117229266674564,-0.10244508830412637,0.6391133236873878,0.23109416439565095
F63iukJiwiY,F63iukJiwiY.wav,0.17246989457910675,-0.3925543090473637,0.42048940412177604,0.07932661735247364,0.4747101934379666,-0.1973978193158662,-0.9675436365592552,-0.11071686529975508,-0.5952051888887413,-0.6574566724271559,-1.0711673753057136,-0.43018190119162314,-0.0021292916295806382,-0.3170136082831175,-1.3585879021211293,-0.131147356445703,-0.7136562551940325,-0.2599330628697636,-1.0014694212163326,-0.7150651087667141,0.12291666918957271,-0.13258884280220717,-0.41195487883450305,-0.551230012836162,0.42700267090717725,-0.9990120681056701,-0.13966498630890328,1.538846254574846,-0.7166570766929472,-1.0595813597626986,-0.08190992559051892,1.0607419910805382
J5pd_vZYVFk,J5pd_vZYVFk.wav,-0.7705882168510544,0.0806781318332811,-1.1911166453387054,-0.8138287709340225,-0.2863604175472624,-0.8903891793230888,-1.0961523473596013,-1.2720789035413334,-0.7163862570005163,-1.1396465973785093,-0.15171825266638123,-1.2968324136284177,-1.2597532012389554,-1.5414310014387136,-0.640349103484777,-1.0739581947824974,0.10703688567936338,-1.5362903142550823,-0.2570560422216275,-1.528802211902815,-0.4769765122701387,-0.7031998093557772,-1.099853776764143,-0.4137821440487122,0.01646657258811959,-0.07654323946641649,1.1534447627509186,0.33874730112071877,-0.49427431351340706,-0.14653461394266912,1.2159306646558852,-0.4299026433674984
bGgBQ1cz0LQ,bGgBQ1cz0LQ.wav,0.446199983338665,-0.562851687545778,1.7029043705138556,0.5376572794873641,-1.2429001420714445,-0.6415613019186868,0.00019846797612223282,0.34996137166173213,-0.14333630183563506,-1.539125207449106,0.12099354327447534,-0.35393712396944726,-0.5979552864386499,-1.626677348628223,-0.481186825845413,-1.0635949849161885,-0.6723845816007332,-0.9620069225312087,0.3183737026396311,-1.4042062942063211,0.033660488990563245,-1.4618245432384638,-0.11217286210759227,-1.6587585822454542,-0.2518973762379177,-2.012530484274072,-1.540789991109675,-1.516243694183929,-0.6890819989817678,-0.9947705747697679,-2.0512874271770696,-0.8047591475053865
ovLovoVtjiU,ovLovoVtjiU.wav,-0.8386915291539174,0.18968127164826826,-0.8551382278590214,1.4618077326082888,-1.4378433473313428,0.5314328139332302,-1.5343709461212296,0.3386412513031715,0.20749068505782414,0.053371317168801974,1.1626062263300319,0.9446665320301496,1.382971191790476,-0.0045073330616476615,1.6146117631259638,0.40361435806662654,-0.44609074161445994,0.7632256165776836,-2.1174032710356676,0.48636912709473934,-1.1106737040947434,0.7079017794819995,-1.5495585222216308,-0.1209979468268455,-1.1186731221915958,0.1920639869222415,0.2745624209556903,0.9693348843394343,-0.29816204999513135,0.03609177815907973,0.23666289383641598,1.311905775999414
CAUadrJ_jac,CAUadrJ_jac.wav,0.0626102001632874,-0.02570835951074871,-0.8082702825288505,-0.43039535552810204,-0.6630538686243607,0.6775082747266709,-0.46187811590236655,-0.7353958800331187,-0.8682094965325067,0.9359883564189552,0.3735151970030478,-0.28991686580864695,0.03522186471585752,0.21716346313285087,1.8816499148513042,-0.5571231620345627,0.9653293959631501,0.22228974366663498,0.41573958784545884,1.0503542190476876,-0.5557435005603412,0.4238594275171537,0.16009923493245526,0.27598116013908686,0.31345443005072043,0.24574245240768405,0.5524219871594481,-0.42129459689715687,1.1573524874959535,1.5682462485966122,0.43450115377628956,-0.547603387332372
AUL2pMTLIZc,AUL2pMTLIZc.wav,1.0479769564280828,-0.5164707224116258,-0.7603160054253818,-1.4110979080939243,-0.9026023459176012,-0.7042901551357388,-0.4588733345162615,-0.716793841127555,-0.7784819458724627,-1.034042370483852,-0.3499998350700827,-0.5685924233669368,-0.3429094001703223,-0.8617182871156235,0.10835695752917976,-0.5111082216909009,0.15551970160603135,0.21851213670525735,0.408231981424385,-0.9055961752779214,-0.32574795150562713,-0.896189596084709,0.09837139121360222,-0.2937743079696606,-0.9020601168027723,0.16131073610890032,0.6416376652197425,-1.544728814654133,0.35838276689521636,-0.06765464848152222,0.41590135326081185,-1.5675713782690675
QA8Fubo5aeo,QA8Fubo5aeo.wav,0.25040340445875087,0.10653616382179794,-0.5290713298758254,1.1834473513208121,0.7716577019475049,-0.555295390765834,1.8888842991179642,-0.1184494115894339,1.2148619861524463,0.1509343522296614,-0.2697508948357631,0.49681634413546205,-0.4413245570601625,-0.016801780870271368,-3.7143996774306394,0.6020328168706,0.547221018583849,-0.4566094049825944,0.8769117475782018,0.059407324193362435,-0.18358392022924658,-0.6840458057383553,0.24117110555890908,-0.3266629863182506,0.20261653001066462,-0.06886979012422142,0.7660580517131544,0.024353120918904538,0.04120051503871565,0.09338802486438398,0.5305639480918426,0.21795159248424548
nUTtu8atlD8,nUTtu8atlD8.wav,-0.2876191491976643,0.17657031269948892,0.9393245641882468,1.092065427632905,1.0305166826898249,0.08882999418026594,1.687972051775944,1.8984398509216853,-0.6630027998304494,1.0921720727167197,-0.013950080899274544,0.733794466006311,0.45649603981508224,2.0598170737190276,-1.0073248228114373,1.216417294249293,1.4986865065962283,0.6956336086289134,-0.5983216413209284,2.119361416552889,0.5409341820057502,-0.5467134195945489,-0.17658762880533305,0.17231029663953118,-0.5044213360146799,0.2727239405795343,-0.8277516455819826,-0.6145117649896112,-0.12402937459089472,0.20562696792504156,-0.8981622510584395,0.09568528869645065
edveydG99a0,edveydG99a0.wav,0.26564606283957665,-0.39999786203021986,0.04262707281928485,-0.4892866133564464,0.18386194659860253,-1.4428622267469762,-0.9851443618371898,-1.4333886761676526,0.49301179482625185,-2.0867686818595104,-1.914961502706099,-1.2119461899990427,-1.4930212001980885,-1.8077419194869953,-0.05684537113854589,-1.5144243432852995,-1.125266288039255,-1.332765698291153,-0.723943812641508,-1.9161471043036207,-0.7596766549716557,-1.0396929451241488,0.6010085449696819,-1.9372160102659235,-0.2132316243434175,-0.9827781531354631,0.18284197150045228,1.2766409932489609,-1.2708805671720005,-1.6364646617720042,0.2656530292389688,0.28538340251458494
7c_X-opfRrQ,7c_X-opfRrQ.wav,0.32140618543378674,-0.4313930277935803,-0.28828203216139714,0.3853189510193274,0.4247970651765801,-0.14771652464280124,-0.44705180993790633,-0.24707592168587875,0.04306117111855803,-1.3645087865398517,-1.3112254084759192,-0.10526660279125274,0.47536918476324663,-0.9804022234882737,-0.9678983453902577,-0.5114322295225868,-1.2503044234161127,-0.2772811830323012,1.0543194479726492,0.0660189515887995,-0.2936218827279154,-0.5168075585540797,-0.23532424583442516,-0.7057717979252937,-0.9472818271679266,-0.9656467437469465,0.554304428581178,1.3215441355813022,-0.5566845417280843,-1.0504307319632777,0.6437396477035232,0.966464916906337
Nfs_l0-6P4E,Nfs_l0-6P4E.wav,-0.6592391953880932,0.22202691021350848,-0.586172016124372,1.3014764460274373,0.8513834279593638,1.4056810092855783,0.7820417339409949,1.0105475772372574,0.37017034626635215,0.56887551594549,0.6061698094857106,1.2235864553643852,0.7748231250091947,0.8413517754028573,0.05133709765530051,2.483623252432914,1.2664564154171158,1.1688934923498904,-0.5290499026712537,1.6915936503809705,0.9603094787889187,0.6826820455085502,0.7664644183582286,0.25643090701664856,-0.7379882051642013,0.341478985632002,0.5964063564341417,0.5561012026530865,1.0506957480254921,1.9399416780066834,0.7934730241893099,0.5717114309111142
rE1GwQjgsn0,rE1GwQjgsn0.wav,0.7059847173288172,-0.5480467780860101,-0.11971940139872442,-0.44634758884267445,-1.0939883156386203,-0.07072020354375869,-1.0715414972128894,-0.0493512377008446,-1.8240633358723322,0.05340920313626394,0.7544800140280974,-0.6006274129687691,1.029182422816798,-1.1133222212000906,-0.011355046083285511,-0.7273575843033756,0.31894705813943913,-0.5642663107850868,-0.7218136133674065,-0.6022925185083682,1.0175529575108118,-1.1564188062259413,-0.4572961280672072,-0.7483904429354739,0.6947975348864607,-1.40131199386782,-0.18178852482074934,0.5345590428183908,-0.015798375544567523,-0.5241029676743307,-0.25896046790809796,0.2533567247889306
7jAQlEvb6-c,7jAQlEvb6-c.wav,0.4535691717700066,-0.5622332937971897,-0.5213535070079163,0.576545017454649,1.3664193857244697,0.07116688074808648,-0.194626081714413,0.5186783860395064,-0.02006679780451172,0.44838160645620845,-0.5573366122493385,-0.36099112631414354,-0.857645524677332,-0.08782288461278918,0.6358892135879651,-0.0023120697507276835,-0.708137340985937,-0.4642954568594652,-0.28470262998526163,-0.05881485077114706,-0.452116176764258,-0.0038560063367259413,-2.011728360202069,0.8752459829381799,1.149108551646842,-0.05529559936148987,0.806822327024905,0.7055384324777401,0.8968470624063555,2.7781062503175735,0.8576331541692769,0.4362573057235102
s009J2tA8vY,s009J2tA8vY.wav,-0.6588051323493913,0.27169235757019483,2.054363406775919,1.4999040306261413,-1.8185872875365763,1.1787370361780463,0.7009794925268801,2.001671228789907,0.5809572491547171,2.1456263564348745,-1.6071497526656893,2.3379167890821644,1.7513218124553347,2.268985534700375,0.7245090340033781,1.824907547574735,0.6604790136077674,1.3480829772308047,1.9438376460443847,1.4194157617637007,2.9313184494804694,2.2963279221407147,0.8199235534118883,1.285140001145479,0.5222162615627625,0.9478499297485427,-1.0096402638867932,-1.0493163028675838,0.02637724685118659,-0.15122666415093508,-1.6691034857619749,0.3293369017091945
6Y_14l2Ta5c,6Y_14l2Ta5c.wav,0.7288506557812954,0.3894940660015842,-1.5269886588375303,-0.5026075153762146,1.3535517593215751,-1.100302059690773,1.4105395918618915,-0.020908838254090945,0.3488183900568243,-0.577971543265531,-0.7240533321174188,0.06724848073414984,-1.2274507455710968,0.02249449293911096,-0.4197262996801408,-0.017751437258418434,0.4954353513733301,0.601186965890076,-0.1642448849262813,-0.6682192666469611,-0.40430267642876344,-1.0248607512734922,0.9305137058147482,0.13828477840260261,-1.7417337793775252,1.2512848659596492,2.0545950357654954,-1.381677393015733,0.5413659352196962,0.18432536019255136,1.826605389954052,-1.285529718408057
YBN_xM7aqVg,YBN_xM7aqVg.wav,1.7009507708328482,-0.6424644020975339,-0.3230010425102603,-0.043034317444589604,-0.8536265167718364,-0.4955891767519364,0.08841325079616562,-0.34475283010625835,-0.8166885454049917,-0.7331019570643903,-1.0355859005337016,-0.6738719050039124,1.031145655528303,-0.8986719549175097,-0.6809791513859321,-0.7566874651557819,0.21271443686269706,-1.0624721587896104,0.08898774559050324,-0.2092243324280969,-1.6448871947671722,-1.3236195683155252,-0.531494249859553,-0.648462288904436,0.03412337219365323,-0.3246198052010782,0.17368165645037986,-0.24697756601094192,1.8897685586671038,0.7754724012039943,0.0634779595650862,-0.19414492909012454
elTutJ3EJY8,elTutJ3EJY8.wav,1.5488934841772766,-0.6159590377017095,-1.2019254264402648,-0.5740989933253114,-1.2522534580944915,-1.6600923654847537,-0.35523158321992554,-0.7806455798756295,-0.12974222744164485,-1.1457332496659525,-0.15871334422708783,-0.4484027437762936,-0.9189806531663749,-1.0324168699395984,0.8493983196405959,-0.8004385410849391,-0.26179882974626045,-0.6383584872013862,1.8219916591437724,-1.093636666020666,0.2172846527193746,-1.1778447946673087,-0.6359702632971762,-0.4258063760291967,0.6947603620839606,-1.3995028215886918,0.6970528924181916,-1.9031897480227913,1.6301595820050618,0.7015546127885065,0.3892672382979031,-1.6991862642337134
kg2IukoQZKM,kg2IukoQZKM.wav,1.0121669941389788,-0.29534339067929927,-1.5144246812036908,0.9268455356241079,0.7868898726257578,0.725802673886008,0.886726432147077,0.45011825384428805,-1.6784741305411648,0.9692990655362914,-0.5864530039128328,0.8237070998023561,-1.1681776690621093,0.7462369392539386,-0.28693192617974006,0.8504877713579946,0.5325154535517593,-0.4961292392740621,-0.9571447044724788,1.2104273496292777,1.3696035175851329,0.39283892827773137,-1.2479201535492768,0.02221293113530266,0.1398475694124395,0.6143369394837237,1.728200132493209,-0.34286468122209296,2.7851838004924496,2.4067762111049436,1.5972361799843207,-0.038422089753174266
CHtoy0rk174,CHtoy0rk174.wav,0.31418632305549726,-0.11294112297627794,-1.1941135921617563,-1.4020607664119014,-0.47544750796932156,-1.779453696457909,-1.150886203372331,-1.5678302828443866,-0.409352278507794,-0.9329637829320231,-0.041618043372299615,-1.1560068498639624,-0.2654388984571532,-1.229129815162722,-0.6435910340003805,-1.1850118081020555,0.7041104189839377,-1.1505459068438135,-0.04063611095178061,-0.6414489603484544,-0.9286069024692903,-0.9980887595279098,-0.03261806298069458,-0.5480576181572143,-1.1290496223384037,-1.2088602727697988,1.6542969891364183,-1.0439198846807778,-0.03886424481319409,0.9157460900513124,1.3346515731375954,-1.4729988554945066
2N7_fVvjOTM,2N7_fVvjOTM.wav,0.5278025774264136,-0.3396756332778519,1.1575377291389668,-0.35948114442726903,0.6569600154203389,0.309343997467166,2.073169777356211,-0.3087320086393352,0.8636860613770408,1.0731961046059029,1.873826976160177,-0.10438232261561102,1.7082555013640768,-0.13181475636443857,1.3674026911358084,0.5403810818790484,2.0009518895586718,-0.9849848733054398,1.1893398434168982,1.7352895569445017,1.8379105409044372,-1.0183104564703402,1.044597858216488,-0.45557542717288807,0.07678154569008883,0.7324166989864302,-0.4317595628230848,-0.48116581949636755,-0.5289200502441143,-0.5270771668407747,-0.4585664698131115,-0.321599734314763
-AqOvL5nYao,-AqOvL5nYao.wav,-0.3753528266603987,-0.2061027489736694,0.36722760791922354,1.5266956648742274,0.5878158319546478,1.4378247542260787,0.5713077138030754,3.099392643178704,0.061743060827694755,1.4791752261466613,-1.0992210507920637,2.187336844419028,-0.5294663194206355,1.735590765598302,0.4275076175325704,1.606557181375535,-2.0933849925193915,1.5963726182067064,0.6434665813071185,1.946209722816953,-0.78111427598639,0.9122911430945607,0.37693516266305055,2.4225437047197054,1.1058188209532214,0.011443512956770206,-0.8255071189888573,0.30396204360812956,0.4102033762855585,0.4271538097460885,-0.7386892681843887,0.855736060671402
iNw8-a_I0mY,iNw8-a_I0mY.wav,1.398194389039219,-0.7406006603176019,-1.4477397262561065,-1.0661934520641674,-1.232807976357412,-0.3902087739325003,-2.3162960227189893,-0.6410520653364056,-0.927152918133883,-0.533917213865146,-1.4433288291506992,-0.2998474821047103,1.7878555947396135,-0.3187931436770679,-1.0912476111227307,0.06140982845940893,-1.9189142572662379,-1.0821819723808355,1.259193065686102,-0.8796093514257306,1.522731859879579,0.13449541062008374,0.22001459370476226,0.25759386855503486,1.9311854975357368,1.1052567342620097,1.076335283388864,0.5358381286024004,1.7249631646888495,0.299253686197937,1.2078055563623469,-0.002143855010036555
iQp9aWc9BNQ,iQp9aWc9BNQ.wav,-0.3606805664711958,-0.09086320506957762,-0.32204795449975876,-1.8250131983071867,-2.1076019228603173,-1.2938485158510857,-0.4862304988320718,-0.6482193048883317,-0.24727984097274538,-0.5811786489822869,-0.4497033798869538,0.18386712746729805,1.3311916203861252,-0.25345735834740996,-0.8433192722154507,-0.6214431414086161,-0.8822358807444055,-0.7721374444594855,-0.32163259784310144,-0.7368939038912511,-0.9455824411195995,0.002809104661269469,0.6649457772030248,-0.7929390682368901,-0.007124285401010898,-0.7421846486668604,-0.3796016827292568,-2.316240131902326,-0.5224738305884583,0.10362493043385174,-0.7056740815559929,-2.100183429044095
EzvHPwBVRhM,EzvHPwBVRhM.wav,0.38948670181685546,-0.17687427702942768,-0.8864658948857557,-0.24302213281724905,0.04854298350861484,1.8281972672782425,0.3795241344573079,2.2765345592126125,-1.2371688494358657,1.5604733310091865,0.9383972080398524,0.9997586157342346,-0.6360401820282141,1.5330231343815968,-0.9658167422908212,1.2913825951151152,-0.6717407710662089,1.6075466352913006,-1.2845592177944833,0.8321911887042419,0.6632483494605015,2.3457709084130363,-0.3235216484711721,0.6402486432431601,1.1403771722462201,-0.02416828003213542,0.854272346759015,0.45685831855307396,1.763777867461775,1.5903189798950237,0.8405855216025812,0.26135598595804355
jUGIY9bdqbg,jUGIY9bdqbg.wav,-1.3437348876954798,0.052573294396596096,-2.0823206592951014,0.808852669237017,1.2299174953362924,-0.44824719708605937,-1.397041571230214,-1.048537031821998,0.575519757794564,-0.9145614642628302,0.1193451127929363,-0.14881511994374133,0.6662352813445722,-0.4517905742465194,0.37771421799104554,-0.5342518242697765,-0.09045814101293513,1.2032995498799355,1.029079619828376,-0.7817182144861076,-1.5250760342583163,0.5149790922294811,0.47901374059883517,0.17257196081647558,1.6037223483392744,0.2980200313098932,2.555546265230056,2.601178794228634,-0.9468531277126091,-0.20911378286554783,2.8322559943343055,1.3655875464626113
w-kKNnnqOHk,w-kKNnnqOHk.wav,0.6334226777611499,-0.5860022152897446,-0.19493338941396876,-0.43342987587252085,-0.5941615029251408,0.28445170371659473,-1.0593854272000423,0.5578538335638408,-0.7102716041533879,0.08918920491831102,0.3362746276050366,-0.22995133380144192,-1.0254011119431001,-0.14988149682535307,0.17471767865941296,-0.1541633982305665,-1.346822122087423,0.002276206759117029,-0.8415258796071696,-0.6354993459049325,-0.4592080546324451,0.5055298290168918,-0.4890965149889379,-0.05452306876147011,0.45351621188011415,0.14680386383601918,-0.5077955254976172,0.6884293296596177,-0.06291301881182161,-0.6911986178418359,-0.21543864598368165,0.28234023962610133
1oOMLr52YSw,1oOMLr52YSw.wav,0.6139227214107834,-0.3898165570005953,-0.9672924651140883,-0.9488413359990573,-0.1009644959791595,-0.7529754364679879,-1.2878025929637942,-0.09731574001205295,-0.21863618420162004,-0.5579565171424271,-1.1393991353723127,0.09434265171861152,-1.600668083400295,0.4111442592703981,1.1051298653767816,-0.7720540743631658,-0.0652143889250285,-0.040814261135060335,0.016168047625309177,-1.0225741349888124,-0.26668520904103804,0.006181178660480322,-0.11234243927953899,-0.4313676876299579,-0.29092286425109826,-0.3298100733355929,1.022241198161854,0.9850075666152206,0.11767706437439375,-0.3977277141897769,1.1704871839145414,0.22531794737987976
OwgVzlFsbQQ,OwgVzlFsbQQ.wav,-0.16619109367014992,-0.1578510245269736,-0.4538225028686168,1.5429323000019612,0.4949828110489101,2.3810736204150493,0.14731779102041215,2.1810636371940864,-0.035139762986198184,1.5228518557232535,-0.3954805521979943,2.2293765382306368,-0.6727428884410872,1.8547063079855937,1.284380168595897,1.440576010755534,-1.7492646549747828,2.1840130087637855,0.6962263781826329,1.2274517895979253,-0.047758820847738484,0.13177073746251175,-0.40938755563122514,1.7543319389201497,1.262281768023725,-0.03557014473017244,0.13481371962723676,0.7387274348189767,1.1373825076774005,1.058770922864813,0.1784455330801347,1.1687766936750108
dx-vObCdxRI,dx-vObCdxRI.wav,0.1516930378239506,-0.5011342219602891,0.25207510942215,0.38453116390572717,-0.11383313015541359,0.11051119978374968,-0.6742562028467273,0.00031859197767304746,-0.5759375384971405,-0.35479974895444627,-0.6030963359638701,-1.0463807954028437,-0.12295008319607331,-0.742791556446239,-1.1461527180321647,-1.052898553559479,-0.6198198765989344,-1.0087071051247154,-0.6264674628266581,-1.4981402847020002,-1.0430522396213864,-0.5974018997334001,-1.0353137320436925,-1.5152037906247908,0.2262451568711741,-1.2944124509204018,0.3022581459773415,2.365074696726801,-0.6549195736613938,-0.8047046511750868,0.11773076442431657,1.903857491015988
A1-QV4DwZ5E,A1-QV4DwZ5E.wav,-2.5839926061448986,4.137974699936065,0.2914987253457248,0.7486593851792003,1.175372655005086,0.03207518969268342,0.47063865131598226,0.048053346101343916,1.2138584281190876,0.28080641203766427,1.1463278680769275,0.15982854842621017,0.5483124741316899,0.2705853172767686,1.0168442967564513,0.33916529595245604,-0.38034945761127936,1.3984282235341752,1.5067810162646933,-0.12625029222905243,0.06913471635318129,0.614682872888489,0.525395024646663,-0.4286671455176446,0.3836209853389662,0.13735141501469225,-0.058693003945845305,0.9460444600080007,-0.011750645343279745,0.3736946893026017,-0.6605194300463154,1.7086938455123395
EdyabMCfL6U,EdyabMCfL6U.wav,-0.5022367813817684,0.1139107543524657,-0.052386484677641905,0.6490623118763568,0.9730063664922938,0.9676958209517387,0.7588489180080799,1.2107293117471685,-0.023051774117915674,0.7652749332040776,-0.15386097243458133,0.9583669105465805,0.7736846329579824,1.3130043073784277,-0.6204968218389795,2.0205633489628907,1.2020709660554263,1.6683299166348644,-0.6256545406227632,1.1731316433017542,1.1566797316977573,1.2056553871124565,0.958596304799892,0.4642682105044402,-0.9234732315670121,0.6135013832208811,0.16314230604830235,0.1575053793517131,0.2895065471982763,1.052135924231512,0.4373542636998599,0.2868084576472659
sQxDN_jXsEk,sQxDN_jXsEk.wav,0.7045733133534666,-0.45303455040360147,1.1061746105336379,-0.7728401313319646,0.24908464985450443,0.6177977338288213,1.2995246158003686,0.729089541662546,1.028699731308974,0.3301678388192991,-1.0230027593565525,1.2016216802196666,2.186977134416871,1.2509463397039944,-0.8111004591750843,1.6650440860197215,-0.5659652197694847,0.9250055112392349,2.766397652521385,1.0485256855096172,-2.0024541025416225,2.929608201142954,1.5331057547973705,1.0446450877244877,0.3649193400411777,0.4282465778837897,-0.29472487064886566,-1.1976457375764464,0.29448480901515334,-0.05129657535582437,-0.581942174532574,-0.6870024088900959
CzLzPbPXr0Y,CzLzPbPXr0Y.wav,-0.4846207721658754,-0.06274489125488636,0.19647097535919364,-1.5007497263059806,1.7164071159230492,-1.0751159919522222,0.3219053934689059,-0.532909340026334,2.380842279486219,0.7071061716128495,0.8319475692860042,-0.5217870937704753,-0.48985793190579724,1.1116542564063874,0.09549533188437899,-0.2516648228098793,-0.6582360055624286,0.522915221493266,2.0220104717401663,-0.3029219034996432,0.581048594825196,0.03147222511474113,-0.19222723910799405,-0.9172379689549306,1.630122490488104,-0.15311650647128597,0.09870887073879207,-0.6052575504194602,-1.389104548007792,-0.4753888163726875,0.7564181103619132,-1.4460923829724335
DbaBpXa9dH0,DbaBpXa9dH0.wav,-0.39122818132872866,-0.048984322048978,-0.8753393488744802,-0.8803646556119814,-0.6666018006774946,0.09180288415751633,-0.6471194559604478,-0.7641974510270348,-1.6354969093308769,0.4330911717801684,-0.09427028370730937,0.24477717581446687,-0.11724808733828443,-0.8374421243369341,-0.2574299223928509,-0.05296859241952508,0.2422227476177319,-0.1199064404843316,-2.0304419408445042,-0.306783077170307,0.1555155641470978,1.269828331237085,-0.985699802296988,0.47954763042669996,-0.38407492744900545,0.9796151846569473,0.7487422594313137,0.18589046046796673,-0.03379532192840862,0.03990369663901437,0.5912404203186326,-0.31711265796141064
EEaEyZqjvMU,EEaEyZqjvMU.wav,-0.2018339904577693,0.004946492580347105,0.4069116042402596,-0.6565395024711579,-0.7538535734632843,-0.1985065737641455,-0.6943521298016552,-0.273387960463397,-0.34263727359806856,0.07945968211625731,-0.5540913548149109,0.3692928830638325,0.34956556450288717,-0.9196780433224453,0.2626502612604767,0.5070275784871151,1.457709582981103,0.4343638928788048,0.2218927944372998,-0.05028923999754375,0.7584050611478522,-0.393680403142019,-0.44726042845014685,0.6070206717591318,1.610013001286012,0.5382674901275692,-1.1065648914883197,-0.6567767879384137,-0.09683370373972425,0.1190532300843327,-0.8842321676507099,-0.6075862342130884
Fp0Cw1UeeEo,Fp0Cw1UeeEo.wav,0.2596533329361222,0.024141903982020704,-2.399184788832627,-1.738785156184558,-0.48297894378742956,-1.5428623754160944,-0.6059277146706507,-1.3539559990634868,0.12068703694834246,-0.36075931470468364,1.5980477619575162,-0.9963936405804293,-2.9589113145388315,0.19389940776307948,-0.2076522553258931,-0.9886519750571061,0.37615412063993797,-0.5859889146490197,0.15304516600469,-0.7554873423195348,-1.255088583081819,0.23262569976782188,0.5004676559293147,-0.8925927329012567,-0.9210358509498,1.8499029308032553,2.2219462549261135,-1.765574616089884,0.8867047845735524,0.7635624759905131,2.048844914227471,-2.1308415004619765
Wt3E7xSiuxA,Wt3E7xSiuxA.wav,0.1490706024226114,-0.24168038847889867,-0.41771919367776883,-0.37174290843281965,-1.0154008401191132,-0.6051364386401074,-0.36986838582367415,-0.43631621412605476,-1.2519164992599976,-0.13558399335865656,0.527011797120668,-0.6426959712293592,0.27203290823154386,-0.23870166018401265,-0.29305039673045413,0.36329708048893233,-0.20615325989333533,-0.6477024665350791,0.04388605459096048,-0.05695482603346035,-0.5760665377626425,0.47431705761198445,-1.2972966582373402,-0.2717036476928823,0.06754631831406933,-0.08484261093823445,0.06586816034333301,0.31724130260021904,-0.49665795989246675,-0.7983222087603634,0.11864120199910717,-0.15731441849250608
G4ecYUNkncE,G4ecYUNkncE.wav,-0.3786493624891109,-0.22116474755278576,-0.056393135950867194,0.4157051181657907,0.44142267720849854,-0.7650077970460567,0.09827000313391296,-0.20393607681845954,-0.4124359016480516,-1.607098072954899,0.1924897092190209,-0.9836906469801844,-0.5090866638384206,-1.2561913690468254,0.45496415460997086,-1.0319420056929671,-0.8370114053810541,-0.3546573397982904,-0.08963838535658057,-0.8746625373439244,-1.797451877798968,-0.9664818564031582,-1.0122206679477956,-0.9492078023932112,-2.2319420687553535,-0.504418058940049,0.04340003229782393,0.26498217688508846,-1.1671919196733824,-1.1199832644432621,-0.021358394016009502,-0.07445345456952747
phscEr2uRz8,phscEr2uRz8.wav,0.2047635205711852,-0.4535407295770724,0.6963697252373566,-0.2061232484470034,0.6782113770533402,2.203623271254576,1.3694127247162073,1.5526673239440085,0.8021838980219651,1.7124457885680844,2.519618158939146,0.8234894983566364,1.3385164202993447,1.2908483682250331,1.3693811003067815,1.2297068523035721,1.720087667140744,1.117661229888913,0.8096026251023297,1.2046121273975026,2.900957534677114,1.66159427444156,1.9167676697205243,0.4073307099712925,2.567728210287892,-0.12460081631531625,-0.39158713573098086,0.7750807060884344,0.6776731336371024,1.0564620491190317,-0.21941614902807466,0.7914590029069352
mhXGbNx63vk,mhXGbNx63vk.wav,-0.12057926320172535,-0.46709923610674225,0.8484930422719461,0.1346095635227776,2.5302463848397307,-0.6591954271996443,-3.085713188055581,-0.29821743669619843,-0.3155608621775975,-0.09545862605887659,0.2743192051423952,-0.834465392080442,-2.060969220834614,0.894516898399908,0.5994150783912342,-0.5595651246927285,-0.31248255457504875,-0.35118916971248043,0.5556651929141119,-1.1616335855536628,-0.14303777435530843,-1.2361616180769475,0.7531734035559648,-0.0693370966375169,-0.36106929291024964,-0.7763556110743407,-0.671111690025114,2.3908633331541003,-0.9077013720242585,-0.9464555950164513,0.40020832552520286,1.4287343204919452
We0x2EaVwkY,We0x2EaVwkY.wav,0.701557464662717,-0.394431312764662,0.34082523393136505,-1.0131813934834923,0.056098830987414555,-1.095738724194441,-0.9314518961831827,-0.7374149060164793,0.9706216926661076,-0.5614669740084434,-1.2768006881537923,-0.05720043205311458,0.1477756080890333,-0.17729887674410913,-0.3843472143308229,-0.9989428465489282,-0.8766701872175734,-0.5929068286502805,1.554804381660661,-0.4654059690428555,-1.6158859420633158,-0.3526261343044896,0.367479403203011,-0.25563387473064925,-1.1237575343972037,-0.476424612177644,-0.1455719303278698,-0.17158443770401172,-0.4717813245167719,-0.9384766812215215,0.09792287934269858,-0.5226496699224353
mK5BzOnZls4,mK5BzOnZls4.wav,0.14250346859293236,-0.27366013358065167,1.2554348814504432,0.8985367530759127,2.0509691550192017,0.11742588662176726,1.5352898249721905,1.2666404069675334,1.6082907496051704,1.2534989635577123,1.3415592099348301,2.352303668898212,2.099237278461678,0.34583236494215586,2.2948354838261666,0.3355295826118358,-0.0915149437743139,2.525483273998055,2.0688003889842252,0.39861816597506167,0.17006761928940153,1.1787122361215705,2.667709147070506,-0.45403903769069415,1.5630370301599366,-0.21448775159100142,-1.1514773717997546,0.47713361433980045,-0.15408918021867402,0.28371388894433547,-0.7119936910690045,0.6957369182175482
BIbAyapnfOI,BIbAyapnfOI.wav,-0.2818862206155181,-0.2079443651292403,0.7559636840711588,-0.13641124720835157,0.5218439314803288,-0.8480947897939726,-0.28246716075724654,-0.14337242325663097,1.1550619151154826,-1.4922872459823353,-1.0759449941604928,0.3141095698166673,-0.44486010163156303,-0.3461767980471213,-0.515684008657755,-1.0882887043616556,-1.6967509540030183,-0.08955271830121796,-0.2928081478862066,-1.0976271381841667,-1.5004408214338336,-0.11927538046447653,-0.9328440586785652,-1.231650214750772,-0.3976149941124512,-1.4911927759822765,-0.7918799208495542,-0.00835497376026053,-1.4409129484202525,-1.3245396545618038,-0.6661094935567452,-0.3200459951652031
5vnfRMXHBgM,5vnfRMXHBgM.wav,-0.6602781062298154,0.29633824306052897,-0.6175031128525436,0.9149358475316695,1.173493916057085,0.7376827109251739,1.0132979506681261,0.36453538258228807,0.23640540107813218,0.6429046114952748,0.3786091783184742,0.7854707151102207,0.6138401285775764,0.8460135529283577,0.21362975193594194,2.2675612673564647,1.2735603412099599,0.9122960274617455,-0.576118874374874,1.8645520540580918,1.2502379827758923,0.3713486066786499,0.6892112718704909,0.6173544959362466,-0.6539607519626642,0.3043629567893302,0.6898786924810975,0.20472958455805293,0.8869194843041501,1.8484027997081531,0.9313006364889747,0.206285130015642
ikwtW-E9WLs,ikwtW-E9WLs.wav,0.8868578083223922,-0.3891399289569933,0.7136758276724159,0.25366049074651986,0.23628065718173702,-0.934868255325867,-1.213369266276966,-1.0965201743556778,-0.016181815731232545,-1.1140916245675838,0.3510034033447736,-1.0575276384872883,-0.1103500370839496,-0.8762728576376625,0.037848650077598606,-0.6610508214728704,0.19767258914770025,-1.0188084303379543,-0.2585648939955618,-0.6542452436282246,-1.0623452203224488,-0.14588715387054615,-0.9284129994616516,0.4241492752329886,0.5452859579598266,0.19220643292627967,-0.4768488930790838,-0.2619146217997944,-0.1712479369904422,-0.41573607321713985,-0.5197784113805926,-0.14812717052033378
irt7v7O0F3U,irt7v7O0F3U.wav,-1.0591141711707204,2.5092714098772,1.4483121002840764,1.1384180441264935,-1.6605992842613713,0.3444064919182293,1.8761056733880084,-0.027738561501196565,1.2321413897059132,-0.1336230126982599,-0.23472840039554854,0.14530309336510405,-0.2387127491464351,0.4282998702370499,-1.379836660651467,0.6460292336122995,0.4725936895995436,-0.849476152853116,-0.2609094587718935,1.0037026626026155,-1.7029345904626476,1.4640620535577158,0.5623525518051655,0.8008763570087798,-0.4051691865556228,1.3041384243576413,-1.6127006575341172,-1.7361899385041455,-0.24105377902404174,-1.0255858647734706,-1.9386491777018224,-0.224498842125749
t1aVmIxjeK8,t1aVmIxjeK8.wav,0.17488264535584833,-0.32451855663559065,0.2792895057323541,-0.2806262228261471,-1.2495783164387693,-0.41803116431942383,-0.802304966646792,0.37897824673802183,-2.0658053666248306,-0.008077204764077818,-0.8154030593339783,-0.35162779846899234,1.148533867213081,-0.8932854207806775,1.0621256105225554,-1.1221937495487289,0.5356717568111212,-1.1105040473084722,0.19534696131712315,-1.0928473540178405,-0.3468347104035349,-0.10078175271339357,-0.654451764692534,-1.3015283235334276,0.5416710223029861,-1.0438961930794732,-0.5614172666775952,-0.3510605839971914,-0.2341482011271592,-0.3074868044845312,-0.9109759600000135,-0.3886281171251615
YEsIvFHdvj0,YEsIvFHdvj0.wav,-1.950132796967984,2.130713302583693,0.8366857193396297,0.6736417837244818,0.047461636251859736,0.9714069645234943,-1.1978984147231657,1.3079832532198328,-0.37427314217531316,1.8925570623447379,-0.3953321563007939,2.826143655885583,0.059440842442068514,2.2131608828848695,0.5156654278907058,0.9264656885149657,-0.7346413046266519,2.347268329073546,-0.03906553615464628,1.2121648580373356,0.3746308915121381,2.2987410218304873,-1.045662013295146,1.4080870965272931,0.7824434526202462,0.7169267420684521,-0.8057730211071752,1.6873546467712175,-0.8377460954155308,-0.2512835909245042,-0.7111501606138194,2.2498237791158067
aMHyUm5dcCc,aMHyUm5dcCc.wav,0.801992162518594,-0.4519396443535256,0.021159138234893782,-0.1811394725741832,-0.31157271278825033,0.8844105642315544,0.018867844688687848,0.7529463644024078,0.4593619967181842,0.14505248738580517,-0.7543179055246118,-0.34614993588885734,-1.1600948665965576,-0.10296154380700706,0.38892653039170394,0.06703834337017124,0.23862957972475415,0.5382781031669309,-2.304773731996711,0.3822531922426402,0.5749536324662254,0.8805183937614478,-1.5267909595255285,0.9429065034542695,-0.47656395460761225,-0.17166806815620989,-0.4099368077200961,0.10594709650173717,0.5009749134190792,-0.46793532554119716,-0.24450322673228572,0.21491099896553423
NrARzmzUGds,NrARzmzUGds.wav,0.9241257513828766,-0.5010783478223841,-0.5542808126239112,-1.2716368540835885,0.815018384368927,-1.5421202358722563,-0.005787722243195583,-0.44185783579009164,0.20075086414084217,-1.1095306672322796,-1.7934746957506575,-0.5339358745757473,-0.056654776273076815,-1.3019166715463693,0.04363209043048296,-0.3613874889604603,-0.4514867069248338,-0.3535158659673689,-0.18288911233719582,-0.20062291276993222,0.2123894268509924,-0.38536835859624946,-0.3434608020813354,-1.2025015565018595,0.6799618026393457,-1.4620908635348489,0.6740585413195996,-0.04538378420853392,0.1149368694602663,0.14160720419737566,1.2175600245537468,-0.8767354090401446
CT7EAOSu9XA,CT7EAOSu9XA.wav,0.5819678188238332,0.05682930863075364,-2.3604298563332686,0.7969551355059342,-0.5273191953872093,-0.30237551201782353,-0.6078309668911696,0.09298943738891878,-0.852462093443988,0.31309965272213675,0.27017336993651747,-0.25663074674809505,0.03010380408169722,0.5534910867816505,0.39546726551561684,0.28368731476998355,-0.4446809039384329,2.0354882208704947,-0.43805587630901066,1.0826152713000319,0.08289950935200312,1.2987589083022812,-1.0398913500780016,0.8666953990290222,0.7410133309267551,0.21341139858810654,1.3416449161060027,-0.828114033500142,1.214505162497731,-0.2246308058967214,1.5844699903991515,-0.917500957323013
6UXm2VubJ-U,6UXm2VubJ-U.wav,-0.0916862401135951,-0.05786083386344868,0.8068028446185129,-1.1433411142397842,-2.2364292066964078,-0.3820690351290479,-0.28469524245155453,-0.30871533963820486,-1.0553021112847651,0.5858951906671794,-0.4964343681065818,-1.0352196599833172,0.006104205327387039,-0.5271613287589142,-0.23010752855113553,-0.9519037982273413,0.513494373095363,-0.25328016113445223,-0.4240291885132376,0.08312958137276727,0.7148946646405909,0.295231827229519,-0.32429852230790224,-0.06116044009104922,0.9591771517130474,-1.299327967083702,-0.7220148341673701,-0.06425433328977834,-0.5628264253989985,-0.5519905847918027,-1.1414522085102645,-0.4097163799339033
bCiC-nHY4H4,bCiC-nHY4H4.wav,0.3102666460609343,0.04597630214569241,-2.106842125544235,1.0392419833196205,-0.9778786921749731,1.1512084415548487,0.4914412916690039,1.1206930430726314,-0.1733424983299289,0.3056704072361534,0.3737692976933971,1.8944638889153254,1.6626241271426563,2.1620949200597948,-0.2648797265133763,1.2058694534724972,-0.49478709190288805,1.1697338182093957,-0.8029031871319813,0.5948310871377993,-1.7075782750984947,1.1780913619192748,1.7470217362884257,0.5618250362795599,0.2916804959833929,0.7610993762213326,1.8853919899240694,-0.3489396616074102,2.6734163492996244,2.387906735600634,1.3985555442698148,0.022020314679636197
RX0ik6nWc58,RX0ik6nWc58.wav,0.11483880505192812,-0.14946456917815304,0.825793044205605,1.3165084044023774,1.6536412576081827,-0.5758562983513509,0.36620973041191673,-0.13924782031337934,1.9267645207773214,-0.9419149143455305,-1.033842800411126,0.43029611540166746,-0.47556879010677633,-0.14594443028285414,0.3817910864864194,-0.005067998336928436,-0.758896239478529,-0.24228075253392123,-0.6654543389173755,-0.5760228884714734,-0.5292213890264588,-1.1684384483074497,-0.06531165835496167,-0.8440764016798578,-0.05837310629779138,-0.46689652509270274,-0.7373345886640473,1.2550371796575677,-1.1466794096206765,-1.3849991453304364,-0.37151658043996544,1.1514557732689255
NoI6Lfz6dB8,NoI6Lfz6dB8.wav,0.42343686927503793,-0.09990690775778162,-0.3019137034354113,-0.26524011367517975,-1.236200388991952,-0.1947559128858944,-2.104915667171183,-1.0925238857247461,-2.052487059246767,-1.0747951571523786,-0.4908689963407627,-0.6499640200606608,1.0213539391023487,-0.6300598631498644,-0.4223736389883621,-0.973643016197318,-0.707617562843577,0.6503438978993058,0.29413733282386706,-0.6980131364225686,0.02034872009743436,0.47658287131580646,-0.3152802591261882,-0.4350633873885348,0.5439450674984166,-0.3383596257080925,-0.21970672600024643,0.7939776538619908,0.02411978940205138,-0.3192374106605982,-0.1517329091832667,0.4855013640357188
n5UribH66-Q,n5UribH66-Q.wav,0.02109472339657082,-0.36140362737740117,0.3817706998687428,-0.5829248217391979,-0.08513215407238074,0.6625258925870187,0.5261021492078167,-0.3266507794922211,-1.2358922709079085,1.0561845960066194,-0.7843566726115364,0.06264722740061207,-0.3616096656871758,0.3392266059964461,0.6080978993519207,-0.6755783415506043,0.6566594045208369,-0.3911327401406464,-0.7426166378685486,-0.5474861869309255,0.7153205120355912,0.2333195390670272,-1.0616768276476904,0.42221464825234317,-0.38076406525064993,-0.7934188424868952,-0.6733214980854675,-0.02975681948571054,-0.7186870192202301,-0.8768307451689864,-0.5392583042063157,-0.3475459419410547
fPE9ujLIAkI,fPE9ujLIAkI.wav,-0.12033823689862565,-0.2928161146298237,0.7332268298822595,-0.03162822467460868,-0.37459293144697126,-0.3127449547425542,0.41700750752933546,-0.465603424862257,0.6349412411738776,-1.0379464304870487,-0.4813857304078396,1.3246295563142263,1.344012708829566,0.03795823058752082,-1.0242167616438231,0.5388306877855685,0.2966371209122636,-0.8127905933956304,1.1577817422176275,-1.0618711155557075,-0.23104013307597596,-0.8814238400737876,-0.10914633468513514,0.2538034558078086,-0.1555791948403872,-0.7866970656509391,-0.3198303188872182,-1.1034404879297655,-1.0740533883763526,-0.949491048829817,-0.6619369611095147,-0.7487004234301242
pvC99ZM9qaM,pvC99ZM9qaM.wav,-0.08213412974630853,-0.4360265520122416,0.03521673873085377,-1.1101998204885253,1.0129920683331781,-0.264427951796492,0.7324848645160503,-1.297784995378149,-1.6067945491026878,-0.3066032878912256,-1.8410109276054938,-0.4987533270403563,-1.5848590042048276,-0.6352244782291743,3.0692427884303624,-1.2244659659939823,1.8029634710904145,-0.8476985598619593,0.22247262390501132,-0.7907828654838928,-1.2684436588446801,-0.6909913157553512,-0.26286657603891833,-0.14807367694835916,1.165262584966746,-1.7892488312834236,-0.1637267309735931,0.38028885763621945,-1.0692898029947469,-0.949212530831991,0.12274198465434286,-0.19342834959849817
DrZdURyL_Zk,DrZdURyL_Zk.wav,0.40636302653195266,-0.2705087823329007,-0.6415702834660283,0.07335011810422376,1.4121243015808032,-0.48275350382195603,0.09361881012964307,0.2780419876620961,0.25987367621276763,-0.5065334837432152,-0.9756921867914519,-0.558011373227584,-0.16247889822135408,-0.6146849064313329,0.11921033141464497,-0.9790819539088581,0.07393796992302343,-0.8360812962286408,-1.3018519044401766,-0.041508814461438004,-2.06935476975197,-0.5056955466367035,-0.7798428198619436,-0.7066843339299961,-1.6081915196490457,0.07470606016491123,0.5639281748873471,0.6885434995926193,-0.33589223076416097,-0.3872720518497411,1.032839643076769,-0.10861563406034143
IHBXlpLn36w,IHBXlpLn36w.wav,0.0886230266156209,-0.2871838333689054,1.7816641707792211,-0.5752123805783054,0.6089522474750254,-0.10623389883766193,1.656369250861818,-0.5394819018559565,0.7375872040467829,1.5244595841452984,2.162810320898059,-0.049239865562149966,2.06076837977757,-0.3130261152449627,1.5504352562408135,1.0331172727772306,1.950665737026508,-1.052569141749818,1.080032906136487,2.361326576492971,1.7966805768982317,-0.28546492123609385,0.667249048610636,-0.3343390739560293,-0.15030356321839414,0.8308196421672683,-1.2305532595459054,-0.9635353627805266,-1.230770222936783,-1.057970599831831,-1.146270768548311,-0.7254098877912661
Tz2Ery-RO94,Tz2Ery-RO94.wav,0.8592598895947007,-0.5486880020860879,-0.7188076879717675,-1.0620288607834645,-0.800479921464483,-0.29189920132393576,-1.3732117984539356,-1.1535362837395156,0.14099201880997891,-0.8092455892616949,-1.264110318156492,-0.013903064858592776,0.6025906620909383,-0.15522091474032054,0.33668783965401594,-0.42643721913367405,-0.04689305298352803,-1.1209473021244003,-0.5767511679398429,-0.9004186356691094,-0.9684989223159626,0.4511649770071757,-1.3475112476370275,-0.03458239359178086,0.05617279488718108,0.3179660244185195,-0.0494409313776102,0.08198420621597302,0.30593618728491023,0.17116042932164277,0.48793736753177674,-0.5725847698285339
otNea-jNmXU,otNea-jNmXU.wav,0.12235067675853208,-0.4342411687518491,1.0060914121829097,-1.0142368617559148,-0.5917000548092336,-0.6980930558431948,-0.6572250258396881,-0.9006227288416114,-0.3229401791839213,-1.809001622074381,-0.5812480875978506,0.14604169768394332,0.2129959715276075,-1.2958401675146556,-0.05453445594647288,-0.2749345009233603,0.491595641446893,-0.7777627640284789,-0.14735247920461236,-0.41147686961479146,-1.572269633054527,0.3167576087776691,-0.025656363443418664,-1.3255290985343944,0.03207924170430468,-0.3381069249284946,-0.9975967608699318,-0.16810886918140944,-1.0040089994409358,-0.8644424551371441,-1.0290016997256308,-0.46241128026119854
kNelNGmQ4YM,kNelNGmQ4YM.wav,-1.2044012600624885,3.0568014847721083,-0.8008119762696333,0.7359385572560393,0.5201589473473125,-0.627425072465236,-0.3032316631842666,-0.5478359218180735,1.3201105148318013,0.004391806032868687,1.0923291391465386,-0.790525158379671,-0.07245607289053137,0.22594672945125924,1.4077865786681738,-0.24592240438967736,-0.13248920606544334,-0.10132764954280489,0.7989428659692211,-0.10176659100491528,0.3424024922633938,-0.5781345203476499,-0.058670404628581266,-0.0011891319227407301,-0.06068567387375727,-0.6350856944228934,0.3824955693776664,-0.2523223986923004,0.6823494809512275,0.6136633741247446,0.5108280780358843,0.49990660454521146
-RgMCwptj3k,-RgMCwptj3k.wav,-0.6407103794937249,0.45703447578647816,0.3167616999249826,1.1030466227846618,-1.0263507897696915,1.1679322836141803,-0.36297421743006286,0.7152656497550569,-0.5383001251867552,-0.07151966468957122,-0.43212226981215585,-0.22820560649962593,-0.34355058860906396,0.03442345528705106,0.3263016853163915,-0.18698778915270106,-1.2505920241817097,-0.04139351953188921,-0.9527450593983775,-0.5048376737848763,-0.5795468217793779,-0.4056305917086374,-1.8911870772564519,0.6556664231855261,0.8139698401579284,-0.3016410188607342,-0.18017877463568557,1.0645023935744946,-0.6625089426486097,-0.7223214839753647,-0.7721727318805753,1.3148851281354574
FCrFpk9YqLI,FCrFpk9YqLI.wav,0.5573718933258752,-0.49837320588102346,0.9219380558251588,0.5523221324273034,0.8969642065749901,-0.057036459061355224,1.3888870095656645,-0.057653884258213974,1.3592881382765192,-0.5777631430255885,1.634131319030093,-1.477582399855801,-1.3655874228954445,0.31787313962339164,0.9891178331394822,-0.49395044789913567,-0.2842037042485887,-0.938870121843065,-0.48626472824217304,1.3705928509425491,1.5604291585053676,-0.915184341942384,-0.29986337579215144,0.2818093773705875,-0.6457106365338743,0.7388036524084659,-0.9176315779268855,-0.04168564195538681,-0.6254313870547774,-0.26400100484819655,-0.7699627696906574,0.12410744983899191
altQuGQpA3U,altQuGQpA3U.wav,-0.0920552736544135,-0.3720937724152415,0.8098757429737037,0.8540898169469348,-0.3358039137028839,0.7818352293916075,-0.5609437033248795,0.4348448892496459,0.9058221817592671,0.8543561935588538,-0.5990576209146906,1.2182542199141486,-1.01145979917854,0.7509987033318025,-1.323320842839899,-0.07749493718254365,-1.5191175434438455,-0.1133532543709851,1.792266454552056,1.866514993655661,-0.8964459470468598,1.3552189382069717,-0.40575845998255217,1.5339611198915777,-0.527374273818947,0.7045373449945496,-1.3304477344562853,1.3555319421362573,-0.3553574890950414,-0.8932558626836218,-1.060776940053883,1.757695326223606
g_joEan60yw,g_joEan60yw.wav,-0.2916976198833656,0.14811549491669138,-0.9455634549440307,0.7387464840215104,1.304868787492923,1.1747930946289686,0.6033414895401925,2.728425357941259,0.7099317092999357,0.6761990476373548,0.19877600314976357,1.1787015729635517,0.7075219747253522,1.8460997184022951,0.43745705553079306,1.2605346312425807,0.131779822581306,1.4160044129347382,0.9063633451911979,2.0996475545580378,-0.8023498753425177,1.7408122316245096,-0.13339306245569055,1.1962925783377636,-0.28696376795856937,0.9479273913466144,1.1186167921349037,0.6246087484291076,1.2583086238472692,2.2699406709076704,1.26245396160244,0.5701281839921649
1TmbgWl-VjU,1TmbgWl-VjU.wav,0.009687645208467384,0.010927734869190131,-0.5296776665955446,0.351769378270358,-0.34571728827088183,1.625171658870327,-1.3174738741332574,1.8876967135356408,-0.2589008490760955,0.32044779489233477,-1.142769911622785,1.229197608594908,0.002585386339633869,1.9042478848465587,-0.688624465684261,0.5282934962698556,0.14480700730170404,1.7620502378048388,0.26893362321714154,0.842626408281422,1.152949861934709,2.0824006187230513,-0.18670034698159285,1.7335985086086596,1.247741581706859,1.8297963058810718,-0.5662841918628686,0.8320407997181419,0.7922772312469817,0.7440447495392353,0.10959499097696587,0.9260507707869186
9tQPo-18jC8,9tQPo-18jC8.wav,0.8825556369346734,-0.46664914217453834,0.3457753225050579,-0.3278141734138427,-0.7412347657959185,-0.5264796367812027,0.31030756399530895,0.5342348374487426,-0.34885551389047137,-0.5310007310693671,0.4974413982561035,-0.30438862570028546,-0.9560267987348968,-0.12531866833746555,0.3893398440709286,-0.3889747449314444,0.148353364932183,0.14793127409627688,-0.26824840629721497,-0.1766566181613949,-0.3538504467549357,-0.600471016288018,-0.1237525726424374,-0.9883731655519608,-1.398252338309082,-0.8514839687218622,-0.11045655237741854,-1.0780810630545052,0.07021028807520392,-0.441938836634609,-0.5421075788521699,-0.8813907455455762
FlZnDwQRqOo,FlZnDwQRqOo.wav,-4.486607602674579,5.219741584206016,0.4723123382690113,1.4075838965593166,-0.006560183523863411,0.13395917935677873,1.4533403476850555,0.7982308402555721,0.20932113416342313,1.1051092089041448,1.2284838953785902,0.31273673197844326,1.8047897725487798,-0.32639365139662146,-0.1794311601124488,0.48513574310491414,0.812885966020913,0.4969511243932756,0.6626763864924518,-0.11052781507274138,0.7875362804973848,0.0064697303766852385,0.5713277833735411,0.11123714301563063,-1.22816989311735,3.573835165236244,-1.2901603640024952,-0.13538826855412806,0.2369933632164593,0.2107192114886135,-1.389924480122692,1.861040422483609
kXXECqaIMkI,kXXECqaIMkI.wav,2.2063739824828996,-0.7734678053427086,-1.4250067822276558,-0.4731283363328475,-1.1152488524043447,0.21247028823615188,1.0806710867016203,0.6415004761264477,-1.7304811931473227,-0.05555457875949225,-1.0108545357753622,0.03141918309776613,-0.7045227663293626,0.5765261438184078,-2.6430046297363243,0.5928082665643841,1.3576759761926893,-0.5204547590051998,-0.6160930951639305,0.458118934748158,0.7598641739298616,0.40965412630358267,-0.3508168842088103,0.8260960798837899,-1.201667491973965,0.31616155200347945,1.6088830511384866,-2.013664836240264,4.009000190569185,0.7268353632604889,0.8186218920539868,-1.373057283501753
WCnqWo3rKmg,WCnqWo3rKmg.wav,-0.3927425159683089,0.09579662021322949,0.4585610584056283,1.0464269359765952,0.30615816141384483,0.674957901481508,-0.46822600548456356,0.06930457471418901,0.3225047727543953,0.09484656922654248,0.22121418739505277,0.22972671014263749,-0.29285140555222006,-0.7634542199970977,0.7627918863441667,0.038272786344837224,-0.3840095749995095,1.198875199130886,0.25164184300373993,-0.38396409366023954,0.2687532109024624,0.7895179226788039,-0.16583647143952185,0.5025884551718407,-0.27650766004171545,0.31853554808448836,-0.10117635434226303,1.147253669689974,-0.63433798884555,-0.614747891502446,-0.29257581735467086,1.1978768653710377
1E4rBf6oNvM,1E4rBf6oNvM.wav,-0.5904230862330404,0.1288230648673022,0.4184794392282974,1.0103686845341648,-0.685854538532991,1.4309962350787142,-0.7709278201443238,-0.04969401342761415,-1.8087400943466276,0.8254321632280681,0.0035470858088695986,1.5835300680528845,-0.5202159012946288,0.6332509440936908,0.3284248840045585,0.12835452499934605,-0.21311789026070962,-0.12441295799287032,-0.5760513686958539,0.1338714653570362,-0.22480060517001274,1.2256505267013489,-0.17131546463349853,1.2167211771750235,0.3043864303887337,0.3011677704415207,-0.6180216100189817,0.5468047691909593,-0.4446058569880823,-0.7085783672653243,-0.7538087640841208,0.745057361838052
BycgXuZFhnk,BycgXuZFhnk.wav,-0.41829969761885444,0.4231350573961331,0.23122561696828342,1.756887304182685,-1.4116780143161065,0.5234046408426577,0.5365710886040623,1.9113215426244492,-1.1133063072767273,3.9539879838907854,3.072849514577036,0.39720673078607704,-1.5203299775823473,1.7209904796631885,0.18260600849599865,1.3648825298761291,0.04764943627263003,0.5681019153169242,-1.5956188537027092,1.6123861299165385,-1.4116859276440228,1.2179592074931405,-1.4179073704634486,1.4206289546663717,0.9696197271670792,-0.28025339942948974,-0.6172872752633506,-0.8088538147150943,0.4367977730252926,0.20024480438603356,-0.791285538347248,0.1323795074257829
qgjsfamIeWU,qgjsfamIeWU.wav,0.6039520442621068,-0.2500879019281066,0.01843861283699982,1.203626333518368,0.7081784760369555,0.13064140223678503,0.8069784612575972,0.10104057578806443,0.62438434524573,1.188697917314963,0.017005511909730545,1.0568476180301154,1.1132567236934208,0.45020325422239266,0.4969077401900119,0.11849129910434009,-1.6970571131092989,1.3096156828367282,1.1280060357748292,0.13909303106529414,-1.3069153804361684,0.8002500607829837,1.3028088204137398,0.8138501125765848,-0.8330158560772172,1.0223039212245917,-0.131355873310079,0.27622227871956906,0.7041111288554055,0.5449642983288461,0.0019179048637802615,0.5535930851800691
bA9xGDsQADo,bA9xGDsQADo.wav,-0.007347237527814664,-0.14909415823548355,0.36501883020585363,-0.011969543152173625,0.04280651403102368,-0.48963149622278873,0.03772840902420827,0.4428505139408496,0.02545386998529519,-0.8840131746533644,-0.7061897042977037,-0.7908972849201371,-0.012520452259219392,-0.9597380078488492,0.5094404590872151,-1.0575616297798445,-0.314196935181991,-1.2780470290618386,0.1375002263476328,-0.8550619034451387,-0.3736011380908423,-1.093294798866099,-0.868864588578942,-1.8685563531462372,-0.32140403635140735,-0.995611613096989,-0.2246930925265731,-0.24892005553790894,-0.30314562457019595,-0.10963662850234561,-0.2597947577850151,-0.039891711313006575
t7W5SAXIcH8,t7W5SAXIcH8.wav,0.07891760641665042,0.46423465138402126,1.5670076843681862,-0.9167785128426337,0.49845649461757086,0.45244921722419906,1.2052441298164533,0.5540925460591045,0.9617679872055179,0.14005920040500014,-0.7908058923913578,1.1503619264723937,2.5650090226717945,0.9227547881522916,-0.552782287241676,1.529814900310891,-0.3199355426538305,0.7386602128042885,2.5929604996237585,0.7390897798043738,-1.9213651899675597,2.3533784709226744,1.506536168670135,1.0790952258465474,-0.23057198850864727,0.33740476852910295,-0.9721608648532138,-1.5304527380791741,-0.3171626839902904,-0.02623092375803545,-1.1433089747718306,-1.01629276546001
umhBo4U6XEI,umhBo4U6XEI.wav,1.6162002987823136,-0.3892836563090621,0.8388977263718836,-1.0486385072338351,0.3720813539542625,-0.8305774648594864,-0.78938173480266,-0.620414507116748,0.5508744175281325,-1.8817222552417447,-0.7028985304973652,-1.052767137892321,-0.5691661498290922,-1.9679496047458043,0.1981827437924049,-0.7627699374433086,-0.3978435874341572,-0.9927679541838709,2.626437189786432,-0.0950689592053041,1.7859736113605258,-0.9639692311675261,-0.09495764442489696,-0.30021099611841473,0.9326733374055722,-0.34816237804708966,-0.16857392310276112,0.5182773667478752,0.5078043333135437,-0.5326186683474693,-0.11098097242933536,0.36636335227806754
X0bKCMgAUOg,X0bKCMgAUOg.wav,-0.025101777460246385,-0.2828717127250531,0.9611860209536947,-0.1993926706012477,-0.1631181241706508,0.3876162025479593,0.003618803353523167,0.0868412888253424,-0.5088473888690882,0.6063985189065928,0.25342409845287156,-0.40714625617017175,-0.7193445911641694,0.43322512321499457,-0.43316924834527515,-0.4374870834343924,0.2585808291319177,-0.4852736648160086,-0.5338009675453572,0.08553664031607955,0.1692515943706159,0.3584082476404653,-0.912915260421498,-0.6262902709146325,0.46704794986428894,-1.1886848260153597,-0.5825947654351759,0.7626974799220224,-0.7722258841454049,-0.8354755891607695,-0.6668386318168767,0.6040469360559074
6MPxJ6hQgpI,6MPxJ6hQgpI.wav,0.6554284787870601,-0.28549878289515895,0.03754835122022425,-0.10883266172138907,-1.2842893357929612,-0.40607387586512433,0.92633998936536,0.28389930106783495,0.6297129870282205,-0.7175289920789288,-1.2741227529395558,0.7437543571841998,0.8377509060734974,-0.4902847666346718,-1.3537437192402941,-0.14275737522385232,-0.36700015458851876,-0.4436898563250099,0.7777797777155557,-0.7729826331258008,-1.0912464088556233,-0.5406896189176187,-0.16682742298572079,0.5261026317549101,-0.481301786807118,-0.24086754126382248,0.49586014464141714,-1.1503360646139116,0.3882781615391032,-0.1905786660751045,-0.0927486495656815,-0.7124841434139142
AXsaszuE3Hs,AXsaszuE3Hs.wav,-0.238285356744097,0.15863602186972958,-0.31716180006189326,-0.46272743538048555,0.1372937236448816,0.33297634289358863,1.347777703590819,-0.5466798399370754,0.37565134215023516,-0.28624241438011644,0.9298973957677709,0.20679687584443632,0.769639576005027,0.1871890310414973,-0.5073355046071006,0.22822269693323866,0.18823731372683672,0.09315880401401096,1.7268017221688559,-0.27559860156999855,0.46391429070421314,-0.5660767190674724,1.9486228745861656,-0.33234054913311395,-1.0329887754565694,0.3056182935639191,0.4427153763357839,-2.3111278844842,0.57228633814377,1.3280916487308185,0.30938441516877874,-1.9883256278044412
HDqo9qUtTAk,HDqo9qUtTAk.wav,0.30612629711260614,-0.3034272650536162,-0.8739225712654979,-2.233487319079205,0.3954712817808907,0.034135151006529994,0.5163785805057347,-0.7472736981913772,-0.7810907144934645,1.4431036902317085,0.8978563848323418,-0.21873371137109607,1.2231276766229426,-0.007269521996878202,2.0214887831500126,-0.41965296683452996,1.7980375265513089,-1.0271334400807928,0.7069261493107062,-0.4592704106379925,1.655119303112559,-0.13709337202786492,0.9839641241461713,-0.35002978346799607,2.0342508619143382,-0.4320643525629208,1.2475182860106213,-0.24977987713801855,0.2687170369784636,0.8544278570011598,1.286024492508108,-1.1142574239576106
tLviVhp5hxk,tLviVhp5hxk.wav,0.35887765159468277,-0.11562807293284251,0.60059188166591,1.3491481419639353,0.4449862872530014,0.5822537260657827,1.4097692397754895,1.1230782080921997,0.00910476455736891,1.828832716776198,0.5408113405440363,3.150245812604778,3.2228760968784855,1.0416147139147849,-0.7337992517683904,3.787937545696054,2.4159629254840778,1.9268355700299002,0.9963296533019845,1.8102706603038596,1.2034575196066328,1.656069185468238,1.5870558183180186,0.8443754049329437,0.07290463856316273,1.3851774767595002,-0.6750153845351229,0.10128298740964778,0.8130351067012587,0.21063990787018627,-0.31442162835559817,0.3992674808795835
1Zhgp51IJhI,1Zhgp51IJhI.wav,-0.18101737886939964,-0.10478844804131805,-0.4977011162877558,0.7129660508370376,-0.043158370896227594,0.8681829550179039,0.8155492068072486,0.7353605887028672,0.8799840075182511,0.3068650872051045,-0.04404321457756326,0.3475598687250577,0.14908046320733173,1.092078632659919,0.4793754712951345,0.8976092471862431,1.1801379417674496,0.931547844606601,-0.9714751596076954,1.1574636574581088,-0.20930345506743375,-0.08394895390996689,1.3710282978947694,0.338117928225295,-1.7175199456564172,1.6376569010768625,0.8492577766195067,0.18691979476935047,0.26040680118909254,0.9014548558244867,0.6288407271797997,0.5784442304908798
_LYjh9tICbE,_LYjh9tICbE.wav,1.7617841590767669,-0.6532787745375457,-1.3902357741665055,-1.0824724285176925,-1.2712625878795227,-2.352145460702224,-0.14270632669444117,-1.8195187754942894,-0.33512539553781007,-1.570942623805333,-0.3196936694665706,-1.3017351267242363,-1.6499812405327605,-0.7137545998644267,0.27200902578265235,-0.9193372808103379,-1.2949209032810922,-0.7854449378971715,0.21619548808348157,-1.1108863570180239,-0.9353337427663582,-0.9058718932788853,-0.22653381330722439,-1.4830187456225532,0.2140265138565222,-0.9165090709562792,1.128891849377404,-2.8885695437120353,1.3031448425045813,0.046469967323203694,0.6259423386110186,-2.6542631546642106
LiZYXA7qjNo,LiZYXA7qjNo.wav,-0.41307098179458573,0.32199590654978516,0.14709341913369156,2.070336884722417,-0.06611822069297782,-0.011262781459447377,-0.5199593949831871,0.007975818165935945,0.4882933100791653,-0.5006917865786874,0.006059088235975698,-0.023688804352538378,0.36711986986614664,-0.296679027840092,-0.43689804184718756,0.5426999473250951,-0.9611134641529971,0.07905199011653041,-1.0185568559048053,0.23300008088915927,0.08870292993743538,-0.2046887400860161,-1.3666215089341462,1.4667801122940602,0.9614940234342219,-0.6850107560723393,-0.026196232075108485,1.1220499251580833,0.03966685650156477,-0.39033483728915835,0.0802094396427582,1.2629224474249852
F60F3wAPUWo,F60F3wAPUWo.wav,-0.4622293709873585,-0.08846850885241925,0.18492788022693,0.4279337111167046,0.37715702113969335,-0.9435065724341295,0.3688844785040786,-0.38825188806192434,0.9776039653345477,-0.5313255214452485,-0.0069916301551495134,-0.48490359565149577,-0.29084106290182155,-1.1499498569823345,0.047634389906138906,-0.552744199953093,-0.500217090339267,-0.5925314470832297,0.4656533138764076,-0.9877191285877388,-0.4261432442410135,-1.2988071594363026,0.07862769928818049,-1.2200232661466988,-1.5814203796472668,-0.3143278758118175,0.25903637991722456,0.05174515425570597,-1.0426517052325919,-0.6695789374742023,0.09985273704891941,0.020548052632097486
nLg4ZvFRpJw,nLg4ZvFRpJw.wav,0.8441914558623035,-0.49666990942739314,-0.50163839026164,-0.8464935686536027,0.8556644430008539,-1.0271550027657388,0.4463024514235057,-1.2055404562488166,1.0458470478681032,-1.121636170492612,0.28829380773710844,-0.49539300888009424,-0.7229248985000569,-0.06331523625032873,0.8433086818726094,0.008816409403710623,0.028812924970875023,-0.25619839223314933,0.8392118007243322,-0.013058150276956235,-0.7977224903563247,-0.5089196127460676,0.7384473691075252,-1.0205687598270095,-0.6045831622432417,0.06295244934425094,0.8025264340559776,-1.1733435134707053,-0.45579818671428973,-0.4334973601083767,0.8873969528981843,-1.4541974408974783
dfCHPKSjKG0,dfCHPKSjKG0.wav,-4.6183753140413435,5.179126136136435,0.5529498309975087,1.85409461429311,0.11989142288984231,0.3867141631940631,1.7020979531476736,0.6921391249249832,0.21925582062586568,1.3181839505181379,1.1989802342812792,0.5713022415198452,2.080817308961886,-0.1520782150452791,-0.3815674275367007,0.9229607661042151,0.8882528438007006,0.03783516886875287,0.55821128745647,0.349917712523173,0.7598132558455764,0.1432246905761896,0.8922273714309029,-0.14564461151655872,-0.8506045879488316,3.0082986323487164,-1.2929866803010674,-0.24787188202208948,0.22073130963593307,0.1877035679253149,-1.3599277586850866,1.9028703038318702
YLx3Ryv9THw,YLx3Ryv9THw.wav,0.12669693089768583,-0.3722071068561291,1.7298306665684513,-0.8483771411346949,0.520412113888517,-0.9579923920188927,1.652219204947327,-1.365716864914963,0.5860455826077905,-0.49932994791341645,1.9924026457787596,-0.8494500762744251,1.0853086898829445,-0.6901603537403355,1.8872579740889766,-0.11248381506967757,0.9311613069009351,-1.1500872401834596,1.9255259919303842,-0.667785928089847,-0.511326513707283,-0.9704863010612926,1.2722005997979335,0.07070406340085067,-0.6363882153656935,-0.30301895847094096,-0.8699154408547519,-1.1368610309035116,-1.5322453184021139,-1.261501090638805,-1.4090006533569475,-1.3026751526986782
1Jid5LoQMIU,1Jid5LoQMIU.wav,0.34130498124496883,-0.38508678691351517,0.5256972653375451,-0.1265902444825116,-0.40123655231773164,-0.9777126501632524,-0.47820010809314034,-0.25666961056592524,1.164984047074922,-1.3496218826197381,-0.8656779914466209,0.33398380719347615,-0.7944357789359667,-0.05299488104473606,-0.6175809240611158,-0.7963519321761201,0.09276212367801992,-0.5366318586766569,1.5020714088490015,-0.7033678397268835,-1.5819107321310597,0.5615706042382836,0.20939088763253014,-1.1692062238018863,0.11079232546977628,-0.7505328445254709,-0.33451659159846076,0.4577618199835211,-0.8338267502252689,-1.1702498768974854,-0.4443130349175718,0.2021973639859276
1XFjUG3nTPA,1XFjUG3nTPA.wav,0.6250982669939537,-0.2550751347537101,-1.0879786733818324,-0.7950391583986094,0.0665835133965271,-1.3927347369531566,-0.9909565640015697,-1.3905151392285102,0.34185794032604133,-1.0602794972176406,0.24305785667534524,-0.8885503626360349,0.5939151681217478,-1.0550043270075882,0.23824144228388577,-0.3389808151693673,0.6769020903464764,-1.2696865340153192,-0.0998035828485066,0.014823002738343152,0.36105717118840913,-1.3303563311352236,-0.9806376731533961,-1.0425751542307622,0.1632670178914276,-1.078125695589023,2.1018037341008284,-0.1730297695738411,-0.37439940933840743,-0.007689379071266075,1.808285415200997,-0.7873342213099876
bGsbGXQ4RNI,bGsbGXQ4RNI.wav,-0.5151829225276465,0.6005635214752583,0.1661725267864859,0.3577345916828366,1.1622102513989538,0.24357971972179376,0.048202807137521675,2.439910183659766,-0.14930574464130586,1.111328721758385,0.17186899498115685,1.2517564369419418,-1.0304139410470532,2.014263335390034,-0.17149450204139638,1.0395346237357344,-0.6573312806858502,1.5077059644188395,0.40571573414706763,1.6022773279938844,-0.47375349675404116,0.25132746658951755,0.8360445476180753,0.3155245917798703,-0.8755138539645277,1.127254180983807,-0.9098137257249415,-0.3061634447168037,-0.27566441874485315,-0.5836956593967431,-0.19745368932584145,0.047304812343904566
URSVWzOVZ3k,URSVWzOVZ3k.wav,0.505947035246534,-0.5746573144609459,1.3526094537958406,-0.51587247820979,-0.1613464800155398,2.7516968831582043,1.3940037735464232,1.9113357714522046,0.5439951440461804,1.6059696958533696,2.7382112867982036,0.8279221784624738,1.3402213789643396,1.5878101401691815,1.3090779677623139,0.8250078845910099,1.5323832188049291,1.5568203914409249,0.8561479637919199,0.7754197625674893,2.602286771884091,1.5166476386150272,1.964240907424637,0.13665041396045416,2.1512929947759365,0.08846886808632666,-1.0666191997700663,-0.17446723809942305,0.8302689055900986,1.0417417211485547,-1.0745035864698547,0.24926904270023945
iOTCsXd38Ng,iOTCsXd38Ng.wav,-0.28891741952287536,1.0455729475563897,-0.54285670685447,-0.07922076236462004,-0.272805606795871,0.38251200017486603,-0.2575842120110912,-0.2344305520957503,-1.3708008213243017,1.8560089277000626,0.45724715942763483,-0.6443222251197199,-0.2397764283635824,0.019898068374585187,-0.7120511880147798,-0.2558135272601017,-0.2685946129313041,-1.1524703705321273,-1.088561850468715,-0.2664018700487986,-0.13594594263555854,0.8068694763393564,-1.1318975651350185,0.2610231060073965,1.0009674986946628,0.15450947517759694,0.626465453745796,0.5701016843718772,0.25959493201569656,0.4130952731809483,0.4262353273310474,0.3783814711521254
Hn1szUVbi-E,Hn1szUVbi-E.wav,0.5602107225734294,-0.259582489958592,0.3775532655317207,-0.220312865609471,-0.28655112507900293,-1.0831032377952283,0.3073304385738371,-1.1028095227682377,0.6857747613360845,-1.140212092156417,-0.09606258946283659,-0.7867185288710915,-0.020635326706363633,-1.0593474485396173,-1.5051582800476158,-0.560505868723686,0.4701706034622875,-0.5421676578178337,0.059183363133006414,-0.549246773995029,0.14639170757875,-0.9461402739289505,-0.366368954688268,-0.3650374545586675,-1.4169244646754053,-0.818836816535261,-0.367842239964831,-0.9460895950899688,-0.500774381485628,-0.9863656047494314,-0.381428792604174,-0.8503462540343155
C8Iwvgj7Xwk,C8Iwvgj7Xwk.wav,-0.47650925696104707,-0.05150115965836664,-0.7300608146879377,-0.7905004500465206,0.34710762652695953,-0.45543252752508195,-0.16643393813025673,-0.8333910202692534,-0.28301667133107933,-0.54800190055578,-1.0350026533431844,-0.103869073322865,0.470524830837821,-0.8341322488623347,-0.9717758036511523,-0.24604286124592728,-0.5563030355592591,-0.7592160953381445,-0.6544568310712894,-1.1087736780759199,-0.4263154561028039,-0.8003764786389324,0.009809318637641055,-0.8322340035173703,-0.5474557949995678,-0.6632784062406012,1.204519856418886,0.7990295915244762,-0.8265502517782134,-0.7119017453332234,1.1309614758117,-0.0112294337466528
GZBPCwx7glk,GZBPCwx7glk.wav,-0.3516311644187264,-0.17611359851472214,-0.3558209548584624,0.5139898918377449,-1.3956034406143565,0.4511363116372844,0.5210970330510741,1.112892633087932,-0.9933857455262843,-0.36149125602650806,-1.622510818939039,0.12028985722887313,-1.1289472617135092,-0.22919256376113148,-0.42124717430024866,-0.5165659942765759,-0.501808967464025,-0.10774759115942838,-0.4539112798947672,0.41987426054725335,-0.6270486233684329,2.142296792377224,0.048923565628485724,0.7828448130660842,-0.15774855313098457,1.8568622632291694,-0.22067349290185656,0.36926347070774757,-0.1361658121513691,-0.32020909436713363,-0.5674365316773542,0.33361476166240744
24TB8YdfGUA,24TB8YdfGUA.wav,-2.2258239238222037,3.3675496619255973,0.3766999956428437,2.2862387796060637,0.3029819864453681,0.9250314941789523,0.7175776809381436,1.0859134897764924,1.760131200467777,0.6406867687272124,1.002959683462069,2.481692129821679,1.0117973851298632,-0.02821773666807281,1.7250431857969462,1.1518808691460876,-0.6381846480647964,2.6196414380331072,1.6053800235649354,0.6439421224971315,0.5326314627498651,2.364423083635745,-0.11659316410801154,1.7110432343721722,0.8073032090932323,0.8855675913964475,-0.9391321325973682,-0.48033733811436646,0.3273335103031081,-0.15116533276936225,-0.934576867226156,1.3154409929305322
YYZB62DQilA,YYZB62DQilA.wav,0.5357168431026909,-0.3588316201209233,0.3094709426531712,-0.4148667175008795,-2.5649663388073507,-1.3048290623251821,-1.0060569025248896,-0.6253854482577325,-1.48066556862281,-0.8582340424242266,-0.3364536456588813,0.6596827033652555,-1.2151962899981532,0.45979842031174084,1.0865706932203978,0.3077635181488185,-0.029087934149226714,1.2474080618878691,0.75401989958541,-0.5330287449549175,0.27812718646624174,0.5321098575520751,0.06970967735384923,0.8460203077282504,-0.13103169162280412,0.5727843595361023,-1.903014980123698,-2.698540452173268,0.29052975515688684,-0.5780469737257036,-1.9970404707953784,-2.074551698708818
xCUN-gfnoBc,xCUN-gfnoBc.wav,-0.18042574061011799,-0.24907787726853445,0.6500668430406342,-1.2417224799136806,-0.4033351432755507,0.6797119944888931,-0.8764167587048258,-0.04533824320347846,-0.4206379676394936,-0.14026048347803097,-1.237680893320618,1.3835765360777397,0.1796093510319196,-0.028060370307835803,0.05211876671898671,-0.11518777885127957,-0.0004363764237909313,-0.7508540837101161,-0.16453321840935867,-0.6559330090815992,0.5613816133426632,-0.5744011514138866,-0.31902577926787395,-0.7153369547469968,0.8812601989948659,0.022370031420601396,-0.673393782294691,0.46309246423979167,-0.31156242763438463,-0.18604066214337894,-0.665085524157924,0.1465599404374711
1RavRMnS6cU,1RavRMnS6cU.wav,0.38552951880134134,-0.2781180305714817,0.08760539749902338,1.025941090288995,0.5002569807389152,-0.3283853496322151,0.9054722340103197,-1.1857781453399376,0.7066333523807168,0.8504364308181773,1.4693986147125326,0.18609985444385857,1.2320494051333195,-0.6546283760187533,0.6788560539252987,0.4695403574138847,0.9211360214590733,-0.7850787853503988,0.0925648968024431,-0.08953489435629527,-0.5543770999288866,0.25684448715866026,0.05089169600390915,0.598617497495472,-1.2078972312918856,2.179043972699533,0.3399359222685123,-0.4546581749130104,0.5666627447218718,0.4689676794202359,0.16248162513414308,-0.009200741465565685
KtsB-Z_gUB4,KtsB-Z_gUB4.wav,1.1202837103999184,-0.31816410777152726,-1.1595154910720584,0.5717360607478876,0.6027583738482308,0.3917672048230697,1.1065900181058743,0.15499843261585378,-2.032380636090798,1.626693481745332,0.31935815084395935,0.6683004612829269,-1.8797115321438171,1.410596443854641,-1.4342344964307072,0.7755889591016709,0.8535523968492105,-0.41266834128283236,-0.8395490049370792,0.6390864690872188,0.6943523341188953,0.38637803644072044,-1.3502011232147713,0.7204562926743567,-0.11188518589236363,0.47692610888127984,0.9024287870097639,-1.0442632497355264,1.8842568712649486,0.9331263561350206,0.9709924529560429,-0.9210736780812157
1rYBqs737W0,1rYBqs737W0.wav,0.4477091191676254,-0.3521453503086931,-1.9408842407317273,-1.139237136175756,-1.5626319386593863,-0.20348029959290995,-0.8284820693964501,-1.3178377941221053,-0.28313512596488655,-0.5576135659470266,0.9123151382868745,-0.5026126094260852,-0.057137439322840385,-0.6555775288476395,-2.6415391372289116,-0.7576115836727745,-0.159246738107931,0.22436227639754225,-1.7958880008982192,-0.2798733202843164,-0.15800686696828106,0.21664076885212413,0.288527714794666,-0.04078018073459463,1.9484455159231413,0.3682745811608159,1.4983520036257238,-0.2793997699615361,0.891108934288591,1.2687745989545798,1.3465339203440456,-0.7322553458733659
hGdUMCZAnYg,hGdUMCZAnYg.wav,-1.0161891628944464,0.32154316193713817,-0.6890553710037272,-0.38419393258917245,-0.3768124701241387,0.12470679579608847,0.47171866792416633,-0.49299449531827577,-0.8806075148836175,0.6176134562325138,-0.7277692397347999,0.376612466081024,-0.4342411006230973,-0.3635304784913438,0.33115957445279665,0.9217425320731412,1.479286713751339,-0.8918828280689963,-0.724032287439134,-0.004135257088118174,-0.6689264214816572,1.2251192481333666,-3.157787893032913,0.5956302214877967,-0.4835205592659377,-0.3184165138141244,0.817565814690143,0.39053256071256087,-0.32671835544126615,0.617606612559578,0.686916244001754,-0.30669990514585893
c99L5f-B9zM,c99L5f-B9zM.wav,-0.3232373566338888,-0.2278974151130565,0.3429898031830954,1.1010466803853538,1.455400303226592,0.38040633986475275,1.2114941750231907,0.49749846231465766,0.9349604816165651,0.21191483959859087,0.8752525692207405,0.3303455387976054,1.0910669145323975,0.45236640807515605,0.144527626664852,-0.1398980057765529,-0.3509603945725709,0.2540190420856918,-0.412897031136244,-0.19118552596122734,-0.003674516044863562,0.6851069395317134,1.0240278396359714,0.7299600432553841,-0.010487708446855641,1.06129939699784,-0.4473987631058805,-0.0702906996562537,-0.8359565891099223,0.5602550300024463,-0.16300839209269366,0.2655116365621561
MIN4fPWhLJ4,MIN4fPWhLJ4.wav,-0.5494451152264848,0.9921451753836966,1.511983810450152,-1.4855584614786876,-0.6582460624497751,-0.4119534028941786,-0.7232222584747287,-0.7576247027331203,-0.22858235026560608,-0.06378472287254701,0.4009959316651455,-0.3484706757443479,0.30607211692846636,-0.3514476378494471,0.9526188149394166,-0.7844638552398656,0.004302523382505702,-0.31352477560207903,0.09081696430569715,-0.4421316384909602,0.28316563742038126,0.14531172562081293,-0.2985258141986338,0.6503167643380827,0.5647823714062868,1.124313500284625,-1.369516366671389,-0.8030397868689111,-0.8247944645042066,-0.34159997262134717,-1.706798464904106,-1.0444429195504
Fxx1hMMWCEI,Fxx1hMMWCEI.wav,0.09480284514827562,-0.23234988626729777,-0.6012266888630832,0.15870323326741875,-1.1479272225724582,0.10524183173696039,-0.00309703440385005,-1.1428272624205262,-0.15997111503209224,-0.37248353203900103,0.301491842857899,0.3733306026817809,0.942948567735435,-0.14610422025508918,0.8427675304023843,0.16084381530515585,2.3622341631316126,-0.39921961785708776,1.693027283373298,-0.4928822102245144,-0.07154836064969233,-0.28855622057221036,1.1897184324577872,-0.3940033563672949,-1.319739224654017,1.0276489150607213,0.6036886101612882,-0.31816276059544274,-0.016103831301209497,0.5054521118167857,0.3096046714735663,-0.2027240990462597
vzDaaHfTIcw,vzDaaHfTIcw.wav,0.9745676406849881,-0.44112282743457976,-0.872453924226567,-0.037153368867942446,-1.0118977773475533,-0.17473351980256324,-0.9751191408484058,-0.5942915183940795,0.7553625017254467,-1.4336823616766388,-0.797246480025575,0.03527373920441333,0.09528317965394692,-0.25887743737417684,-0.14168752458119524,0.14584319562002296,-0.8804690279112293,-0.2768053954678793,0.5068310678241776,-0.37848225877957425,-0.5585017854734545,-0.20469966417377955,0.6493352517549108,-0.34159933953134847,-0.3865255052363065,-0.27677294277168796,0.9865640437845269,-0.12243507767246159,1.460759639379714,0.8914727285245182,0.7062455792760478,-0.07787224879883589
26yS9raVdBY,26yS9raVdBY.wav,-0.5169713140402945,0.24729066283245876,-0.20387595120352925,1.1501938280075081,0.7142241696572798,1.2937498782856027,1.075785318758778,0.4268613161459407,0.07059608022299922,0.5813546701808098,0.5310298808799488,0.5037536928892857,0.5746514238536051,0.5997833016487771,-0.1507774977183164,2.124402679951551,2.010686078933661,1.5646889068293608,-1.0700409358653846,2.018309271348225,1.1023150127608166,0.6353178222184089,0.2522346976758446,0.5176309960276552,-0.6759256706834066,-0.10888666368169318,0.3930281874877859,0.16965012283660402,0.7161322464520168,1.2417653842810683,0.5170480612542581,0.3510808439314365
tpAG2eZZGxo,tpAG2eZZGxo.wav,-0.34447286112663433,1.695430455662602,0.7598319504459925,-1.507137751231787,-1.0952142435477172,-0.808077305418329,-1.1063072617044614,-0.27778655911265654,-0.06360440452784027,-0.9483235269241664,-0.554066712105866,-0.32083325889587955,-0.27416456607563994,-1.1508460628439856,0.1825809204909215,-1.0656470819764956,-0.007546205966899721,-1.3824734251985997,-0.09658218855362662,-0.4521791311758713,0.005627798487405438,-0.5801181792738521,-0.6834283748343392,-0.9131099860977232,0.16353953455072298,-0.5590009410053381,-1.2261927838152098,-0.7565422383269516,-0.5717312507457839,-0.7388822065688773,-1.2443426028379216,-0.5580923995999862
9j-Gx0ALrrY,9j-Gx0ALrrY.wav,0.6048830536935734,-0.46815884410087555,1.5811048158965193,-0.5369575307329104,-0.9596027583683931,-0.39461834413686575,-1.159925180470872,-0.8536096128864029,-0.880852854381292,-0.019248054235897656,-1.488225628742345,0.24093474946048438,0.44505067800422815,-0.7906918569063763,-0.09497790553136717,-0.20900723863786302,-0.4523607774199484,-0.3461056884996204,-0.8330407438503002,0.007557490740681889,0.5509788021328376,0.35391918492786084,-1.7132414837924679,2.2735165671236235,2.3337919294668676,0.12713349255622447,-1.5698985337695126,-0.3584087078302216,-0.4107864176335974,-1.1620778307114428,-1.6228473213841133,-0.21488010600589916
oDOwxwTzSVE,oDOwxwTzSVE.wav,-0.20506834616723765,-0.09383618272469856,-0.2879430800793634,1.634247796740372,0.4615284055852371,1.9002159927313296,0.47429784594482505,1.7589381016737495,0.005018517821756991,1.384309616880825,-0.3906816112524074,1.9928250615650114,-0.4620468700339987,1.5277657771578843,1.4336610572608424,1.1282485595141132,-1.7299179618337859,1.605841850917748,0.6048819540908573,1.8064097558809178,0.1599881447172142,0.6700376557833491,0.07090631150348815,1.8344848278286214,1.5421835010200453,0.11388010416604198,-0.3000801575500953,0.4455120455549559,1.3103392205309667,1.2310937948565084,-0.14826184359192204,0.8541457204460103
Zf2UTGOKHKw,Zf2UTGOKHKw.wav,-0.1430565293111796,0.2685347152751399,0.8028527320539691,-0.15999737079603668,0.508962435489837,-1.04332110795158,-0.3856248157016301,-0.4082265820338205,0.13875578816754963,-0.8824985647582229,-0.2083342484705548,-1.0258254267208091,-0.44250246931017645,-1.009227325959029,-0.007130980695608098,-0.5115750059474965,-0.2607995929178402,-0.8236927396700279,0.15168805127875976,-1.0482354412629653,-0.12280907750717554,-1.457793242828797,-0.5775860193779235,-1.405496776282886,-0.7540150449736802,-1.263440297343444,-0.3751405523433739,0.642664844074053,-1.3245511289058949,-1.3817516327370118,-0.4678966332800441,0.5127376719984198
XrxX1dC167c,XrxX1dC167c.wav,-0.20475830824610214,0.19145872275223652,-0.07125860454221054,-0.4200486467421382,0.5303987738610229,1.3059351088843354,0.8846870035749524,2.0919593335901863,1.1144348306033807,0.3748626107739022,0.22426116299766702,1.671749546626581,1.4610240436187245,2.5440226392723595,0.2247478494878044,1.6610301736757902,1.2375620801025315,1.570621409875814,0.3219574360860226,2.261259043540502,-0.5536013191608004,1.9160649784150303,1.9619437269644588,1.259120854724814,-0.09735910372275301,1.1023769646885162,0.4529436572385417,0.1691000010767331,0.6930927880947141,0.8800282394935935,0.6213309012704261,0.19519245670661495
eJUFdB_TN0U,eJUFdB_TN0U.wav,-0.05157455582477986,-0.30576343675242595,0.2860929034058237,-1.2922982635997269,-0.8160386838801497,0.1475837266714707,0.05008073461811182,-0.23813205359742315,-2.7735299711370667,0.445989405546693,0.4738224310573105,-0.014957817496281913,-0.686705475660538,-0.20584241876280787,-0.5308944437530558,-0.48957306956050645,0.2052709108797344,0.5190994394816563,-1.1217371893298038,0.13573010035781755,0.46780556150104013,1.6072994120689312,-0.7403209987911931,-0.13333130662812812,0.7530646906775389,0.4925691836452629,-0.7883967507834813,-0.5481199815442815,-0.7190430805074749,-0.9526700093618052,-0.7077855869699655,-0.9352888696350835
E9C2el_mCdI,E9C2el_mCdI.wav,-0.4835880774777972,0.3058046531839844,-0.8557365515745106,0.4108284392212569,1.5902310369690256,0.7044911377166729,0.47889017846980336,2.2802173733287403,0.28977411889640914,1.101269988021429,0.12151641088739043,0.6144645885822725,0.954287905956452,1.3219666596181667,0.0018995573221921563,1.2964161864515171,0.2973918933083396,1.182672476391196,0.9574390834173782,1.4314514228403532,-0.7743258982870808,1.5907917414264134,0.16620467025868546,1.0074281306011572,-0.2641825209922696,1.0593146436704106,1.1527250250398355,0.30420627363936575,1.4127382265096622,2.9172749325817597,1.4052193496726366,0.12898705091071994
AJCRcBx3Xpk,AJCRcBx3Xpk.wav,0.9819535193932203,-0.5192973613804328,-0.8130643843408908,-0.5915003592259237,-1.6445189395193394,-1.5573754374885806,-0.392876084588285,-0.6828365741813446,0.23241919462535376,-0.7953986625398294,0.12075370407449375,-0.382176993924908,-1.492663345825726,-1.3957392825510544,-0.16762886991844256,-0.5165706547966803,-0.793416702757076,-0.13754350659899808,-0.2658157305481677,-0.8824575078848896,-0.32858144470935025,-0.736643561982681,-0.14439120721596357,-0.9681868196897134,2.0868586489427567,-0.9787591345163819,-0.09477742723299028,-1.1556580638620033,0.773590951421971,0.36573760000467337,-0.2363741111012015,-1.2610600013682591
OPAR6BxroPQ,OPAR6BxroPQ.wav,0.7921981466152997,-0.5720658711303104,1.0749916903676764,0.3909925928216544,0.7247982485895321,-0.10148963615343916,1.1349087924547494,0.08986389390187673,0.7445883441147247,0.4579114161636274,1.8736113372010756,-1.5342663792820124,-1.1037772899730856,0.3449825457969371,1.35937838371681,-0.1716590842772705,-0.363141221446846,-0.7038563738529862,-0.5735898032981678,1.7749078737174018,1.6486368975971815,-0.09152388352516569,-0.45040782590649076,0.6856296887749203,-0.8709716099853227,0.8851952465855476,-0.9382023002664678,-0.29039811358593576,-0.32773157014979126,-0.22128125835217066,-0.8645256598059118,-0.11253369726311127
vkHuZY-x5DA,vkHuZY-x5DA.wav,-0.7259215990772376,0.27141237421087033,-2.4171509794205,-0.4055371803867148,-0.0787100177538569,0.4163607491844982,-1.720563503289463,-0.5677081375502689,-0.7780686376323236,-0.6917249549485491,0.4010097194916049,-0.14091931607496974,0.38532817987681345,-0.18644128016117123,-0.3427656572939743,-0.48022363025116016,-0.7139131992596084,-0.15650759857285515,-0.6647013631032421,-0.6737242566429806,0.8299333487652799,0.12572564035469186,-0.5600992110209416,0.11856398006652752,0.7951196795421351,-0.2105850062799072,2.2913634213009133,1.4333042103348566,0.5516931064124233,0.9769680674893417,2.439358402743756,0.4040409514010567
d2-0S67JIeQ,d2-0S67JIeQ.wav,-1.2236578506344715,0.12018972590397962,1.2221180675727021,2.5634123950955363,-0.11577486210786092,2.459266646767487,0.46996628034999366,1.0797105913207161,2.6844548610739865,0.8552224884574464,-0.12037635466248628,1.9518911758562019,0.13835553015218324,1.4356940852704694,-0.6592306647949296,0.9969466677366741,-1.4159996322845334,0.9441842905244684,1.8582093062252727,1.268916999706034,0.858666570071614,1.3835044139142914,-0.5740021791482361,1.9897997842373851,0.6751541337076473,1.7636470726248912,-0.513285881055065,1.3114837794321563,-0.5418754935044573,-0.22100767419504289,-0.965072709596786,2.0037648503534493
C0--BgWlBc8,C0--BgWlBc8.wav,-0.9908644856943956,0.7026176022245219,-0.8975316167903851,0.21510613708881987,0.5126678272547199,-0.37096088642895847,-1.4368116251730918,0.5114307719441243,-0.20886147901270294,-0.0816758196278532,0.6984090934462414,-0.7864682635381768,-1.1163216590256184,1.0213050579803782,0.4241658529859769,-0.31347641073627225,-0.378396409478082,0.9068435892264141,0.39553419409893287,0.9744058024322771,0.17497641939776354,0.39109845302982876,0.5320156895884871,-0.3403042431036694,-0.5902336517005239,0.7529048359969648,0.5297853827541559,-0.6914659202443028,-0.35049260603402504,-0.33901873431093543,0.9363790603465918,-1.0151182343040637
-CaVomZLHUs,-CaVomZLHUs.wav,0.4254293963642262,-0.4083883402062801,1.4941955680852896,-0.5299288780587421,0.672975975876078,0.03272272930049423,2.342293709343354,-0.6122340239560633,0.5388651918776358,1.2562339412008274,1.781649645085398,-0.6036573208778802,1.6046930146372345,-0.24344191435292412,1.024809946246373,0.8459589323574874,2.2001485848912066,-1.0588648643709455,0.8860239196348872,2.107797626276641,1.9339758147074795,-1.0203824675216575,0.782296256842509,-0.6378580942219507,-0.13632454467002197,1.0477686148307412,-0.8411125189060319,-1.0503089581320895,-1.0823687597013343,-1.0133459713601842,-0.7804001139110823,-0.8351322985295656
toOmcq33IPg,toOmcq33IPg.wav,-3.9230129923058557,4.708637763833459,-0.11016576926724059,2.170142067092768,-1.322257393160431,2.849576934826286,0.16087873665329838,0.5599508222535339,-1.0953006684496907,2.6090572584565193,1.4350619727682399,1.6701754449948294,-0.47783257316374506,2.451701278908447,1.0581496962629275,1.1316525003403717,-0.5713541345502322,0.8978687045343146,-0.836441951126617,1.3918206637265016,1.534336162817542,2.090608902089808,-2.136054102481824,3.118004038315621,2.1067585052885103,2.1527328276547637,-1.1448418746553564,1.2205360195111246,1.191578338307018,0.9303406787604961,-1.163116574482781,2.8897061456321156
pCDO1wHY9H8,pCDO1wHY9H8.wav,-0.23317368316983894,-0.0156643434792646,-1.2991347976750127,-0.10973389119336938,-0.9706015895910615,0.41354895096921546,0.5414250481764294,1.6371179231992583,0.048218137800718916,0.7163955327330059,0.3360413989614317,0.594211686385826,-1.423573590972564,1.1304866044814215,-1.9782551238079238,0.5675911009816113,-0.8543737304078227,0.9242078838805379,-2.567692428641121,0.5772069879001236,-0.8610240908945096,1.2165957064906894,0.14984007455985948,0.033429893959215355,0.7002165177821875,0.17142461325151018,1.187505121513359,0.16299587191654694,0.861543416457714,0.6233670518088964,0.7875968139447794,-0.0823803326260248
9tPDGc1-ilw,9tPDGc1-ilw.wav,-0.006898770350806252,-0.7352923238890264,0.6503459652976367,-0.08406097924445546,0.8776941970575465,-0.1504097651420958,-0.7092297954389982,0.09680875395925673,-0.6904089641355693,-0.19968984359029102,-0.14870987047220163,-1.0363294424597527,0.6787964067389227,-1.073281263606706,-1.2806935625335263,-0.7789875589533687,-0.010412284844916752,-0.73023394300227,-1.1761265495346422,-0.9423719483118861,-1.2310800900656385,-0.47332038836689816,-1.3334255131549042,-1.1017284144222999,0.7460754960722062,-0.6072424820863767,-0.648489168998753,2.251096496842284,-1.2388339201753793,-1.4992363681333123,-0.3568718653231773,1.4752978980622649
wb1PFvMZD6c,wb1PFvMZD6c.wav,-2.278314676209512,3.53714934202529,-0.5903715166979064,0.44304666788062586,-0.20129569228687116,-0.30662833754793417,-0.05171859471042431,-0.8028171879748327,0.3962646307868844,0.4971708071633011,-0.9742230772458036,1.891973437671196,0.31375231257720937,0.6517820109619304,-0.24422661396846126,-0.08453185136349682,0.21458371992272143,-0.07740498055915176,-0.03795455600389729,-0.12559278867277315,0.9781643847865324,0.40403588296724496,-0.624091711161435,1.3322941647500033,-0.05192597100273559,0.21155667581167917,-0.11105917280039718,-0.2560073300255276,0.9080800874444626,1.1198112087681584,-0.09837335902323206,1.0307463718599525
kRyEGJM_WDE,kRyEGJM_WDE.wav,-2.0226738531730106,3.34943625364958,-0.028615042595047265,2.358988375092645,1.7620614466682358,0.5490762141446784,1.0547820769082208,1.162457116396898,0.8717934417946015,0.6331614831514123,0.0025643802678811554,0.8574521851988608,-1.025630048549381,0.33110167635784804,-0.009468838017966245,0.47254658266368466,-1.4234661456731412,0.6684730514775902,0.13946721823161445,0.6004700682107399,-1.6364441765421716,1.9607322172909942,0.023733948462952896,-0.02716835642127861,-0.7880008612218562,1.414151442983569,-0.5543652652399842,1.7751015318536036,0.007036319827293395,-0.115454308439803,-0.3747445713690535,2.647154266047334
SbZfCQWdIDk,SbZfCQWdIDk.wav,0.8686205536022193,-0.3595974048672293,-0.9513951344613907,-0.7161813683578991,0.9866658131950005,1.1121356063129446,0.4720158974651438,0.09513009469386621,0.09236020256215834,1.5942554723830464,0.5786667904118343,0.021248166552073556,0.5823539512264714,-0.42093687660918283,0.9802904656433452,0.761106986647124,1.7653165104748516,-0.7474069789832667,1.3194076684321256,0.029466268930025515,2.115525795532672,-0.38524379677009746,0.9995006442598995,0.2247948649710745,1.7528584689176017,-0.6384402266443789,1.515978520462738,0.8199024135522885,2.3157213659505325,2.721968584934063,1.8040590941279944,0.29966492522192245
_iaTDradBy8,_iaTDradBy8.wav,-0.7985827686767192,0.37210862458496174,0.8127052481375898,1.825154864889018,-0.16071175894636658,-0.1586571585966949,-0.596624109176056,-0.3757057530234319,0.6262751649648631,-0.873110998483513,-0.03646958385120164,-0.0973860664515119,0.2788079718486504,-0.6262631743785546,-0.5280168604189532,0.050957020998986434,-1.0288350474832832,0.431633762264065,-1.356064315229758,0.7296367960204554,0.18561822325506075,-0.06151815292386659,-1.5818448430718062,1.739731248080921,1.1648273752747893,-0.7497157038831501,-0.6435166846529121,0.5939799006223443,-0.4482735523781645,-0.6525482337327367,-0.5274259008413296,0.9028931010214892
nIYFaYrTY-c,nIYFaYrTY-c.wav,0.42543273424453004,-0.39394919031114817,-0.8110177285548655,-0.11080595488784048,-0.08279121999381604,-1.2295842569325812,0.121253310835953,-0.9380148765254218,0.09803833051291248,-1.145886637061941,-0.14904705963202933,-0.5601902961107277,-0.23434518074321226,-0.6308331313954921,-1.628883371748172,-0.5620583294938154,-0.2009025542925844,-0.7414384124594298,0.08433633639920292,-0.8509484060835891,-0.8628246951974436,-1.025536614647238,-0.16202998283234313,-0.9211948476778468,-0.42146140129129406,-0.6239760176285506,0.745553182528782,-0.824770176021627,-0.8353325022211272,-1.04646904997317,0.7086339752400035,-0.9395946656626657
PffIZqU8sWk,PffIZqU8sWk.wav,-0.588201737809837,-0.07609655355079983,-0.0002304615732674924,0.38782715258773653,0.23665862653333264,0.6377578058022031,-1.4497340817322588,0.3614126404888699,-0.1551405907221338,0.36819333805720394,-0.8382843719642892,0.2888763347974959,0.6297907279031905,0.3204698491062162,-0.7105481942369622,0.3569371000025676,-0.09851382152944671,-0.29411895886451034,-0.7902927089001096,0.43753124049295516,-1.2207250321007668,1.0067586795228556,-0.4683859341196404,1.1389632103955876,0.011773929932664556,1.273194266375004,-0.07465560199747087,2.269858305424926,-0.8223234947744691,-0.8959575387805185,0.19071027214709493,1.7380327381674492
6rrubMzPLY8,6rrubMzPLY8.wav,-0.5926331028892415,0.28432074293915743,-0.8632560146628492,0.48608624863218863,0.9257232207209873,1.1739612047693804,0.7711740375069877,0.46359288408142774,0.1716282963292537,0.7513011633518146,0.447247449991079,0.6284133930216697,0.8497761515628411,0.876890622038645,0.5162362867030982,1.5308744076089011,1.1254771220526414,0.6064765430475272,-0.6218828907323223,1.3984247067632993,0.9564960507379756,0.19829261066042,0.26360074055361055,0.9494261745295631,-0.34822618474178585,-0.27189050609292226,0.9686055149500904,0.35210417199184757,1.0126454171741308,2.0425752150534224,1.2366577207689093,0.12215243368452877
j8CHpeQXSSs,j8CHpeQXSSs.wav,-0.9757520668506005,-0.27036183546867837,1.4647709571128111,1.0990453360205068,1.964391760457539,-0.506552365616331,0.7584450359919797,-0.657010283879377,1.2290984860728857,-0.9742358978778404,1.476778872434589,-0.7466438741684943,-0.7532866766767141,-0.265682489230178,0.8114285405234861,-1.1172309553994386,-1.396740555138574,-0.41241092967047466,-0.4119369575227992,-0.42419695305417915,-0.14652106637403048,-0.8640897710196601,0.6014079855219729,-0.5203440527171042,-0.6419775645233725,-0.4760672144009583,-1.506553468415953,0.4004987661178946,-1.8547575464162038,-1.240181103567812,-1.3252725647419314,0.7711582664302502
4SvBJvGAbA4,4SvBJvGAbA4.wav,1.1199971957524044,-0.5694831330892848,0.4095500085031744,-0.9795763509398414,0.6489611616775083,-0.828515532623068,0.02202166260035765,-0.38235263417359716,1.7744087893611087,-1.1941267150837913,-0.7557046803611533,-0.5220986474936326,-0.9969354773943643,-0.6777304362086422,-0.7159907440741434,-0.9712145202681578,-1.6633312091300916,-0.03611796118259053,0.7083526940358681,-0.7931908015586867,-0.0012017311504836073,-0.6109992802760777,-0.22521659222756063,-0.019352942033867615,-0.4978329364251237,-0.5749910969831276,-0.3079678021082379,-0.20466661165047753,-0.24863286895975636,-0.5456068856200432,0.0504598973527864,-0.44176054810473486
ffLJbu1aNco,ffLJbu1aNco.wav,1.6570315929788082,-0.5337340380483916,0.051436979004290326,0.2270920751760497,1.347002871682456,-0.6306482963465375,0.3194872945170211,-0.5155393933151446,1.4466005117044234,-1.0932762414436064,1.5506955846531003,-0.530889981011381,1.7278457228182107,-0.9375126215648377,2.224183869658369,-0.5148261226987942,-0.18524342927900764,0.3275502211831204,2.0729602881984754,-0.9669747583281926,-0.009371624251365425,0.2642674930528634,1.5751052732078212,-0.9227741443012262,0.5588576945908293,-0.47989031780502717,0.6753947932840239,0.263689165236515,2.3042310472454766,2.846742912731326,0.8051548540452762,0.19928658173076844
GjtqcYOtxhA,GjtqcYOtxhA.wav,0.3872599079217461,-0.26538084108576887,0.26606720874877327,-0.8489585160207451,-0.30410236564050386,0.18180674427710217,-0.40326686979210397,-0.32981622225932666,-0.6689027581378408,0.428992586023799,-0.7977467185659297,0.22256405681836017,-0.07676245190046868,-0.04068281443557093,-0.36795466678091837,0.4096761472874268,0.44007289796446925,0.2315568198279845,-0.7272276594879982,-0.1423820934969671,0.4522158675810893,0.5329281082578065,-0.5610585296663705,0.44067718158915264,-0.8427455353099111,0.6050965272165142,-0.24588113769011052,-0.015464684815674926,-0.0968162700775975,0.1524722320583785,-0.15943375077204322,-0.25450045477249156
Zyw_amifsxE,Zyw_amifsxE.wav,-0.2074565592418065,-0.2963102265942661,0.024804362201995583,0.5275363012021604,0.8152347536700426,0.4349570478167773,0.27414336985461457,-0.3071376398793977,-0.8512524568783854,0.4154076485274172,0.009906042806956243,-0.25259283430266555,1.1372731884504126,-0.3685982057853847,0.3757755929248514,-0.0760355141814572,0.0721762682077183,-0.6200010893922042,0.09101353955371438,-0.17984794851019392,-1.1349017167860598,-0.15416175236680338,-1.0403035054755545,0.6922529566871927,0.9772163227940526,-0.8884924611544966,0.5594391972419366,1.2525753811673126,-0.9049937628928891,-1.0015543446445974,0.2891040213956149,0.9390023709721909
pLZeYJtGHc4,pLZeYJtGHc4.wav,-0.6070220507977966,0.3496560153160228,0.4770574955662614,2.0584249602359606,-0.18920009237633104,-0.012445243211993464,-0.5623388847631623,-0.09515475172116147,0.5165527841249706,-0.4623268942735229,0.12933734780821,-0.4495733259013602,0.15890269033761623,-0.5632047967389977,-0.40488854147226766,0.23197219628173657,-0.9521013180812347,0.183397782321406,-1.2290926953265122,0.5873772099919004,0.3297014939430976,-0.31478907689897356,-1.552884925605019,1.901701698912793,1.0746756191768498,-0.49975155281095535,-0.3524896536897113,0.9746543736669068,-0.11498115559238474,-0.4636194883647574,-0.2614728314233226,1.2093405210313342
qbcD-pxil5g,qbcD-pxil5g.wav,0.6803562279264681,-0.45690050002989946,-0.12571175079014046,-0.05457584144186683,-0.1287683143783983,0.5491168809999549,-0.2758724779790973,0.8449200155760898,0.49873241868997037,0.17624887172729856,-0.5982604478261124,0.04653322806154751,-0.6730237059467195,-0.029455246459299016,0.06823868062064674,-0.11726577017041442,0.2722836284451598,0.7263292102686602,-2.096835709013947,0.688259404805556,0.4065034260106868,0.5312710268654275,-1.4970376834995858,1.2696380314293512,-0.25382589083139007,0.14511402899886602,-0.2998464602955298,0.3894469244891723,0.23177057957483965,-0.4707060000870603,0.013771203652502671,0.3887078771574814
Z0DMbZ9LOhM,Z0DMbZ9LOhM.wav,-0.13655797488731256,-0.24935424516557644,-1.2358517409960057,-0.01436810301821016,-0.6089324180862813,-0.5235671690003804,-1.6037624292161154,0.02530090364376662,0.4403423323940005,-0.8955343612829368,-0.4518831671058668,-0.2756477934913918,-0.4921024981322862,0.45436925837135483,-0.3137521119961337,0.19767493484651158,-0.13487656391595607,1.2390036295682372,0.5250408275307987,1.1471365006650205,-1.3664699773656515,0.9304318546109844,-0.012778738206429819,1.0523437417235895,-0.5503843159671298,0.6602637235718521,0.6834354629423028,0.4355894723808037,0.23238471209270484,0.23639969501406108,0.800892649717025,0.17371565845783568
ppic8eyHirs,ppic8eyHirs.wav,-0.05800483222924044,-0.21191207261106967,1.001544044144998,0.3949962853476489,2.2267697345290256,-0.6009316331247421,0.48411084899560236,1.3999110753926063,3.292240642511181,0.6329911020070869,1.359171632515958,2.065335037088538,1.4322834222380059,0.8865678645555205,1.1895735152983182,1.3026453289377213,0.10637069800880174,1.8955368248267792,1.615928423046631,1.0393921096647047,0.7635832650880002,0.2652449022752469,2.4132768302753624,-0.5247962450677801,0.44412964851719644,0.4624877626964641,-1.1854013018439267,-0.0033515829432585655,-0.7215431932939428,-0.39718043751658005,-0.1570057167764865,-0.16094950695501206
Au90Zy4Zya8,Au90Zy4Zya8.wav,0.4329409467925023,-0.3592945114604914,-0.815195953456894,0.5589345035087688,1.7473711158915413,-1.204924322179794,1.3115324284410177,-0.07003682273757414,0.28751154320685146,-0.41509494778906586,0.4723803667401811,0.042901215930192374,-0.22211059305397285,0.04398051534010776,0.3350992916638967,0.9005459156551991,0.23189324856781027,0.92186033103652,0.18289336731646752,0.16104093170008021,0.46023675907644007,0.2839370785951924,1.5666089276623059,-0.05649959563615815,-1.6208806938615337,2.0241691605619394,1.0458862266545865,-0.3128839651522218,-0.4867102944999431,-0.7054447121153721,1.1957494038479153,-0.635945075832345
Q-EDeUBNqRw,Q-EDeUBNqRw.wav,-0.08195175947086017,-0.2801584031407685,1.1285955231835423,0.8574910054581363,-0.1391205360892794,2.5055959967911123,0.08394962876960375,1.2969783721616324,0.15845654596645492,0.998568994852344,-0.15540552994952198,0.14465191354329449,-0.7628466871806061,1.7223429553018517,-0.7946490625679222,0.7669195812107868,0.7952930724154189,1.9265002703922085,0.023980673695768916,1.7132529239504077,1.6779993232537416,1.543740142098413,-0.02864087034298579,1.01067069998672,-0.7189737064224719,0.4777914846787627,-0.5938524468060133,0.9601282484383257,0.24833819594895304,0.41957273509666637,-0.7766260881449074,1.258461869110399
xesXSrkLLNk,xesXSrkLLNk.wav,-0.21032194844457566,0.03382571311564083,0.05299274105990238,-0.15136956928322845,-0.1462947870378175,-1.0297119508292136,0.1314198466793893,0.28556235272982433,-0.22246184968833455,-0.20422396851427824,0.07717534840360654,-0.8165094471672592,-0.07608193753517206,-0.5096215982970957,0.621057179582254,-0.530656890698622,-0.32423491235210317,-0.049184418879292785,0.9003869469242879,-0.9315685618511236,-0.6629329865721351,-0.4560236693227489,1.0504384260434347,-0.9361578191656925,-0.8672038009455876,-0.2659201337314051,0.3770525950361557,-1.326150465992852,-0.7443520246065941,-0.63851794856056,-0.12540758359445958,-0.9649494292685835
5yzIbgURnZA,5yzIbgURnZA.wav,0.6262279879735589,-0.5692469776529603,0.6229037006353069,-0.7805415422905906,0.31531797964945485,-2.142695067889783,-0.20456665711362967,-1.3312332852704258,-2.13661216560788,-0.16870487330115086,1.2967824847364882,-2.0690610977007684,-2.0318944470521716,-1.2797542692250055,0.4506153526333705,-1.0321941009431417,-1.1044121239791604,-1.217790506362976,0.22651712025631454,-1.2618542042878023,-1.5587943123882282,-0.3523594766465936,-0.726749831252121,-1.4842292916806206,2.0052286900193996,-1.119006672781513,-0.08817387824099446,-0.49433051921180265,-1.0816341096134996,-1.1445224631749005,-0.5277516232209816,-1.2142506376136566
x7kCPs1LwbY,x7kCPs1LwbY.wav,-0.858599388477581,-0.09343994834044628,0.6626008210925439,0.839626262460502,1.1991446822497236,-1.3271244711664743,-0.32778468087658924,-1.028457381890861,1.1554868761068517,-1.3832443150852798,0.07672095647099438,-1.439208391834737,-0.6809836310447732,-0.3783201123644832,0.3646040363471014,-1.362152926479696,-0.4351456617367194,-0.5550943565254571,0.062434977466292715,-0.5925799250072719,0.5611790859041645,-1.758094067369795,-0.07936347717929344,-1.107992617710967,-0.6766207711594752,-0.9292962042524515,-0.35947243203418433,0.14108039028894115,-1.528463097300784,-1.0419446328546385,-0.22965706630263366,0.20135519771777027
2q7gvnY1RrI,2q7gvnY1RrI.wav,1.1445325996971574,-0.413521886517763,-1.7633566778779928,-1.5763791924451258,-1.322125944029727,-0.5006511747695337,0.2652552847533669,0.10891861147415713,0.4719096912161544,-0.2582409952855211,1.2086332123505785,-0.38508233926922375,0.813716552028909,-0.45564065712472407,1.469539590254226,-0.5408577688784303,-0.37697212721172335,0.004192750000795915,0.28240108245120316,-0.8832348743028197,0.33512575259902233,-0.028662121757840664,0.8309146502312448,-0.3108471982338997,1.8413278412953125,-0.22421734482457606,1.3330782809461035,-1.3883821435103154,2.5903690149524876,2.0604919900873515,1.0357165238068138,-1.52916903950661
fY-KEDw9nJM,fY-KEDw9nJM.wav,0.6819282724354555,-0.5119134058407033,0.11177058821495839,-1.6081904978551944,1.6172934808392367,-2.0133024378129614,0.45129007466786997,-1.8398937748635056,1.5257166025812243,-2.0975014483008074,1.2937590158922971,-1.6378773198261964,0.22579036215835646,-1.4853275904821206,0.7969370227944207,-1.310456261097018,-0.14647694686657536,-0.9258013182630278,0.7321570296792737,-2.303216016535312,0.17906808621113432,-1.3347862960254597,0.7656582434177212,-1.679926966778464,0.8590754732908014,-2.13501925630205,1.0438169915818105,-0.8465050342781771,-1.0472162198416544,-0.31428520631341544,1.015011508585761,-1.529131805309036
6lDe9XenH1Y,6lDe9XenH1Y.wav,-0.10627521570291043,-0.21409871483997872,1.2738573857802535,0.797878132462459,0.11584698181109176,-0.8106733877393909,0.18661047915507165,-0.09061299366992581,-0.6181514129997265,-0.9107658064440193,0.4322333157776743,-0.8007964392179883,-0.6275476473362864,-0.6148309663242665,-0.8052771097974173,-0.744394205142819,-0.9366246676324035,-1.819057307914483,-0.26142614523815316,0.23795508587816835,-0.34296862802898137,-1.7149381258247989,-0.16937495879413247,-1.683611781742316,-0.5837061222365643,-0.8053025193219584,-0.971695711167325,0.15046986148665917,-1.101921934455982,-1.3268183382452927,-1.2298376118631549,0.38252077861121675
rkjaQhOMWC0,rkjaQhOMWC0.wav,-0.07626289199913351,0.3664055319039357,-0.18274710159444785,0.18990501014435163,-0.864038318919423,1.6541924331932905,0.33078469927889503,1.6834689192641796,-0.20793321769257062,1.5090717045512194,-1.5149249913712568,2.7651914175856698,1.743368519646311,0.7564978868730777,-0.7675609632578331,1.1462028108475044,-1.215031742696846,1.3246158358401914,0.8121200777868436,0.38665264056346577,-0.894729037373276,0.642805940666975,0.6224384319535483,0.9130965530283515,-0.032725417298567996,0.29557600955004054,0.4860801006629862,0.8652475646027483,0.5052229099200443,0.07977631496582462,0.16080598271317548,1.2246214790092242
YLlODpvYI7Q,YLlODpvYI7Q.wav,-1.3418843635831206,-0.20871533287371172,3.0997837214869146,-0.5747635165104932,-2.634586546539341,0.3416182063270331,-0.3084296619805318,0.6806177824361505,0.5014721465151384,0.36066331487305997,-2.7975416470420127,-0.12381344819627467,1.259824751088896,0.0677956932355615,-1.560352865122741,-0.6843805571661988,-0.6643181774940777,-0.43688838757820825,0.8070251880941265,-0.3058094181607831,-1.3494104860045413,-0.5200620658823548,0.48789139527631176,-0.5429083549432809,-1.2923182274249263,-0.6624606806437546,-2.433339972719818,-1.879108665603366,-1.1773706471756649,-0.28211982930750096,-2.990780068536028,-1.4283282353507079
Y485vgbaZ5k,Y485vgbaZ5k.wav,0.10776988051900124,-0.22352819703175306,-0.7625199770952011,0.720959785150863,-2.0664117495603946,1.8694118389836258,2.063734708421513,1.7446864150152666,-3.4828279487635,1.8321553377676683,0.6485782869585225,-0.7817311344759625,-1.4349853079988442,1.6991828171497145,-2.05545891622817,0.9491133246190407,0.47830597709524236,0.14411909679817816,-1.80268300912214,-0.21852770567305574,0.7175414894452188,1.667717575546696,-0.20136891586471398,0.007860943556044256,0.7033932248481521,-0.2548405663092717,0.40881442859301126,-1.5152266961951415,1.9808059712514015,2.1075707812238478,-0.1004428002284625,-1.163280969504857
upTE6wk6ZfE,upTE6wk6ZfE.wav,1.0641330823748303,-0.5781688778028341,0.035986886284866515,-0.6876739634067512,-1.1797623471223875,0.0066811487690595405,-0.14346580262880676,-0.8282179470806995,0.07465671533110617,-1.1103680957283542,-1.6981148992680932,-0.1719133991906869,-0.07305977564881594,-0.6815960732876802,-0.620201717727851,-0.9089975591630509,-0.19521098146110646,-0.6282507136038814,1.2395664977734158,0.09105677164731747,-1.722340340161378,0.022972478164463545,0.7908876353408943,-0.29759821048480806,-0.6447204507787925,-0.29448751639071297,-0.2206388419325824,-0.879652595410238,0.34156650110271386,-0.23483010545017816,-0.34071489117683784,-0.8137137427676596
_lUfwFzWvK8,_lUfwFzWvK8.wav,0.3694567863884774,-0.5447593808817233,-0.566966550443199,-0.4179915605429953,0.6468506738797098,-1.5761408776452777,-0.748256037482416,-0.737879479391386,0.42852879101869573,-2.139856553941127,-0.8822589343031751,-1.1334390253482263,-2.4484745788668283,-1.3160259889507626,-1.459894073530635,-1.2076855096763246,-2.103266467103349,-1.044350212624282,1.2672408264434811,-1.28197575524045,1.9634654946173131,-1.324757887746297,0.28623361788078433,-0.9367072348896514,1.0889013683724655,-0.3571126113744121,0.3974912617622517,0.6104899241884931,-0.7898521879422519,-0.6653991618836075,0.7961372181602807,-0.32503410086380696
KFyX_9LEw1k,KFyX_9LEw1k.wav,-0.6823905270677509,0.19660016336119468,-0.04534749341757854,0.9487863165719825,0.8511700949646639,0.9278070253339461,0.6032139598009357,0.9588487858587629,0.14474897744257828,0.9776691715833927,0.5196556303550024,1.050721714431698,0.8409068294299026,1.1941042772968573,-0.236347599112093,2.6627606034169737,1.6101572062895197,1.2486494749967696,-0.5552216371136839,1.620309955450204,1.0178987707681935,0.847354893127198,1.118484975955638,0.4782738423143907,-0.7869345990105987,0.6016742052215363,0.2421653397537322,0.21502008709595274,0.4595957918394314,1.4935564697384163,0.4027088490826613,0.32890960626842236
S8MNowQEtkY,S8MNowQEtkY.wav,-2.882414781266938,4.005528083654727,0.5712005888991172,1.8204369292214122,-0.10940798725807481,0.5189118090643521,1.5909930079709538,0.7532305776617173,0.11480898670018858,1.276891061308424,1.3736613662845778,0.44397968421055733,1.9369706829236768,-0.2527376250567106,-0.5050106918663848,0.6450802126660335,0.8312058244852584,0.5520499358771789,0.6253350531847871,-0.08643815216908705,0.6973347294347735,0.5540430181668038,0.42067433189549724,0.34022196860585724,-1.4062169872293824,3.329778383989073,-1.0538072986551856,-0.5180239425139834,0.27645895644159907,-0.022492827480740843,-1.1138486209874432,1.2453620079936802
LjBaPxutpQo,LjBaPxutpQo.wav,-1.0286473406463326,0.2614501743784761,-0.36518046658829534,1.726525854610251,1.5345095394433763,1.0970330775615458,0.9791914242496264,0.8160818517069007,1.3241244092346458,0.8383297647518707,0.20073133934888146,1.4398770207862885,-0.8729050248076023,1.4014090362042055,0.7122518461586771,-0.24667856798449983,-1.8873367585275387,1.3487361303498402,-0.18312002764555038,0.703588813314503,-0.8708010676404891,-0.2483305943180693,0.6587704768866105,-0.25602021285287924,-0.2672893490222301,-0.4205477916385815,0.77463075141659,1.401885497608019,0.2230211758364657,1.0578140423149773,0.5735793641209336,1.4176211196661688
FvuTe8nL6OE,FvuTe8nL6OE.wav,-1.2639022881637614,0.44690404978251097,0.6688531451743055,-0.15706528897654873,-0.034673293113695984,0.0029338348129948674,-0.5921467617718863,-0.978464840790456,1.1297609106417854,-0.8094038108368187,0.4861230400383826,-1.17082967495784,-0.5064722834594098,-0.6675280934012714,0.6265805568108985,-1.3953041460492133,-0.8421576990203424,-0.6702078246294111,-0.3060075802501649,-1.0160893864661766,0.2147436330283329,-1.4517099601944676,-0.4714386638114248,-1.321717862469819,0.42783739083422745,-0.9901801328511797,-0.39485024014122927,-0.5709235491576397,-1.069158669358382,-0.5047950329019476,-0.3543081586745636,-0.4551114536633287
n1xXeGokRXA,n1xXeGokRXA.wav,1.109927145458907,-0.7976589103539496,1.2600675053087673,-0.7182198957501381,-0.38290819608820587,-1.6367675179357863,-0.9891908252365011,-0.8512033904611521,0.4403776509572016,-1.1338568854078537,0.3926808004088922,-0.882049956781623,0.854091279013085,-1.0880607895870014,0.1440215633720693,-0.7702882642779437,0.2518861793854728,-0.8545584741567428,-0.575155712319791,-0.2218283088375156,0.32481418533750905,-0.13110409251570085,0.9416281082611733,-0.8288285952366691,0.22854855505614052,0.1965381594131225,-1.4897396204704756,-1.8729933836546029,-0.5896358637452409,-1.059750832784543,-1.4241390133771972,-1.5089668388039859
kboEN23qLsw,kboEN23qLsw.wav,0.12383499141169026,-0.5053962298457533,0.15736048967161695,-1.2494782356151224,-0.12239056670006677,-0.0037029889367398705,-1.7634268889272955,-1.2314832578257275,-2.4048933495265947,1.5372141443608498,0.5908302057150884,0.21473736659030462,-0.5236389420946065,0.2974057713888531,2.6782873267689884,-0.36440085350908263,-0.11830848579141832,-0.32363774973508574,-0.5245525718199339,-1.2512538392420651,0.8375968340823994,0.7930102140873415,-0.8356314549876271,0.5654568823266058,0.023465216573697188,-0.2701039150571822,-0.2644684219576229,1.1218524064513407,-0.528030957787423,-0.11724007612399381,0.11023605449985541,0.5117849105534396
uqWh9Qt6Wc4,uqWh9Qt6Wc4.wav,1.1068260501713816,0.6218758043488775,-1.7968346752936475,-0.7871678917915883,-0.41349828814544287,-1.7452624525448,-0.09666742516187973,-1.117297772912958,-0.33313141829664344,-1.5899816669369926,0.3431179270706825,-1.1079287883901134,-0.21772151876583226,-1.176421645306643,-0.5991224356983159,-1.6058507605388497,-0.722984009105643,-1.316268151489769,-0.9347356037790552,-1.4393821040867378,-0.5921840130731844,-1.5194225982964846,-0.8221662716170169,-1.2082568841610988,-0.15818580400539084,-1.7543824041860516,1.7110134339079062,-2.4609694345853237,2.143193524142219,3.150478790522944,1.3494616931340997,-2.0415441968015604
oJ0Nec57-08,oJ0Nec57-08.wav,1.3770453144178347,-0.5485569740574681,-0.569192913635603,-1.8758048430494103,-1.327205143152475,-0.6770995076058474,-1.2909727601101262,-1.09747273154158,-0.32478296918541527,-1.2597696498263173,-0.14420120819545565,-0.8167895757300603,-0.38420045750115944,-1.2753140819326054,0.20473492910749605,-1.3185777631026627,-0.1274288290050476,-0.4125994775759291,0.7534151656870733,-0.7352631553825921,-0.8380333505619171,-0.9561343358927162,-0.028751476539358625,-1.186760754876806,0.0908700629708634,-0.9122185936899964,-0.4239008243129532,-2.292213700963961,0.18723115307283084,-0.6039309401981358,-0.12639904600574606,-2.362404506511734
QokG5Vlkt8M,QokG5Vlkt8M.wav,-0.06115320881666596,-0.3750426448250064,2.8816754017034274,0.47150825206344943,1.8713505117910572,2.618284662817213,1.4730404819313139,0.5131140163447954,-1.038676240778328,0.8850479814585714,-0.7480885132822747,0.6951184077725115,0.35418577269222706,2.6491065226623007,-1.626515012822356,0.7939566323911005,-0.8237540001488819,0.9838846585029847,0.6069514229613657,1.4352006010270237,-2.4090635505440483,0.9505692655823952,0.4423078500115104,1.2815372941728758,-2.127585253230314,0.1787465309577478,-2.545489991783898,0.04452174237446465,-0.5295179869830026,-1.0071836421732931,-2.6392953564351656,0.5001499814261725
LJop58DzgFs,LJop58DzgFs.wav,0.2712413220945694,-0.48282875141135234,1.5661053657422892,-0.7914133866637305,0.20543257115212607,-1.3618476116056446,2.269851153427338,-0.6071142447794825,0.5346940325896523,-0.20718611760941355,0.11326546844530411,-0.8272432177014803,-1.0779546385232543,-0.47308084113643945,2.2164022434156103,-0.47063488199938275,1.0159756121921872,-0.13835381377384143,0.2554740627118492,-0.21250386662596718,-1.0785002083257373,-0.7263484701251983,2.722891713491505,0.8298516960563472,-0.32863474406885196,-0.21921140933803918,-0.9267495601723597,-1.3127921928014634,-1.3093213299571353,-1.1923480646567286,-1.5028986298104905,-1.4156032562317982
LFE5VzUlsWQ,LFE5VzUlsWQ.wav,-0.031742593900676276,-0.1862456789939797,-0.06697626216985615,-0.21264683210502022,-1.086651867693684,-0.9913195301182745,0.11395419066481383,-0.9398275531718092,0.28388140604784945,-1.8513023703739582,0.1987291454723986,-0.5897030214373269,0.3654022079223759,-1.1404654031604535,0.4181164355813391,-0.23318721082373725,0.9131393565538397,-1.3959872202967334,0.3078941549029116,-0.27987907537913215,0.5742395609233077,-1.3958097750077096,0.4970584344755866,-0.9548658801434287,-0.057378684638928014,-0.9442516476866547,0.30853180834143795,-1.548002632173409,-0.43172148659202303,0.1526007563926263,-0.15206065137216743,-1.1379265699955283
E-lSH-qP8xQ,E-lSH-qP8xQ.wav,-0.06386945518301246,0.2954095888496881,0.6584510050745149,1.0861974256054545,1.1259063567089058,-0.21461675803565855,1.319048595883817,0.392784034983698,2.3802904310181643,-0.3214875153207168,1.1193660597912276,-0.2882462529564804,-0.38311906433854387,0.2742256388138517,-1.1870859185489506,1.5072044784775214,1.2247051427591302,0.3749805444404269,1.735330097262359,1.6085298052198385,-0.47618671182418393,1.369213836610756,2.3019096990417376,-0.16194246371542304,0.13172748985345983,1.166498460851265,-0.7268573603973142,0.14777231357453016,-0.6558426309296803,-0.7184843598080067,-0.5603164343499458,0.154534925336917
DgAh3a2zS8M,DgAh3a2zS8M.wav,0.2343881429629903,-0.3678055671839276,0.7195699735033215,1.0108032970652752,0.8516032496117509,-0.3799236578601318,0.8517925202113076,0.07873940094025529,0.574704636297749,0.9339316800992118,-0.007947414209891198,0.04797102919105541,-0.2548108055401039,0.7479669133917574,0.1820555725650148,-0.05147813042894732,0.1946185086227385,-1.0046272081057896,0.2663188776621795,0.09578369535162061,0.5782886521507901,-0.4388378929839716,0.3129401528801142,-0.9115477141064353,-1.2807871557078212,0.09895688751755254,-0.8939171540653733,-0.40482558706529176,-0.6650529143110907,-0.9532981974548136,-0.8356616041792119,-0.02237855943864983
NyS9o0c_obs,NyS9o0c_obs.wav,-0.09960866894187265,-0.01253585241666091,0.22414388556252887,0.7640391038252019,0.6823569230882098,1.1157805623401655,1.0534230611487132,1.566818324473032,-0.06854593281193117,0.5986060118144108,-0.3253640223146587,0.6868580158344456,0.4185501487889,0.7976023517218103,-0.8215699463941852,2.0792256178568738,1.444440849626127,2.0010463987523424,-1.0546732239907606,1.4644368852047764,1.2976727203525464,0.4575446342297263,0.5924962578596714,0.908082988242394,-1.240282728169801,0.4296053877534727,-0.2154174017487529,0.026034138753820876,0.6339509326644178,1.4409431145030993,0.07153647228044671,0.26217349126892664
EnrnEtjkJBc,EnrnEtjkJBc.wav,-2.5336938990940134,3.340892536742568,0.754104787757577,-0.8829022722390599,-0.7314385676683378,-0.7065022003243622,-1.1640951027176933,-0.4465005687137945,0.1159378088456751,-0.6904164127553494,-0.5201893439537131,-0.2254873950419111,0.5061969132094879,-1.2951774172948185,0.7824820632805514,-1.1625075003952987,0.41226067092299035,-0.9067147466765053,0.9953821157032658,-0.7188842501442398,0.6927157185705324,-0.849477267200852,0.6115934703175475,-0.8433294908720429,0.7815213461005552,-0.5456748369032339,-0.679615395664377,0.7249945936998248,-0.9075118596174981,-0.35778285186425934,-1.1555016055898455,1.2623020767152304
E3GNdA4qbt0,E3GNdA4qbt0.wav,-0.750466469545765,0.23074937056712388,-0.3229868709219655,1.044292358962588,0.887126788572257,1.026579578063752,0.5457265119452549,0.34520988455712365,0.01778160893483887,1.1294511098849875,0.5203043573331894,0.4948698110001185,0.7902770590716741,0.9033644500058436,0.1159303638174884,2.470103779427425,1.5574009562513211,1.4829328668863415,-0.6766154195115509,1.8497901205660932,1.1990001143132287,0.6380143123398416,0.5591733657978094,1.0393210811345477,-0.731590168878512,0.24769083098230396,0.30678759561797825,0.5361220916734368,0.6360753107081207,1.7880786876103114,0.5800098565650866,0.4864157670441914
qpVvo3svuJc,qpVvo3svuJc.wav,0.8133635876104809,-0.16364549108259607,-1.8887642859380651,0.21321819365564107,-0.9769131572446602,0.2716972248313279,-0.18937926780216233,0.28912124113451165,-1.8914266452529915,1.4027422890748455,0.7999265713933372,-0.49669154452217906,-1.5178744906771569,1.3097405143860128,0.7032128657904021,-0.2616594060585517,-2.1173172201538177,1.5964281684087454,-1.0958866997884331,-0.3883011449995319,0.3758170566455943,-0.10774795020710132,-0.7616536903588932,0.370436408690945,1.2211004311332352,-0.5310950875649711,1.6585510883470655,1.0267846795515083,1.4821986090742378,-0.2972430776475129,1.4289338219485603,0.4499760045593203
mWqArb5nEWw,mWqArb5nEWw.wav,1.2108771345124647,-0.6027579994601774,-0.7422711525864177,-1.058356934508379,-0.8231360760909786,-0.8806272917231702,-0.7129469751250127,-0.967273406806501,-0.19803897257331884,-1.47665485803979,-0.6158395397786898,-0.8135560788444265,0.21450285491087287,-0.3819332559587595,-0.9513037012374012,-0.6839935877050102,-0.6822299204279724,-0.08540205712133553,0.6076212452515877,-0.6555362999671679,-2.0343967023964318,-0.5041516936978618,-0.3837054987392947,-1.0568267895596004,-0.9623548404466474,-0.09068398797503667,0.6094135251005469,-1.088062370704337,0.14048366370268173,-0.4680408466517551,0.5043759828336232,-1.2543711062717362
4qmDocN5qXM,4qmDocN5qXM.wav,-0.5564862040497855,-0.2896157068686855,1.1158142262539337,0.9978707807258639,1.601002633504042,-0.4242789483007295,0.9160331088028552,-0.7738956290439617,1.418626673576299,-1.0776686437510261,0.8880570998117384,-0.32680033707635403,-1.054783192286353,0.07496102156553006,0.8964763956698757,-1.1632485355091815,-2.1156288964941954,0.30369353646406705,-0.5527774479836105,-0.1002515862522405,-0.2594098367826338,-1.0145255695087068,0.2572413524774238,-0.7575045707522857,-0.35090507397194876,-0.6738983738842746,-1.2040409164363244,0.49826759913818697,-1.3150364407605613,-0.6072013298514213,-1.0069203761534695,0.69484581929862
CkX61AC8hG0,CkX61AC8hG0.wav,-1.5075078179441979,0.1693884420674387,0.22176351054526006,0.6274450967397316,1.637413142619687,0.6218126380469897,-0.050450446820135615,0.37759405174757193,-0.4522373688504588,0.4081834528264118,-0.6938033909090044,0.9355901451630506,0.5729469203558151,0.31804640050233807,-0.09661209468229709,1.1472111663193547,-0.03303532279695658,-0.010447921820022991,-1.8359856838780573,0.1764834337371064,-2.2447612251885634,0.8632625303258349,-0.670284981835433,-0.06161675664124175,0.4013942755837551,-1.006931976908594,0.4617719790126621,1.9311271343433114,-0.7434005188345575,0.5535421661512847,0.4627633036257864,1.5631739191436218
hkIo51qGOw8,hkIo51qGOw8.wav,-1.0167123195733154,-0.410296911152214,2.3452763318452483,-0.18839683179466515,0.2805744369778653,-0.5228246116111626,-3.9184031753650057,-0.5110542089915838,-1.8199198048145462,-0.5758497645635439,-1.8137265877768214,0.9128244332306957,1.9181866809333648,-0.2629098605908415,-0.7149040151439683,-0.5677001363674146,0.971037730872266,-0.7413192720825842,3.1273426894568694,-0.8280126351785314,1.2825792055414893,-0.4412168793720531,1.2304595901995823,-0.9402754582321935,0.9162765279971341,-1.2966197182185077,-1.8625624312353237,1.752811856500486,-1.322794320213841,-1.3156580067231523,-2.0287334936693773,1.853512952871869
49zF4kZYtlI,49zF4kZYtlI.wav,0.813385410042152,-0.5099584435680842,-0.07474272355540841,-0.34956406095648507,0.530177820718228,-0.333846321080125,-0.3923484877277038,0.797625592212556,-0.7960554837377375,-0.3876588570446727,-0.2957566996748503,-0.3865989070462213,-1.122646120830461,-0.4695093505756973,-0.6617958877970325,-0.2807361554158971,-1.208295230125312,0.825077194776488,-0.5980672105908102,-0.0248841485852107,0.6873876152124812,0.9226249722025517,-1.4243576681760255,0.6487008717889574,1.5800614608895132,-0.3075153512844499,-0.3122919565678696,0.4034719056347035,0.21051482775516744,0.02260419766893717,0.2774124485862402,-0.20639056280987733
uBkbmYS5qvI,uBkbmYS5qvI.wav,0.28887951019606817,-0.12937822688894055,-1.0457978596936661,-0.3073394307494676,0.03829380083147087,-0.8263714171621346,-0.04857279476080114,-0.26080447013643454,-0.1753239314833517,-0.6236205877058864,0.044325792295459056,-0.7961345455611755,-0.012114278092159923,-1.2880258056167446,-0.2844654951661113,-0.17798846655012512,-1.2092113486539384,1.4638185515177244,0.902488295229496,-0.2950041592024987,-1.2813906831384307,0.657004061708206,0.35940582483480255,-1.1302588027321288,-0.04781912613886262,-0.7192610131001268,1.1682203453454025,-0.35643514777993995,0.3351977742281123,0.3083314284558487,1.0114592444942354,-0.6766919952191022
Uyx8vYm9Og0,Uyx8vYm9Og0.wav,0.5271107109717214,-0.670025059018514,0.7627460201451055,0.3844790639074002,0.4747665328640331,-0.3613694048424796,0.3861071384867532,0.44108409211634747,0.519640225112854,-1.0336174993302347,-0.8654588194956173,-1.0319980041061174,-1.0977316248291789,-0.3717052269342549,-1.6068996277953513,-1.1053959075801911,0.3348295610117241,-1.4115692072118964,-0.5030018777986595,-0.1889335982284236,-0.6671758559920372,-1.4492991244225109,0.13442417991130146,-1.543786223768223,-1.0205550421410066,0.022734964487972232,-0.5271086763354402,0.6561911741533725,-0.9964828523693156,-1.4067370860825645,-0.5171983668279408,0.561742809313933
TyqqohQlKLY,TyqqohQlKLY.wav,-0.21232375655572208,-0.11088807180302679,-0.4049588038337955,0.7009611884102218,-0.28640069425178116,0.5633654451273539,0.8135525536962084,1.1929739943445923,0.8229197098064931,0.22364745813247247,0.31173793661014293,-0.11195862339269368,0.5440455378535496,1.0724605876310103,0.5520109313111277,0.20809273850120394,0.8364224143008643,0.17191483026967147,-1.31358128684936,1.2476877472702292,-0.06508741844426054,-0.3282453179788498,1.2257350962639073,0.5846470007858164,-1.854584360393198,1.9176765282162969,0.5242784153662889,-0.15772855683579204,0.26877465075071133,0.9647063295996096,0.3726726396302912,0.1897049290288095
s_k1gMUcJIs,s_k1gMUcJIs.wav,0.1543726388013991,-0.14568102030961105,-0.3854654615522207,-0.004521606025556946,-0.09873824737331746,1.1810330999824308,-0.5627383408721551,2.245808601348612,0.5818443339938341,-0.4528003725803266,0.2491387257659406,1.375321130392571,0.1550405633379901,1.2511512789212236,-0.49661010808278977,0.8273980957603831,-0.5217280095386754,1.5738462555672776,-1.669534680544084,1.5299875428568492,-0.2993521418418536,1.78590722077972,0.00283715013009041,0.9429279281205556,0.8998760911946607,0.41295400009230526,0.6152036015290239,0.8304117175020213,0.9488136131875456,1.2251644758601188,0.4829744315213378,0.9393902959552923
tum_5LyL0Q4,tum_5LyL0Q4.wav,-0.08725863998661303,-0.4308878316896936,2.1116471179921183,-0.34355412766748483,-2.4082110738513216,1.6413595060180293,-1.365472570009391,-0.09983007712346686,-0.6806072143592605,0.9098970298819087,-2.6552416045341936,0.5369421993491272,0.7968401923249235,0.29928134231301706,0.19747442694341516,-0.7893071047078476,1.6016681998282574,-0.24083978253231572,-0.606102274936339,-0.5362724854927866,-0.7580414041024675,0.05883057295147625,-0.597785847247709,0.16358891982864943,0.6555015570239437,-0.09985312468710052,-1.5364367223892892,1.5700408846941158,-0.15607854017812564,-0.9677696115998234,-2.007145159887802,1.9193760748546904
ZVyNC2srm5Q,ZVyNC2srm5Q.wav,0.8512740801425123,-0.5931793608911535,-0.34702904575559257,-0.17460127637884226,0.7584567742276414,-0.6740401362552059,-0.6023375096061512,-0.08363188176184969,0.016434279402460034,-0.710807048542595,-1.2799652181029153,-0.8346316985554857,-0.9175167549922897,-0.26776172314108543,-1.7049326717760513,0.07236259399794034,-0.17857627454353747,-0.8170012141907809,0.2112310648494746,-0.057201541816192046,-0.6799350565774138,-1.0068099012356517,0.19598009778943326,0.2011288024039676,-1.3436795101349739,-0.23603657613913456,0.5814844449799994,0.2923628334984347,-0.061097787411921796,-0.04963881718353854,0.7841865977399971,-0.0980212447599619
Ah2F8_JrrKo,Ah2F8_JrrKo.wav,-2.463431597491813,3.5952821373392023,0.8123955612677665,2.4237132547938,-0.007081162248296122,0.7046932740368386,0.4880508645818009,0.8319946860134207,1.990466988508565,0.3722272189266756,1.1699467462489674,2.121521057785143,0.9588645541670264,0.06489553133860229,1.7544140929582532,1.0349743854900564,-0.572146826850574,2.642049710904018,1.642417912672907,0.9839658217824645,0.8758903883086567,2.033067866461182,-0.5292153369295217,1.8518679937055231,0.6377054083921322,0.4144070375740099,-1.3179028649832905,-0.4260538204250632,0.12840954086815448,-0.23296790407385562,-1.3571998851284617,1.412749250066512
TNPSGk-NXoM,TNPSGk-NXoM.wav,-0.0819472321527513,-0.33556322341046824,1.0700389665221093,-0.22427116964589666,0.5148313643703906,-0.0769283585994977,-1.6015961687551532,0.36403492338910415,-0.47327678521480804,-1.3432220293976862,-1.882983549977592,0.7471626051025273,0.5915043849621575,-1.1250014961632242,-0.7701001346146491,-0.27534255742427416,-0.9849975993841013,-0.7753334359296672,-0.4877225100045089,-1.1894120541120021,-1.108996081834349,-0.6595643995404893,-0.6061526840542906,-0.21299802403187307,0.5127453679639653,0.0466888718324653,-1.4057394860252361,1.41725074732898,-1.3272724465998091,-1.6113648708982176,-0.828306625576481,1.0472047657248464
PKIYKwEyKQY,PKIYKwEyKQY.wav,0.05610410385111482,-0.4121315717549016,0.6139437132909128,1.3478271892071763,-1.0788155421823862,3.5981539649105714,0.5041277912551817,2.985261615211938,-0.008364644150904639,0.9815481307186575,-0.6573954695135593,1.6456679669582976,1.3654390410934705,2.147065959942856,-0.9392366205519885,1.5285588868901745,-0.7843488757348188,0.39207669691775804,-0.7848170770983784,0.4026152883388583,-1.143437040599066,0.35007830917148214,-1.1448952816727507,0.4307614126188061,-0.9670486108973203,-0.22363805996087782,0.02884462502561606,1.3123708525991309,1.794595837005222,1.4642965582255512,-0.42853888676286855,1.9975747963064452
I71y0Vwlc8Y,I71y0Vwlc8Y.wav,0.09962135916658976,-0.3511992236566885,0.6633566213267901,-0.48099455888853737,-1.1792877780536322,-0.37414638667351857,-0.15569474594015048,-0.07413331153134561,-1.780951903761066,0.5566978651518939,-0.10598629289398562,-1.1665982868519496,-1.101310228126387,-1.0827335932454532,-0.85819683018412,-0.6395957802953975,0.6987459879967045,-0.6633086960049006,-0.018013054805505763,-0.779719499271972,-0.2287138847570857,-0.10418201327622612,0.3028506578977852,0.12853875918848506,0.8618666887831063,0.3161954521002581,-1.101042340075759,-0.6931848374404547,-0.6687430554783587,-0.9365897342655762,-1.1281298550745213,-0.6154155848821319
7xml4yCVBdA,7xml4yCVBdA.wav,-0.878580077498611,0.265412193154632,0.7080308207389183,-0.3220175398349005,0.8090129500640239,0.9978453657692506,0.22949913219883544,-0.18825692530349566,1.428849298510372,0.03943375261632668,-0.30050743388211776,2.2043768916842796,0.4924937460658599,1.1306828143214882,1.2903219217417219,-0.2910018811012458,-0.2192704795456853,0.4474331626058579,0.7550859288387392,0.16279736046705753,-1.544639718852455,2.0521914502571756,-2.1141856751231174,3.2858220173251054,-2.7075431193081374,2.8333783681237206,-0.8261553193469557,0.08390594380289747,-0.5260093811693698,-0.5467643796409611,-0.5875817779508308,0.20635241379336544
_yJRFt1WQOk,_yJRFt1WQOk.wav,0.34159784569898766,-0.6211322695700366,0.2772107701725198,-0.30139364989662226,-0.7840525369083515,-1.7493413475653612,-1.258772577341969,-0.685805341957576,0.6719677277321648,-0.9008733778827266,-0.531093629922244,-1.5746504922260338,0.9546365440383467,-0.3257881640386614,-0.2682296499397314,-1.2485352609863694,-0.8886944881461292,-0.8873873424867281,-0.6563817056126015,-0.8101189701118146,-2.469106943456125,-1.4083082370926265,0.695403176221022,-1.28013574874379,-1.8245779481418796,0.2595963696271372,-0.5244297433806571,-0.44634383494001345,-0.933297922284231,-0.767596142782811,-0.3908365605132284,-0.17772943665928848
Zgvs4pp82TM,Zgvs4pp82TM.wav,-6.394384855434804,6.827939588954183,0.20894843255792114,-1.216397559397425,0.11569774031494341,-0.8200861671183413,-1.1888810502196558,-0.7407393460573318,1.6596854422421456,-1.7687127170474215,0.5794585479418666,-0.39823155028167123,0.486434441275023,-0.3228252271277976,-0.5438421397348839,0.13194738956232915,-0.3972012045816438,-0.2908927330802576,1.4767071800258673,-1.4961000061611147,0.9017615905063822,-1.374546253822536,0.21140262618598635,-0.9915396938251401,0.137757416478114,-0.7651615514878228,-1.0975305468641812,1.3522098134728182,0.0523706697739344,0.05710392764708811,-1.2939573284281953,3.0518339476601377
Dp_MbiueqjI,Dp_MbiueqjI.wav,0.5198319659691994,-0.39845580477676484,0.5406708424898194,-0.8893783009561852,-1.406902878034705,0.14797088905716083,0.568941437948862,0.3875106040509152,-0.15053007197434679,0.6323449939292519,-1.8816850407016696,0.301871741067329,1.040112229370854,-0.1288710885827642,-2.1776163197910345,0.9762195877001811,-0.561645432090886,-0.7151369857733688,1.2091635390834534,0.03253054506312103,-0.3195784115973798,0.2611835643963026,-0.4603537083338865,-0.09048242459187451,0.2617649677775906,0.08996710819114684,-0.6555549959664093,-1.4353255540907504,0.26459367494734665,-0.27868706808326443,-1.0210448283729676,-1.253809707099144
K6SB7RTXGAQ,K6SB7RTXGAQ.wav,0.838198809487797,-0.2865827125356889,-1.1698443645305612,-0.26188754163393446,-0.2627867184607059,0.1967690410122219,-0.35023732712987987,-0.9197066317758815,-0.9669543334046499,0.552557068636113,0.21810647367841504,-0.015144080947595905,-0.9064780497336009,-0.30885022367152604,-0.08394296945864961,-0.3202199700792307,-0.37578681686735343,-0.028260565584094885,-1.3702478228397226,0.012037691140486455,1.6837471618412154,0.10021993262362387,-2.1349305995622836,0.953238478069204,-0.8050402166626541,-0.7327517851598582,0.7663687178855143,0.35302593850773467,0.4687962288608215,-0.49413922047760184,0.9864063415778781,-0.39967332765216235
FN6JIyntwR0,FN6JIyntwR0.wav,0.8604080002595138,-0.383033746388376,-0.3298646234254129,-0.2654702104884182,-0.26361114648724554,-1.0576475567438712,-0.36769395215081246,-0.28297311145210263,0.9916055948890562,-0.6720637349526405,-0.5302961080678611,-0.9017961889662142,-1.5196249989687494,-0.38436137995725517,-0.044674999021611664,-0.8468745170088013,-0.8075425036046703,-0.5745875438905286,0.8148437757502567,-0.7850034572287796,-1.1002406996514362,-0.9231642828265634,-1.1866934760904642,-0.8537191624191596,0.5470684644608891,-1.1946912500741882,0.44002767066459986,-0.9500746158654829,-0.09358325120571684,-0.42920631728576286,0.3435166205630804,-0.7745924283081269
l8QqI25FBrc,l8QqI25FBrc.wav,0.0813325002821632,-0.20638440987986642,-0.6008197995971516,0.49143779551225353,0.2544824185792864,-0.1480150205250967,0.18845486240143838,0.053197637472757534,-0.6238589680467498,-0.26456539075489927,-0.3078913671596963,0.190446945851557,-0.7598775585183176,-0.33903086118026105,-1.6584703193633894,-0.35169309762779116,-1.5547383808873765,-0.5699611852462626,-1.5601781680899227,-0.21690381380497845,0.17709972440834157,0.5083132264989706,-1.1752275853057106,-0.3578030996131571,0.3402755574839087,-0.9922601590820305,0.6841186794284465,0.009100316168735205,0.03249116932427768,-0.17628086351285616,0.5179416331031967,0.1623509573462028
lRNNcBHuxP4,lRNNcBHuxP4.wav,1.3155159870753323,-0.5062742378856511,-1.545135166224987,0.09234154818131812,0.6479683880625556,-0.16331553940532906,0.3005355112932245,-0.23734892048849898,0.570994970502689,0.015056932855774497,0.5551696909583067,0.7964529150970235,0.2798294898503373,-0.6116844870924893,0.279917985971287,0.808779096489382,-0.3682673000425734,-0.6245025288871058,-0.6899482083350486,0.3382186890354717,0.5593359390902438,0.17895034258359982,0.030846639595214477,0.009117365632871546,1.613129939266414,-0.725322005180641,1.5861836667989815,0.08411127589311697,2.4031530519188165,2.201782428893061,1.7826690405652033,-0.46207028750102874
9lLqGTmDdQc,9lLqGTmDdQc.wav,-0.29629689465215225,-0.03435511878322034,-0.9640560302198519,-0.6246283821162274,-0.017291449132549725,-0.0738268501241678,-1.2769160574948568,0.0023401702998188645,-1.8259290706300724,0.6941746165672837,0.2695558138438103,-0.6534077763429127,-0.7589097562681799,-0.34203358796848526,0.35985561550035505,-0.7402298463500115,-0.874568966519332,-0.42167626397380703,-0.8577156196476514,-0.9808690866851923,-0.8818830903958663,-0.2981630157370048,-0.6192921573121506,-0.6613260859980695,1.1771323389208337,-0.006939906473641506,0.7513333893431138,1.2546474821603515,-0.21938400949439107,-0.41901074387690196,1.0456798105882648,0.41549891323833854
tN_6CA9nl9M,tN_6CA9nl9M.wav,0.5528126791666282,-0.18708199872442627,-1.0230267200118308,0.7095693594035105,-1.3476947964221366,0.01329522970056472,-0.0015805335990430706,0.36098420601851516,-1.2906695203471157,-0.19017645065440203,-0.08937743382204635,-0.5064921710470289,-0.023003780222249307,0.48134271016085245,-0.54656646132329,0.14018295042420242,1.3368474582590217,1.2677994126683678,-1.316309730998863,1.0580962964224623,0.3784140482742638,-0.2455136075810222,-1.0597646887827399,-0.07700160610921812,-1.1353451158446037,0.4816831588000106,0.6742472159807663,-0.1421371446202426,0.9731453379511952,0.027078960448068245,0.3418166810611892,0.07033842655660756
2XSImOsV6tw,2XSImOsV6tw.wav,0.7680243391827493,-0.4254540370619633,1.4428165119183771,0.011278682328359508,1.4314037793875731,0.4521467309534237,0.2933448916120736,-0.07798407473774463,-0.03522777863113379,-0.6263183328165661,-0.28471111098818097,-0.14759452365794395,0.7507057900959642,0.37380966052486214,-0.647751544986477,0.6181468946469972,-0.15705977626908083,-0.23283140921915324,0.40739800875207716,0.6568697981385105,-0.38399773831009165,1.1767814631905409,0.7156261507697389,0.875815115177548,0.4601093127592262,0.587222069179583,-1.4036376326210207,0.10390838422465891,-0.30071289833393383,-0.6275503471401505,-0.985631168141241,0.17497670361711526
t_6DCJcCq5E,t_6DCJcCq5E.wav,-0.3371039050214589,0.16305557025312914,-1.107223062933233,1.123340980607292,2.006138392028126,0.27086801792586535,0.39808267680992265,2.323685092635268,0.5491579835264021,1.4844996511095232,0.3153098368929278,0.848567388277805,0.8513367474005324,1.4131088831566239,0.03294782627059315,1.2830840964626458,0.33586858095322886,1.058829194646794,1.2028778562779188,1.5327600702967266,-0.5267370870805446,1.036765382194936,0.13471723703387126,0.6873567586165767,-0.2271316727785338,0.6514231032775741,1.4137329902100286,0.8405325430678651,1.4971836881514278,2.9754171222986434,1.734944327489475,0.46788036471299116
4BZHlsdSwm4,4BZHlsdSwm4.wav,0.2013902962396161,-0.406658400862263,-0.6716906897780983,-1.2297112151415452,1.5037034427829485,-0.7637159748904977,-0.2955891241553109,-1.13555720431294,1.4729122217092439,-0.5547494893605364,1.0659322070374935,0.11725479695246445,1.260101648576931,-0.17509537822588336,1.3364643835094163,0.45635335452883335,1.188820458381154,-0.9385313937299169,0.9460023399232976,-0.7741725204325284,2.143565350921982,-0.7848862358135346,1.4270968637480335,-0.5348943175597823,2.4409773605312624,-1.4603964297826952,2.178792066484344,0.8289890167116296,-0.033728951581590484,1.2086252738104204,2.2721561617639168,-0.32615261350290026
97IwoIqBCZk,97IwoIqBCZk.wav,-0.5566864493921314,-0.06186632791221717,0.547348448010882,-0.9264563895423006,-0.40750375534176836,-0.9831535965400428,0.5582650558011487,0.0028991972088179578,0.23805694836139737,-0.17258507157627312,-0.8455513365750471,-0.7516408128156457,-0.05946799665869429,-1.2960229355079995,-1.679854790836085,-0.15116252942352482,-0.3642608852386565,-1.2419246148224592,-0.3828477103408895,-0.5614275538064466,-0.6277173627446784,-1.505000187992541,0.1885236474872967,-1.2781744220932263,-0.3483002103157695,-1.388170051113784,-0.2926304293592449,-0.5438340000722633,-1.1351591670422774,-0.8180179363608797,-0.3964858146907988,-0.7698187605357361
cEvRs1IKQO8,cEvRs1IKQO8.wav,1.5356751092949652,-0.7062562506019857,-1.206290694141304,-1.1389943401881077,-0.3911633896385958,-1.581197688667,-1.1141980458676652,-1.6556805944802286,-0.8986424878221315,-0.027181614407226686,2.0777179508767487,-1.733932619451807,-1.746861878648372,0.5223257662337637,0.3628864342159155,0.07217670152892884,0.8343622552233959,-0.2111835201458588,-0.7613168787508998,-0.64580394493855,-0.3812161711231738,-1.1332815326769636,-0.19315581273679316,-0.24366945687924205,-1.0100519805919737,-0.14793455633028602,1.029190965943246,-1.8411308545939582,0.7267272920868441,-0.12728838291156946,1.094408172840057,-2.0107664691195706
_rMeEK1uG9M,_rMeEK1uG9M.wav,-1.8749468330193546,3.225358481030146,0.16942199509652564,2.287579360990325,-0.017145579092152127,0.2814537735586687,1.535254786772558,1.058124221316557,0.4129063677102194,0.9117060838889848,0.6907385308357681,0.9630770906329944,1.5214972941364724,0.4658122107730774,-0.37159378226492146,0.6297158851533922,0.7657345715575887,0.7221655307766329,0.6497671294545426,0.45607948390165565,0.6345529286171129,0.2918824384279329,0.43132828639419896,0.5153095047142549,-0.9734730321029117,2.609330298707677,-0.5318973411055993,-0.20482936780428632,0.5581682835088163,0.21719976005111638,-0.6538079310439597,1.3628523560812604
Gg6wJa_PMwo,Gg6wJa_PMwo.wav,-0.8966032138783517,-0.2138209497123444,1.309108000727491,0.7791144879071061,1.7436393968496569,-0.6301280631409972,0.9515448971816006,-0.8946179441449832,1.4922405508698238,-1.0307028450406375,1.1577235531387755,-0.35495334701015224,-0.6936867034553384,-0.19420837740109537,0.9491268994137807,-1.357106675812108,-1.7010814054673118,-0.06314592583542247,-0.6585162803750403,-0.06906200036482342,-0.029842361155823883,-1.0933698716265925,0.4089804459231466,-0.626509115841086,-0.3715904326085652,-0.6193941660360397,-1.452515453568865,0.16305472555976444,-1.654907302512792,-0.8561841182220574,-1.1864849015801366,0.382032382287338
VopoxAqteGY,VopoxAqteGY.wav,0.3321719425924097,-0.4394432607681353,-1.020222646458668,-0.5097519089571386,-0.6991629279081094,-0.14448794535022214,-1.1344856672686914,0.581656384252935,-0.14092039044801943,-0.7747867182336273,-1.1645330186679894,0.764324912374328,-0.05346673835349633,1.201571762017017,-0.6468632979893305,-0.3970967883630417,-0.01942036771670269,1.688288743666728,-1.279784961444215,0.4547736629480682,1.7396566717903772,1.088303399398504,-0.4021645080662094,0.4434727355731738,0.1641694741475191,1.7919572837932225,-0.14198316931605995,0.36805004889904774,0.2027064575964122,-0.4003440208507515,0.3904653721551525,-0.05608957298144296
eZ6qfJYh8Hg,eZ6qfJYh8Hg.wav,0.8107203758866408,-0.3411416832903128,-2.3625759873408443,-1.0232187439849583,-0.6980600158980473,-1.2854967063443858,-2.753688394154125,-0.9337960227187515,0.6009634255220397,0.40024367352059526,2.5755247948946653,-0.8988194397547327,-0.7370911434168131,-0.0972551109357269,0.3558517264089253,-0.933943454111207,-0.4281699951407189,-0.5209953900955365,-0.3524517746963031,-0.7668842320693031,0.40679626671123975,-0.6712254166596424,1.7579089583952414,-0.574846674118198,0.5927177341399338,-1.1792059365567462,2.878117280770279,0.6006090223510401,1.3164382087314432,1.259276657603804,2.5304367860925248,-0.09708716642298269
HpJaW517Gjo,HpJaW517Gjo.wav,-1.1165944256454035,-0.14796630070798839,1.2663758925853885,0.9459211337050081,1.7271484362784177,-0.7761655110539702,0.9210448916049598,-0.5281267276590931,1.2290353434005543,-1.2386040991523481,1.3623737010291357,-0.53278054901156,-0.7281466787268835,-0.12424197115638505,0.8626437487435823,-1.221295096667063,-1.5883053227667254,-0.24761071920312347,-0.6047900546920034,-0.010147839391403584,-0.027490671828197616,-1.0742267305328597,0.532805036911355,-0.6877160329716213,-0.5610135332393469,-0.6648590900685465,-1.413969326099334,0.44300746677774433,-1.9120643848555108,-1.328370857593401,-1.2008619016686395,0.6252734577645348
xMAnVnxChHg,xMAnVnxChHg.wav,-0.2425639415858244,-0.09521787965407913,-0.43694944416374876,0.8024118987726708,-0.1031645732805078,0.9386481676025223,1.1340223829772627,1.2428013141407357,0.9460094426625749,0.2980693410757153,-0.05974351184622272,0.38274246289364283,0.24114844380841313,1.0049039812369336,0.06975939312390618,0.5706710941273886,0.9607717765484658,0.6242481140110501,-1.4152628174140671,1.1663919410233918,-0.20866526913425498,-0.14606463218519883,1.5498491300174875,0.5976328924916281,-1.8871641298691084,1.7752920606934142,0.6478693515349021,-0.023240620338848966,0.43110982341198806,0.9803139340630846,0.475352037105963,0.3753322454592291
Dc-qLbh30D0,Dc-qLbh30D0.wav,-0.13620511280226913,-0.2764339669309358,1.015794068815447,0.7539052673337621,-0.6532770706230244,-0.7752032580746221,0.2393574899421015,-0.013816810094320023,0.8339033012447629,-1.163712317888928,-0.6681788522389762,-0.2558858988941331,-0.39076442110805004,-1.2765226534708567,0.36004341294025594,-0.911573861844824,0.08496495061399009,-0.7159214552515791,0.37820843108386554,-1.2107951768102636,-0.2563022604900188,-1.217050179655809,0.18573423662982722,-1.5789017117662296,-0.021087744548555786,-1.398169294321607,-0.5970740433904167,-0.9722953166096479,-0.9560561943426813,-0.8579505339145506,-1.0366450175889792,-0.22762084390160633
MyUm_vup0dA,MyUm_vup0dA.wav,-1.230210070861013,-0.039193152681651675,1.4959753361398838,1.0867979809253572,1.6535415221978096,-0.6166906460217215,0.5025255175231318,-0.9280824586039728,1.2350701877404122,-1.1581523885732163,1.301545177745867,-0.6057667501604795,-0.6615935577612707,0.3327075782618684,1.206814723528906,-1.4777944056459287,-1.4252177859403432,-0.3329259602336451,-0.3012311024362735,-0.716901521976289,0.0688171842958236,-0.8610314844064771,0.49159984210489216,-0.252329909096478,-0.21682567723025728,-1.0249809850238487,-1.3289788142665084,0.6051720469881544,-1.5558666058990023,-0.7066204086645,-1.2332406491493304,0.9339908898087647
J6Z89Wv0wlI,J6Z89Wv0wlI.wav,-0.17274468342912255,-0.2599439395045323,0.825602403985314,-0.5098938882695818,1.1217959501010404,0.21953454519888507,-2.262572688963075,-0.8080509337564348,-0.08940852003517606,-1.1830117036770555,-0.7009868916873778,0.3474219689987652,0.727992892380691,-0.33671787156507654,-0.06548967654346756,0.8916611211050606,0.8430096319244649,-0.3429909550169302,0.4368613537297757,-0.8449680399854468,-0.5260266090723139,-0.7413208611231975,0.2205930638259993,-0.16271066802216153,-1.9307588683263388,-0.09702577414855727,-0.21123461944469196,1.5921464933494256,-0.8574383777918795,-0.7181601066342452,0.3333337604771881,0.8353627901089457
CwfEXpoD7_I,CwfEXpoD7_I.wav,0.6123344611595093,-0.535829257639296,1.6509001095820108,-0.11931231890101575,-1.0102608837479972,-0.15811997526936583,0.4128979774868832,-0.17472643698602008,0.2808984871473985,0.7472131538681637,-1.0032076810542947,0.6143438250005481,0.7473179049308306,1.308261363518146,-1.1274792174853936,-0.17861989256026137,-0.3022382432608365,-0.19234158052985575,1.1278215775148839,0.14163470236921027,0.06634732614445897,-0.1892150667417925,0.4622816787955819,-0.6695872028590645,0.12903523094588196,-0.29630002401046324,-1.5995657001144965,-1.4917758222796587,-0.4435784056385856,-1.04859828994537,-1.894582821940522,-1.1406914283018166
OVcZ1vyZgpY,OVcZ1vyZgpY.wav,0.4005521399669521,-0.26452630850062303,0.16951259003208988,0.822606921815036,0.5003790386452467,-0.48995246460880965,1.0201254990167812,-0.9917203400758177,0.6104566329429256,0.8794335946329384,1.469392622815413,0.09136536998641034,1.1698127029896048,-0.8288592947777667,0.48274210581169863,0.650646221583213,0.880160824704767,-0.5831556675225826,0.005712156037220475,-0.00020232305907842054,-0.5184528305442314,0.2637515586262546,0.12452805392582976,0.6207886893610096,-1.358711639732486,2.1875141179207906,0.332942874069792,-0.5650214254813025,0.4735655664986282,0.3096463504469939,0.13536863928055812,-0.10181267647921734
0vS9SPHkdcY,0vS9SPHkdcY.wav,1.237813228215374,-0.24498139499234267,-1.6212189997483752,-1.2996228857889858,-0.36226850071485817,-1.3118912074551827,-1.9591653564907845,-1.396515538523862,1.8665412930614302,-1.040083847526205,0.7476954791957299,-1.1677242018027572,1.0493594187131463,-0.4306579623844232,0.8729421649935236,-1.0367820660530562,0.5343208610202281,-0.6378290923899559,-1.2872760142438655,-0.056540567673996525,-1.057667845892011,-0.8411528762055512,-1.3344264155929504,-0.13998509338022644,-2.114950779993195,-0.3537437507218118,2.246770946910894,0.284819254028404,2.499220230143456,1.863850092979789,2.451365352704012,-0.51353509370295
5siGd7pxJCk,5siGd7pxJCk.wav,-0.5653113749250124,-0.23473985013965157,-0.5979436773617106,-0.5774454977705067,0.7742637042797249,-1.1878212547964413,-0.6475710774535679,-1.1133067190701473,-0.2401575364941919,-1.1768194414776463,-1.2389018234484526,-0.215937728167692,-0.10910119629298506,-1.510430616462427,-0.5715658917189471,-1.049260352912507,-0.747822873724492,-1.0156565508817457,-0.14262466644884186,-1.751707089367869,-0.7191653658840753,-1.2859739909367562,-0.004423667642340624,-1.4241870707967417,0.43751704568974253,-0.2524525727411829,0.37099364325112927,0.6990697156482847,-1.377999721324352,-1.1497797994069368,0.8562902767104643,-0.48190350959539296
sV-r08N3Ros,sV-r08N3Ros.wav,-0.11179727352127368,-0.2776823558885641,-0.10477528591556971,0.27739354570222624,-0.009049789922658149,-0.021159392583326282,-1.072382167968493,-0.6320655175147366,-0.9770200151571556,-0.17615799774232738,-0.9356479470900363,-0.47634355655585,-0.47888655539663105,-0.4389455452001703,-0.486638094017674,-0.6420221932065034,-0.5562184777079698,-0.863278900043444,-0.8627022829570223,-0.9535007059386107,-0.7059972349777588,0.047445748274311306,-0.9429987545914341,-0.7672298244441531,0.368524523379353,-0.841967562429013,-0.17417665883130684,1.4763953857364553,-0.7183303761706503,-1.0994711570163676,0.06427083021797535,0.9627385930115594
cesx1-XaLb8,cesx1-XaLb8.wav,-0.3584127710251826,-0.3350569033087932,0.8330670286640526,0.525905741520217,0.7742340712501783,0.043259361597188566,0.35612097682198973,0.056806900018208394,-1.1245747295317934,-1.114410791188143,0.4988454246903186,-1.2627568708776393,-0.9993548195931279,-0.2890259813543002,0.9087925263617707,-0.11581319952931586,0.2120220877458706,-0.2728545768070848,-0.058278782929887356,-0.7359444995485146,0.2735177362794901,-1.0788714377536457,0.4777632148193162,-0.7598257680546523,-0.8882977694675168,-0.8890291076346601,-0.5392915416079904,0.4049222647339596,-1.3444514844013769,-1.2351814545267858,-0.7370106570056386,0.34949995581649934
4fJMAaSJLxQ,4fJMAaSJLxQ.wav,0.4125147294093936,-0.2493764210770611,0.3849191498251801,-0.8156140038561799,-1.6435352195362922,-0.4806288633228014,-0.2192115683953307,-0.3988987611168239,-0.8484835536506506,0.15077171744321244,-0.5506324425870855,0.37560616458025664,-0.43284190956573365,-0.6106872478800399,-0.4558365605680251,-0.1873123557662917,0.6996533159401238,-0.40319695191846266,-0.3899089798506515,-0.12220641766548203,0.2911565186612514,-0.49379986610089166,-0.8855879714779699,-0.1578278917282343,-0.5489170687807449,-0.8582423166070757,-1.0041981285121349,-1.5024468549785115,0.16708489274808305,0.04422775800079882,-0.9606166072310579,-1.4654879890539452
lETzDlWgq2o,lETzDlWgq2o.wav,0.7631477215213063,-0.42949987599258127,0.558821391183101,-0.7947566561829802,0.32508124903105184,-2.201787441853193,-0.9485951839128943,-2.114320441946153,0.5225582245151019,-1.4636928425087041,-0.2097404652730729,-2.613780681590139,-1.341110591001692,-0.1418433052193706,-0.4484892832241455,-1.1074026799723242,-0.6836559628887926,-0.7699778233851501,1.6664723084064306,-0.15986272219113187,-0.2775532114406635,-0.8398324045752328,0.24579297103599684,-0.7217432108027887,0.8910475333327431,-0.5967090113775606,0.016663469452011723,-0.6008095748215878,-0.4458998988567142,-0.3894595221894639,-0.1084994108724912,-0.6793287727065621
L3AcHdBpUCo,L3AcHdBpUCo.wav,1.220662291381129,-0.9208606507816157,0.8380224175591582,-1.1973598058958832,-1.178898220065763,-0.7518180755560572,-0.8526489491248932,-0.7588048110562552,-0.7318059861169948,-0.8781898019872523,-0.3543849273040437,-1.3022061084550842,-1.7525007407308284,-0.22687530060867628,1.0683371178662961,-0.8805915545047281,0.5356489705876644,-0.33320462738948003,-0.15661661461022944,-0.8902374883494045,-0.2235697905964515,-0.5666853951791285,-0.7244676857792901,-1.0145552216468794,-0.48045756478288404,-1.1511479624272005,-1.2953694065136887,-0.6557460723732925,-0.17712495241195422,-1.2299025824889085,-1.281935819625882,-0.6680444503375307
ZK5vEyvTKKI,ZK5vEyvTKKI.wav,-0.04817738533285522,-0.4986684949979111,-0.7270241032494331,-0.8769713720734437,2.4973654122444757,-1.2248430561060812,-2.2857864180309604,-1.7819656051515695,-0.018989134389666453,-1.3389274493047263,-1.4879973118814676,-1.4460723742980943,-0.6665703474347572,-1.9138633093985584,-1.059491849194152,-1.7660467775262885,-0.0511816669049876,-1.5370568639490723,-0.7781344390128699,-2.1849259476338774,-2.024742721174595,-1.1513975290478216,-1.3928402042367243,-0.9969114217473073,-0.072552137675042,-1.1187499204591802,3.4477438233385413,3.3230427004052525,-0.6964345123551471,0.29517040698350266,3.5168839898496262,1.2048038352530834
YkzA9zQ5NMo,YkzA9zQ5NMo.wav,1.0180887416025997,-0.5107300400049974,0.5432065048905155,0.6787457194981953,0.9436464770631756,1.1978182546598972,1.362944027968687,-0.017269989190975648,1.189365415860514,0.5771048554218365,1.0634003664771563,0.40372505978610734,1.6680677865351219,-0.5613706116898146,1.2236207498625207,0.626854147460778,0.6040987509486776,-0.04653763613380516,1.821486205010753,-1.0363238263078554,0.9712983380892094,-0.6424587824166403,0.448637252175516,-0.8898844225902534,1.4201579566057976,-0.6901618342184221,0.3446489182377702,0.4302906031388903,1.4876139910177668,2.356269632378464,0.30950291517052125,0.7520460548493569
CBoSHnbDSmI,CBoSHnbDSmI.wav,-0.4996707112676157,0.516453834503435,-0.8792010820694095,0.8283334522085019,1.1997512776798627,0.8449508509292529,0.2932650751542364,2.215515951614462,0.3040109646235891,0.9228519780099739,-0.9775102255498158,1.805021793022749,-0.31133155204829405,2.302389551435819,-0.24855069293477283,2.2142330891517243,-0.10440255706963318,1.4539901340462382,1.321611242181117,1.7730762021585915,-1.054096899306888,1.4490488564679491,0.7451019260777282,1.6863249225161578,-1.1394886985213084,2.200378543060358,1.3642086405880514,0.5209002615403239,0.2865979442895945,0.564124773088228,1.1926302853154163,0.5101245735126095
O8ocrq7vruY,O8ocrq7vruY.wav,0.8556185044226957,-0.48014048985796265,0.6518521431633831,0.20441622682318006,1.3710034295269895,0.0990224375076547,0.7412143193533693,-0.2936798434506535,0.9289345787266127,-0.23781832848824525,-0.3346901805219385,-0.37121168744450456,-0.6656037677221769,-0.3542167509781963,-1.0107354180175854,-0.49998027702073533,-0.8505486932385978,-0.6829444692408748,0.012321948442514757,0.010478733908836899,0.08085776174882314,-0.5802017225641177,0.3857760419471291,0.06703342632328643,-1.1838417251328606,0.3202580833864241,-0.6962920830575293,0.19957668229721412,-0.18911115180317858,-0.6773706946217908,-0.4283198288515934,0.11078947754627261
QyI7-6F3p04,QyI7-6F3p04.wav,0.5817208676328315,-0.5322555075013977,1.100183508640731,-0.771258642035602,-0.7695208801992756,0.16394596707929954,-0.689315699775578,0.11475311514563838,-0.4509532930896316,-0.7587489688048344,-0.8678400025302131,0.044919179471412427,0.12883116709549697,-0.6817135164898813,-0.3408386870917452,-0.8507180834659908,-0.026862656682135763,-0.08715758839565019,-0.7156422012776948,-0.5623609578245159,-0.051286386168825346,-0.39366519774300474,-1.0261415215028207,-0.7149979294750461,-0.11985113114686545,-0.9141178137414575,-0.7242914853876681,-0.030012534037052778,-0.3418303840271529,-0.5318797407494321,-1.015717301260639,-0.00763429001864077
eLsDBcYlNmM,eLsDBcYlNmM.wav,0.8805273659442643,-0.5305105120172805,-1.0825275806409833,0.0837000967747213,-0.00041124248368850177,-0.9646905634724727,-1.8521792597977658,-0.9238946556697857,-1.3146576716833642,-1.4626905988854837,-0.5163667589166002,-1.607130283510075,-1.1620145548647471,-0.9321351711904107,0.1477047307436668,-0.46972114336919857,-0.8519988208426011,-0.8068926472929165,-0.6849797250691728,-0.8110623971708117,0.23192650356060968,-0.717080846295742,-0.48482555876679057,1.3457894399208075,1.2349530220468823,-0.5246604908013974,0.7932245405184785,0.9324565591836114,0.7490978563152212,0.4992855964322725,1.1527215494122593,0.48448706807242603
HgenfWGtBow,HgenfWGtBow.wav,0.027940254980843227,-0.27248785043178514,-0.5122404015649964,-1.2432817054988718,-0.9467207051015997,-0.24229250218070922,-0.8531333855867311,-0.6301753025802144,-1.0653975792340225,-0.23058600528554077,-0.7036044756854851,-0.12814229734439658,0.6279320479581438,-0.8585625723777159,-0.2905012031527924,0.16534299496523383,1.1170241538302257,-0.5496461131132155,-0.47885908059580246,-1.127189231552252,0.7358093925484536,-0.15640229488040444,0.4972878406507532,-0.0734453057513733,1.2570805850415994,0.8661793953710716,-0.15710420207251197,-0.3625899926932348,-0.30432334794098903,-0.31965543181828315,0.025929604794990693,-0.8191342885657253
4iKQj1THwSM,4iKQj1THwSM.wav,0.7243890188586323,-0.6023188995933272,0.584674887828056,0.17568747073207325,0.9019936848518112,-0.4600705131647456,0.6756885078055,0.07015269686961027,0.9979008819686479,-0.9471853374615502,-0.16677167655794284,-0.5029900278452563,-0.1357720066451364,-0.8998402858077057,-0.7588933216579663,-0.4905848205654736,-0.11208954895046194,-0.40123219003569804,-0.463067036526416,0.20840916016985986,-0.9483962717434148,-0.7569124422771117,0.2352720569505867,-0.810381148676329,-1.3132672708200612,0.31256805258641546,-0.5280067245502064,0.05291415738974503,-1.0403923939664605,-1.6279128265776721,-0.31028082361711046,-0.012100843461814668
SzhW6VYdhmA,SzhW6VYdhmA.wav,-0.6467659470465724,0.2528045268782053,-0.7112862381363498,0.6225999323629068,1.021645092462512,1.1977705680828916,1.0085134931272517,0.6301156671661733,0.5474920724685366,-0.022630751395158653,0.5442192241779382,0.49050383212393284,0.7572402711333857,0.5682673459086788,0.5626425719577763,2.3122024740698124,1.225970307572297,1.222463419606758,-0.4357130126225007,1.5999129903984024,1.273296936425767,0.1370643537407167,0.3129194445130379,0.25920224113913,-0.6780102034167359,-0.07802850167968942,0.9676899076062402,0.08945815199671067,0.7934793441945789,1.5457629811639493,1.1639210850223356,0.15832039573607065
9WSrxJjHtSA,9WSrxJjHtSA.wav,-3.3243021753528668,4.188749912803264,-0.39985837726473034,0.48757574766897255,0.7925092885401237,2.076530238119891,-0.6544791207551692,1.6580637669844727,-1.0599687571671985,1.4152992479758375,-0.6630483554258887,2.1806264483744906,0.720670874066284,0.8889298524314351,-1.2022235753145096,1.9906942829289584,0.40260237253390213,1.9238519817118687,-0.6187497511850987,0.5871435894614475,-0.7504032812119431,1.5724551613806568,-0.019605327073474097,1.0056254005284233,0.716784094701895,0.7891316775373506,-0.6977228815506262,1.3664771338970796,0.18440728700317927,0.05987628770556927,-0.24216653142483724,2.484228569438624
F-2asQ1S8z4,F-2asQ1S8z4.wav,1.1103356015443626,-0.5241672312788207,-1.607834074906098,-0.7683602827904569,0.07446097879350577,-1.504352913804308,-0.25899408255775097,-1.312397783792898,-0.55326715722608,0.07767269528442117,0.6323780946595486,-1.1554243652461724,-0.4084562810603284,-1.4348068921872152,1.3272230971183814,-0.7816599767519004,-0.29752350783927267,-0.9678823700170979,-0.15650402508539948,0.07207284890392691,0.45935613402224373,-0.6652525186838386,-0.6170702497224465,2.1279978829723056,0.6845499961299313,-0.7831091958478161,2.552172751813426,-0.6516573140094158,0.376399210357777,-0.0243154551704367,1.997029532605653,-0.9736856004356744
Kc6cvBFoEzA,Kc6cvBFoEzA.wav,-0.16893860618759987,-0.1848610748052641,0.04907903066554469,-1.1010883491282952,-0.8080064028023596,-0.34691223875270977,-1.3518226988426587,-0.2102409319311583,0.004346950047159765,-0.2951279803786306,0.5788711988955143,-0.6464624107973372,-0.39088185741607756,-1.0587795686949275,-0.3996338303629698,-0.8604267492481577,0.6673754456503647,-1.0123480927864266,-0.22838388398454026,-0.9759461148708747,0.5542052892473426,-0.7774472482868802,-0.4274575564494113,-0.08624747159801957,1.2021838479489448,1.2468706548948805,-0.4763128968070506,0.2551881669632713,-0.41814835389621136,-0.5166929749120952,-0.3093936162823011,-0.096458214105771
BZMeuAibs1A,BZMeuAibs1A.wav,0.9255087078276955,-0.484594743003095,-0.8347619918216039,-0.9378924102176873,-0.9817736522618569,-1.2986522631154023,0.39344581210617036,-0.8708492875679901,-0.7345447065536652,-1.2594787355307155,-0.659716321968988,-1.3533184250515784,1.1070088187016762,-1.216040213043168,-0.3945182080847326,-0.8798162768087572,-0.449023286161401,-0.762202955521014,-1.81382105506757,-0.7816961062199544,-0.3042346172933733,-1.2182283452922225,-0.6711765215385745,-0.9191630534969027,-0.037150136344412645,-1.9630726237774976,0.9939671890841849,-1.3649973794726682,0.21492069127067964,-0.14721300119290665,0.5957138279173505,-1.2824994775292073
KQE4iB4EFOY,KQE4iB4EFOY.wav,0.8734246486316507,-0.5076618442328464,-0.8003673386304597,-2.238578427400899,-1.9868683683026778,0.42034164034934396,-0.10220220451527787,0.4396612232182897,-1.207201007019854,0.791488028309734,0.5206121632127199,-0.134899719754007,0.7432653626707602,0.18508829368327925,0.3226000499735214,0.0002699662987343517,1.694413283557464,-0.5716327259732898,-0.19660028075202088,-0.7177809970194422,2.4284709518233187,1.8082176742311762,-0.526936743221008,-0.23184637777416772,1.7656039672854902,-0.8787597480042294,0.2852520749054031,-1.7113096845716231,0.9822319323181723,1.2138284565893531,0.18931380245104018,-1.943764891900986
7aV8kHMS5yw,7aV8kHMS5yw.wav,1.4438461732994368,-0.8451775248531131,0.6415000472276042,0.17274621402018908,0.05544509779110715,-1.5802129929366355,-0.3524001272613932,-0.46625372053573844,-0.38725287880249804,-1.608674744839618,1.3512635439250946,-0.957232346675654,-0.17552019449549133,-1.3013572309550168,0.49716192728362857,-0.9071340395825521,0.09883952185805298,-1.4289709934272419,-0.16684108311672122,-1.45131849735629,-1.318240189019464,-1.5433399993654804,-0.5749933368210923,-0.9812116820462697,-0.503935100344337,-1.904197611187911,-0.4833917770148566,-0.5187249792435782,-0.08214881851893661,-0.7839654537925863,-0.6802425673988496,-0.5313122219173341
N02RQyg0qB8,N02RQyg0qB8.wav,-0.338381462189427,-0.4929260345708954,0.932365030707421,-0.33970766655493656,0.24113640527869817,0.3685940325868592,-2.8503031515172443,-0.9548428297153114,0.19999428962867286,0.08018225056466154,1.1266165231689584,-0.2625769080814242,-2.208386939668724,-0.4097898805154193,2.338655004384426,-0.9142512664152216,-0.32308802968815814,-1.0452286188738527,-1.4843082695749723,-1.1957326267228259,-1.5300768265864275,0.01616924193943303,-1.1732304439157304,-0.5396084738469286,-0.43530576152267914,-0.4598552878560238,-0.5304232096056262,2.4154551952133336,-0.9843098174146745,-0.8717019561224828,-0.3706153231975548,2.2205404807467266
8Nv8qjSSkJs,8Nv8qjSSkJs.wav,0.29944084503721796,-0.36196716148564145,-0.790320827648856,-0.33990955444220744,-0.2539228857426068,-0.1046269416041083,0.2086737474831799,-0.14746449671022593,-0.8048260849481821,0.20078898086437355,-1.2655856201949416,-0.08007583806271765,-0.29425698810192635,-1.36872172742474,-0.8279687677574316,-0.320320809033302,-0.537828629883412,-0.5118206590000954,-0.048805997506462404,-0.9621870054250021,-1.5519909850917024,-0.13897607619132657,-0.659906311167404,-0.2374644088130294,-1.2591773350911522,-0.013312090239903627,0.16441304043758875,0.3743191308445052,-0.20813205052610936,-0.5956677789547788,0.40621783790140414,-0.05392867191556816
4CIVpbv5L2o,4CIVpbv5L2o.wav,-1.3394670068417378,0.2662111269506877,1.0176082409597413,0.3594489140209762,-1.1135254499117406,0.3096523519426492,-1.7575110928100062,0.29071031555530624,1.141586777970858,0.6813486999949225,0.8695251153951805,-0.4398715769399654,-0.8827570481035375,0.3718768623416381,1.371623263645258,-0.680931539271962,-1.3323976799883777,-0.4364698227164775,-0.6351933969576905,-1.2202430127787383,0.47136912816528925,-0.09695438050948509,-1.3219912921889647,0.054072582313635514,1.7583524833101485,0.11149418254204671,-0.26628140733089434,1.8590290842093966,-0.9556025840572843,0.36752995195931826,-0.5966979165943455,2.0335038903667333
YNeMzfhJC38,YNeMzfhJC38.wav,0.2817050725578457,-0.4646098434479173,0.39302227590549554,-0.3888059157412324,-0.40917216262566464,-0.6597916891450525,-0.590061367320287,-0.5664745726820951,-0.7289352889454813,-0.6049991364628452,-1.005822303783955,-0.5323175459092391,-1.2206352598083092,-0.6970962764128715,-0.595969029548856,-0.473358570840983,1.0225264931770293,-0.2732194901923626,-0.41118601956594397,-0.8412398959482402,1.2997098127758753,-0.7859939984258935,-0.22911393345859712,-0.8899253932987761,0.1133535901431101,-0.9254248436157121,-0.6626399989343096,0.6227720795261675,-0.7725177760107927,-1.09037564587498,-0.5068452484339334,-0.023172265290980956
E1JxAUmoxIY,E1JxAUmoxIY.wav,-0.6558846778113198,0.04521048666706639,1.101938056988667,0.40537642191010126,1.5144986605362434,-1.4285079846900492,0.12570057198509288,0.1238172554840326,1.2401131673257926,-0.7173667460466197,-0.8758077381237851,-0.06944236136317847,-1.9030378146339935,0.44141255720164085,0.1719924319576962,0.14827414815260762,1.189113844631469,-1.008637140371363,1.9862379233020948,0.10188930659901453,-1.4647661508434409,1.1174039673751237,1.8962181590710747,0.5679870678878745,-1.051938716769966,0.5682384368222398,-1.05647533508638,0.06942513327859456,-1.5343841372482867,-1.3142530901675804,-0.7942084374923956,0.24084270238065544
qgrsUrhsS6k,qgrsUrhsS6k.wav,0.9328277346686792,-0.4918690449304987,-0.35847881097262835,-0.517351909092339,-0.0918417487207954,-0.721834610884933,-0.23215228872675994,-1.7878408941730037,0.645337006766541,-0.9623689003511083,-0.05085766796828704,-1.4174708718438485,0.9185145397979045,-0.772647624448837,0.43419735206520094,-1.1911787834452219,-0.9269073016245984,-0.31848234396512687,0.9926370228395757,-1.2992041048489553,-2.765923393133459,0.12737787619602148,0.16883840015392676,-0.927356284176249,-0.6744755516199462,-1.0577277298170031,1.1769041471331216,-0.3377147799092623,-0.10663233697057725,-0.026233594913255727,0.8271842593909915,-0.37456687545632006
RfSiAKIRI7U,RfSiAKIRI7U.wav,-0.16859779726422164,-0.35216212893809323,1.5108008124447456,1.9752070995070687,1.8444030912259661,0.3747601536470294,-0.44506874150998366,1.3164219169883604,2.161442455421573,-0.45122823479955027,0.16971805748673324,0.538262770275241,-0.678487189823492,0.07185041804215826,0.5128185490379186,0.2321068435314633,-0.1360213895087832,-0.03572395485270231,0.32716450854263657,-0.24616147580136363,-0.016831311054644735,0.23500076840507697,0.9304780181750263,1.9277254193753413,-0.11224565170626731,1.049426577903063,-0.7913582912802766,1.4052918244750132,-0.4364939234553625,1.1232917646515663,-0.9269185406325845,1.8214696986649344
UWSdWxvBIXY,UWSdWxvBIXY.wav,-0.29910221071776305,-0.11361897280386599,0.2541914034616038,-0.5312997927472067,1.9913586023658245,-0.8966741950013862,-0.24183187475904677,-0.7404318089411132,1.1507556500893092,-0.6923870904716476,-0.1106866547102432,0.16015545326934383,0.4410458248701446,-0.7943087251708861,1.8615254155192904,-0.7564410481327227,-0.24212783632822701,-0.02283834204509545,0.5038612868554636,-0.8074576882176445,-0.16933808927901164,-0.7305108624718777,-0.4778840220762686,-0.25277740743608595,-0.0024371948364531864,0.10729270053507078,0.3489296855539713,0.2083878220890625,-1.2009230115502008,-0.7662245622142054,0.9424482308362907,-0.6661876984513708
WzrIT-TpZwM,WzrIT-TpZwM.wav,0.3307308468443406,-0.24960708000124038,0.47195547326875215,-1.2944450378753247,-0.6059426474808963,0.42028959915681813,-0.09014846021654128,-0.9184243232536514,-1.1012636003327938,0.6820089656714872,-0.062263715002228374,-1.109343039828972,-0.1291554103583871,-0.9054104867372947,-0.19325184473991533,-0.40093050417928777,1.4428344839714151,0.09115066372171106,-0.39964526397227673,0.16646586609657968,0.5472349237767365,-0.18511960342526154,-0.09125035686438827,0.2940813300277735,0.7203843268749616,-0.5247978967154963,-0.811549421214737,-0.48405792956478755,-0.7156808157223503,-0.7874270679298637,-0.5486561083545706,-0.7569809203161829
xEzQd7OmbpU,xEzQd7OmbpU.wav,-1.1217400136856275,0.25823341923988297,-0.06391034056477018,1.8446255861824967,2.0375877531266435,0.8395315919871484,1.2566035780291103,1.4262534054509637,1.2208154388462105,0.9526758760683222,0.9735773416937925,1.5806106932688586,1.068687907594122,1.6410644895348006,-0.2553192940103603,0.2611392387327041,0.5669647550695363,0.26262434013656744,-0.05937160594546753,-0.04875528817552391,-0.5420960630411945,0.8563911457395523,0.3582262304498085,1.1639052122347178,-0.7192597012121443,1.0712404936689088,0.19365430399861738,0.6567027720467806,-0.6632714815439911,0.3592169596200652,0.5150612054921043,0.9497594487925484
pO6frb5fOps,pO6frb5fOps.wav,0.7353772601134526,-0.46596902207257124,-0.8848495189844604,-1.329779893372861,0.9480151667157596,-1.7317671542113686,-0.13732808545828712,-0.8006517087031086,-0.08136955071188487,-0.09397700669299856,0.45701011607329234,-0.9215468893382811,-0.795871433361137,0.1407714605639471,0.8011229739691706,-0.4970620731746649,-0.7541145046526714,-0.9946332467753332,0.17977441034272512,-0.6246974472635668,-1.072483453548634,-0.8342246404012535,1.003823256579055,-1.4403215714607538,-0.8953409489574349,-0.8759979201760291,1.6383191813458835,-1.7737732286206624,-0.5619823346664315,-0.5043025596548285,1.3941250033545929,-2.2425632949241914
BPZ-tafmwaw,BPZ-tafmwaw.wav,-0.0313747402793129,-0.1796147243147361,0.9197547183001817,-0.6860478888513577,1.1435269300704651,-0.9497365688340428,-0.7212593258674541,-1.4861646853666568,1.1717969621490283,-0.659199058843171,0.34391096019551914,-1.1663320985206174,-1.1279650990861263,-0.10703133174373644,0.4540708605202248,0.4539734612383225,2.0615195244787454,-1.0859689979484264,0.425699054796458,-0.6705020281095867,0.9108600014098623,-1.818068487203905,0.17981036021987507,-1.3117827225841483,-1.3006030077610182,0.23441102927052945,-0.5685159104814315,0.9472260572001605,-1.1470474409096443,-0.7599479075119339,-0.22226757137508013,0.0666354744072069
Jg244zo0S-s,Jg244zo0S-s.wav,0.8100281817659859,-0.5598071926395398,0.34249225939778,-0.009112248986183187,-0.18727582408325316,0.9758412845997811,-0.19528088304943766,1.0035512204176174,0.41238927359088595,-0.21786041676000925,-0.40761728056128127,0.356315777177536,-1.2689333504068376,0.6849460609549669,0.25807763681952,-0.13267720823287213,-0.12030580105271332,0.8671293964841277,-2.180516474218542,0.5151584530411281,0.8451666597815549,0.6811797498319171,-1.839320046561058,0.7002012649626355,0.10624402947334483,0.005112353344539124,-0.6730370327272823,0.3201256779767724,0.199845908613515,-0.7824389202505383,-0.4596867152787434,0.488650338906205
gj-K_lu4wtA,gj-K_lu4wtA.wav,0.3398604646832172,-0.1825978470904753,0.5140091112437993,0.23642554627686485,-0.586640235348336,0.30094418168587134,0.24632592525909525,0.8117133525405709,0.6360103694833633,0.32367572003118367,-0.6519823959768454,0.7746936282927319,0.052521142951568706,0.17183957904977684,-1.0939371374549758,0.5464359681496432,0.6017249007648855,-0.2163816892111243,-0.9666348867021759,-0.035946105632642764,-0.23809838798154911,-0.12578031191894185,0.5565657096333451,0.3391473205998871,-0.24603878789236433,0.07317532410268444,-0.4229775393861689,0.12736363849679952,-0.08540427146290143,-0.41512745636649834,-0.44781716265311106,0.22496705637372819
IY2nsiSurBo,IY2nsiSurBo.wav,-1.3911345995759694,0.12983382879619215,0.47071426633896135,2.2729157096682773,1.791838764114506,1.1151769992298755,1.2017036077949974,1.8680830168061895,1.27047312619246,0.9120336116041431,0.25045086903688013,0.9818092829395072,-1.323484773401704,1.2541272701604778,0.4812627907984716,-0.5741635811087845,-2.386739845872589,1.0176934360226868,-0.4338809120212165,0.7892854321179034,-1.350841859492231,-0.22831575303849536,0.4944710266094911,0.3399675934401339,-0.800564734091227,-0.4597400157345043,-0.5682159346176845,1.0979769124717702,-0.8116058762186636,0.22935747406049642,-0.5742134467793027,1.4926960300902925
XDD95Ek9_Yg,XDD95Ek9_Yg.wav,-0.9261922575318726,-0.05185660167837712,1.3624882827085787,-0.783779434840214,1.0628654277700562,-0.9632022246430025,-0.31784696626215336,-0.330793026636688,0.8918556407869136,-1.028815280658361,-0.5292119833226752,-0.0950666629192473,-0.6966324799230607,-0.38101309039406084,0.38707772833801934,-0.4980400773018213,-1.5944518953706845,0.30015452292355005,1.0172547981457096,-0.725486255619004,-0.36933871383467737,-0.19673014471135666,0.43125373094949276,-0.3376014399315646,0.2947789981713924,-1.4273168332402446,-1.592326742884805,-0.30871358967063073,-1.721188489608813,-1.1460214258753267,-1.0337040614975277,-0.6509463429875428
dVCbISK2IIs,dVCbISK2IIs.wav,0.7153910058557832,-0.49540906089194053,-0.5601339010210179,-0.23104368877632833,-1.9950505835507129,-0.5536605287753786,-1.3001390411176403,-1.2782378300505797,-1.1029753781061815,-0.06942122323192514,0.6063347505348677,-1.0067440035339152,0.30982011370353735,-0.22059141900290244,1.3142049904579327,-1.2034981977213368,0.9567287188449998,-0.9051575595737954,0.10817365800055993,-0.6534493585860198,0.7205981656958556,-1.3181117341152293,-0.19615943437942088,-0.839791023306448,-0.28628517883149457,-1.0151529989647183,0.42563834150418595,-0.37338479178164663,0.3536484960850634,-0.02707840381897607,-0.12936252744251464,-0.29571641544039945
uI2Hq_sw8l0,uI2Hq_sw8l0.wav,0.8717896403093061,-0.4936996395362928,-1.3620622378142224,-0.9523115597726142,-0.6020464415905482,-0.5768839273335643,0.14525026629789714,-0.8697705873111922,-0.024065928098982132,0.27655350764134995,-0.7122126789221205,-1.335693484293015,-0.8959743742272318,-0.2393162833912562,0.11534237583831278,-0.22562216342911495,-0.7604476664354811,-0.10074029855639405,0.3844380536143429,-1.005317570691494,-0.6182789723257213,0.7158018407912696,0.8012468125979689,0.02951036614496422,0.7788012177784346,-0.32016640235880667,1.3603836540928194,0.18394472286694422,0.43169778468254333,0.12029056687439507,1.1672731500450522,-0.5652281240206555
isbIXZnvwjs,isbIXZnvwjs.wav,0.2891183836407896,-0.2315937618548941,-0.32230325681435074,-1.1638893295170898,-0.3259279869668087,-1.3481461730187745,0.036487226375599834,-1.730359501262385,2.610889034909587,-0.04811314670236403,-0.2885690772275691,-1.5666965521668275,2.0683911114849063,-1.3270231735971167,-1.7470654136995394,-1.502492454261164,-2.29463471983069,-2.1074438698378555,-0.2123314643697548,-1.315735921432909,-2.979367925332528,-1.1993589396090274,-0.6160916432844787,-1.3938777032144902,0.43851128284946395,-1.4073326113564928,0.3844490516764559,1.0449902306019818,-0.3558978333785306,-0.031232711914476314,0.7230067801648759,-0.012339423822612557
-Ei_53Ga9ZA,-Ei_53Ga9ZA.wav,0.016784136017530784,-0.4407668755985164,0.9317964631211638,1.6279705346037598,0.3601784934748731,1.3410344427969934,1.1500971522103394,1.9267995494121393,0.0678567445068742,0.5386542444561598,1.4882316293424596,-0.5148268597812655,-1.59208340796309,2.217541755973229,1.3420293709008027,0.8203317849258667,-0.3331118288432792,0.2568838735462796,-1.140347816075627,3.092053898198291,2.290949088006871,0.7052156467097429,-0.7700233998573465,2.1131081943192043,-0.8146381220430143,1.3664647135354409,-1.2372902642633383,0.050967949200551484,-0.21030448797466822,0.7130941105382825,-1.1686749190743404,0.6091505869862008
506iagPqa4g,506iagPqa4g.wav,-0.04562972594220782,-0.21830757002158366,1.550481338979635,-0.6411137528844294,0.8741171079311655,0.12246075159143932,1.9186082249058978,-0.46833344621928075,1.132015627309431,1.0845395278437935,2.5307160161537015,-0.17687325410388002,1.7719658753504,0.03226017543399207,1.9780812293081522,0.9573811724531549,2.1189647134543574,-1.0719963039894032,1.3325484779136534,2.0583336391352414,2.158887021458231,-0.9835688701773228,0.8605286826992783,-0.24501815550851808,0.03583245966372304,0.6588525507809048,-0.9880054279251891,-0.7107422127097289,-1.24311046310859,-0.9244532539357935,-0.7613052028999093,-0.6363739946893839
1O9WjWzvz9I,1O9WjWzvz9I.wav,0.07026011469152345,-0.13073682179699936,-0.011860258263851332,-1.8466286279478723,-0.5135212386924259,-1.0658862422360313,-0.6015852986000741,-0.15193364379098037,-0.0845849682200348,-0.8279756473865694,-0.43247596445411673,0.11609615567487734,-0.6040480859205567,0.35593913083880185,0.14063329198480665,-0.6045540726462632,-0.33870705991808187,-0.32012966193318737,0.2432884020634625,-0.9117402481601093,0.6294871104105391,-0.9834270544220807,1.574333695206656,-0.7278547837727031,-0.4937496659666089,-0.2861860857610701,-0.71956698820259,-2.0583895203777716,-0.4698603647175939,-0.43558438041631015,-0.39086889964273114,-2.1589587201827567
rrgaimzqRBw,rrgaimzqRBw.wav,0.29746176935507374,-0.22164642616121502,1.072491537000156,0.44296653997622426,1.0327961061716802,0.3420758051898913,1.8471283638711395,0.5907634908776901,1.4705066816721886,1.349830366781674,1.1551866697707636,2.224041076623716,1.2932650088962803,0.7655548545143546,2.09359907564429,0.49138669855186023,-0.4751553629782035,2.73423436756044,1.9816510908598903,0.8186352404714577,0.45362607069545424,0.6513244899620368,2.2094098863180442,0.18224450326829403,1.3853273728063018,-0.3283215353582066,-1.1859862509056198,-0.538099608947226,-0.05765482653570607,-0.13488110662591468,-0.9318893695760351,-0.17437469938733594
BlrAZSlzbmI,BlrAZSlzbmI.wav,-1.6829392112045336,2.4914750992902768,-1.008628400895687,2.0003483788244085,0.04876378269984523,1.1249061145665173,0.6072840935999559,0.8071010207588702,0.01821165915310913,1.0609366485585143,0.4878876339088691,0.7449557026117374,1.2656988309487045,0.607912940580944,-0.7304840213683256,1.1770087090956138,0.4882217244841245,0.7574330524276003,0.20528975023470133,1.4057426025449204,-0.3962082496221411,0.5429872263593354,0.2372544256158509,0.43769621550137827,-1.649920510507576,2.2246638454615986,-0.12238725616139152,0.22150607950101123,0.3166742890712041,0.05186374547873417,0.4151889960043546,1.2137023175600963
GOwiYO4KonM,GOwiYO4KonM.wav,-1.0420394381452163,0.2884622214449852,-0.7047662909554442,-0.3023365721299599,0.4289738536253512,-1.4427979718791786,-0.6340992873773839,-1.1573464992492153,-0.15099266862367272,-1.1464762048974193,0.06396161586217802,-0.3729032317300513,-0.4079918810269933,-0.5236440133404214,0.27344492820740673,-0.6136116305566315,0.9891775307420382,-0.6526387579247798,-0.21096924372991563,-0.3413652250966188,-0.1944227127737431,-1.39649594922695,-1.0362762244574693,0.5134912921049185,0.595132352759418,-0.7233914642360031,1.0837086436013845,0.8604509633904901,-1.0648286928702804,-0.606702976216839,1.0553030822453153,0.1420132023580743
dMQHhaHLq7k,dMQHhaHLq7k.wav,0.6219347296223882,-0.44709810960400037,-0.25055721022856314,0.27051425208698804,-1.7966785081571133,1.145978183447156,-0.6217170553408473,0.4962426678252612,-0.9493087013889285,-0.4102241200609194,-0.26349374170825046,0.14311346746607545,0.2551736007870296,1.1455185176222091,-0.9536077079480405,0.20391218758473323,0.8592057870317054,0.12232867947940981,0.5094214350790838,-0.11724650378559492,-1.0480054722787402,-0.9636984832676497,-0.6618348299766097,-0.26881294029635655,-0.506223200619156,-0.8266237639734816,0.22890873874026516,-0.22840690417695417,0.6787395171217313,0.2127920772948588,-0.25251105658641043,0.01275411558218191
DHL6_DebL1Q,DHL6_DebL1Q.wav,0.28086871445240563,-0.3453518009266102,0.21902298162310369,-0.5935741048475431,-0.4381996481787738,-0.7323897492793975,0.26367688415868484,-0.00297909394971033,-0.695536351720127,-0.2242025328873043,-0.06703668464541598,-1.0530348690376088,-0.5227789927911521,-0.49173738790566174,-0.3032462315122137,-0.6261500297510438,0.14931673493767744,-0.6063173355600604,-0.4690615638006811,-1.1650143356463243,-0.5165286330441801,-0.8597932726480113,0.059794462714705225,-1.8377956369890158,-0.46288853057603907,-1.1319379665207043,0.0803435644071799,-0.7563893368762615,-0.8231941725441801,-0.8080823664207135,-0.225939734413947,-0.7067277657882313
t5BqFmvHRtc,t5BqFmvHRtc.wav,0.29746399730939427,-0.40389129682189606,0.6036191774301554,0.2982848627882507,-1.0218910891144941,-0.01820185310475259,1.4700404268694114,0.8079964185240703,-0.6388034264846798,-0.4850902989659046,-1.1079968572625647,-0.22939824159300232,-0.5666952117961405,-1.0906895936374927,-1.3621608246603392,-0.6681647090594731,-2.0309244000339732,-1.0368615095980946,-0.3469007172746389,-0.24851570682958551,0.23635162238527355,-1.1202840024904521,-0.20276296800901095,-0.425629028492765,-0.6787782180321039,-0.5362857418983763,-1.077790723234358,-1.0580622857774926,-0.28372244204054864,-0.8814629173993407,-1.26934317886273,-0.8567007745483923
qTAra6vdVDY,qTAra6vdVDY.wav,0.7566000628165604,-0.5664634615973514,0.6954206857854398,-0.11018097364585368,-0.7834677800111498,-0.3936549195487392,-0.2042337103383733,0.5292568995894766,-0.6719696428512869,-0.11985565827438034,0.7364007321421194,0.23334425930456532,-0.8494674805512703,0.0431668003743064,0.18773602096260023,-0.45996143697729863,0.2628777372740694,0.4940469454498897,-0.42315024692771563,-0.16777320459895315,0.12218407086560118,-0.49557353066526094,-0.12397425453726912,-1.1625463271452827,-1.5960898732811575,-0.7720935486897761,-0.6540565828170276,-0.6842324816995229,-0.22685067065975695,-0.6747942361624519,-0.9347637642739246,-0.575408351177373
3cD0AMzflSQ,3cD0AMzflSQ.wav,1.6490488166949475,-0.6920652930526779,0.5380227302671968,-1.5213956023366302,1.126102490548775,0.1587351056001259,-0.15373022098303377,-0.8292532015925784,0.6363094446812314,0.21333908932867182,0.40375235174432317,-0.7300670276111572,1.125107429844786,-1.0527026748199082,1.4491669677908352,-0.7617968263906549,1.3744864092938465,-0.37466131300233574,0.48239936840140435,-0.8054476201268889,1.3341439292216712,-0.6339531683941676,1.0683646456537514,-0.6712210576457512,-0.403475662706343,-0.20055092815873377,0.4516276114566782,0.12514840753728895,0.1702729362992103,-0.43118398110382516,0.6658600182305817,-0.3545706038667233
ZAnLIXNbD9M,ZAnLIXNbD9M.wav,-0.24911812778915787,-0.20842575436877273,0.6520976638947095,-0.22051736287059903,0.20782539083517812,-1.0662008428962242,-0.07771272691048874,-0.7918945125600025,0.7394132437539902,-1.4859320145151242,-0.8561662196479599,-0.842691681204936,-0.16100707989387394,-1.4652252770054728,-0.7024183715691367,-0.9348872031260086,0.2666787573195295,-1.1902226860076601,0.49018932642675195,-1.2883078714938692,-0.09202001691359785,-1.8360789199821443,0.385385908620709,-0.8681352554738891,-1.5554843655129265,-0.5406064573699523,-0.031527038583775126,0.5499320714125192,-1.17759397305109,-1.0166123942738094,-0.21731674396581968,0.23904645455472676
V8BKIkQlZLU,V8BKIkQlZLU.wav,-0.26600536338031605,0.37710644572032304,-0.7075816217287232,-1.3578837724590087,-2.318048931164319,1.3855127814892827,-0.05861403414965236,0.031692688724048165,0.26138416513296314,1.877952757069798,-1.9680991258914775,2.08120402118977,0.6835006647758521,1.0982379644259361,-0.20793665947330883,1.0386130816457917,1.8831837902863224,0.4481859249559156,0.741650306470044,0.2064774782734024,0.9880086871480306,1.1328765843391932,1.225569830519342,1.4913597349472436,1.7500266486551856,0.5916411984764363,0.4173256653775189,0.3568210927334747,1.1673780007374812,0.6977090409271441,0.1339779409619151,0.4947477651442105
B6k8NUCi6Ak,B6k8NUCi6Ak.wav,-0.2626383057472604,-0.015139577403679761,0.15349226588279435,-0.18528731887482877,-0.6562694676886897,-0.6407135107269653,-0.351125763446168,-1.4792564004413866,0.7205741475880502,-0.7725481692081725,0.025910278878440426,-0.973404585904986,0.8916690542623935,0.2778560008842762,-2.3928828683161427,-0.08638148429929758,0.9992064986288306,-0.7289097138391628,0.23716617297192122,-0.4429918155830621,-0.1732607331765781,-0.9341029556245227,-0.6624562226405891,-0.6749377383971288,-1.420163174343988,0.15458515590210617,0.37958642009010446,-0.3673998157361834,-0.6161735310404709,-0.18799890346432518,0.21347407370414068,-0.2882254499551078
2zmRzrnEnOI,2zmRzrnEnOI.wav,-0.5120813610283267,0.24151015469127965,-0.20318606153312604,1.149936182463973,0.7125996726648284,1.295412255297536,1.076086153216567,0.4262314025723772,0.07139636137471257,0.5762229160700416,0.5352461577290837,0.5052509127137543,0.5726572738965348,0.5963223393674512,-0.1511574719594608,2.120756617475928,2.0117599383776965,1.5696473576056376,-1.0744292321970923,1.9955483458187677,1.108076513920695,0.6507703209673967,0.2509213130801873,0.4958052150466012,-0.6756531988004757,-0.11758432253589013,0.39006406277325534,0.17617999763780404,0.716600985104459,1.240510439844592,0.5165690015557171,0.34962238245614685
LF10o6VRdCY,LF10o6VRdCY.wav,-0.815727767696312,0.3395338891642374,1.6033247414101992,2.852126302707765,-0.31545877194521843,0.938813671876922,1.9522498996421775,0.8586304793599051,0.4272278927445311,1.8748613366663147,2.348663918740333,0.3862228819853343,1.598222900167683,0.3566531145046496,0.15209842944848045,2.3491021458542574,1.1654314963299934,-0.16290391833145842,0.6656184996677575,1.7203794660974128,0.4351118777041086,1.0769064634624046,0.4465856808953447,0.17793304364707319,-0.4593248836980519,0.5323880519407267,-0.9736821062335486,-0.4744179077385269,-0.056036663366385416,-0.1300257602295967,-1.264439515227785,0.4310216381816385
g1L42P6rGQY,g1L42P6rGQY.wav,-0.4350982792432704,0.07094938095745014,0.41856673762228486,-1.873349582310452,-1.0659766438530776,-1.6214771603416944,-1.0776383390519744,-1.8761119239935862,-0.2657867209289837,-1.0162238981208966,0.01072906508597419,-1.1609833466645183,-0.1455728037982656,-1.6586357413729538,1.2650771841410817,-1.566284997983716,-0.7781643180440464,-0.4263377165807961,-0.030717338845825913,-1.765331454331965,-0.35694245438888944,-1.2756458376402344,-0.011331243902382828,-1.9984918559520914,0.4888303590381242,-1.7817547862977083,-0.419691241582195,-1.6565957023649707,-0.9293054476998708,-0.24814256968886145,-0.5782832003821166,-1.6227133846784463
QqWB0Ttttq4,QqWB0Ttttq4.wav,0.4635238705545956,-0.3714397659890328,1.6748821783709056,-0.4549429038674674,0.3399158143261808,-0.03921353419311806,2.168515712212394,-0.34883938320214597,0.546763344838674,1.683163654591595,2.1549419366136413,-0.4836037410960671,1.7183640149231727,0.0578710901308194,1.3605202771569964,0.6525290321790469,2.128572004791194,-0.7670465494664781,1.0548762880701972,1.9343894460136266,2.1349372973262137,-0.837426400086241,0.5902973595063477,0.1489388154367029,-0.10710977213167823,1.358748015227535,-1.0310019400682362,-1.2868587153397517,-0.8671660365739654,-0.8473928800342242,-1.0820152362247841,-0.9443183617677183
Omb6foc616g,Omb6foc616g.wav,-0.2914309273445908,0.11364931718166865,-0.3435568240666835,1.007087180649626,0.9109235077810134,1.048533616891439,1.0983528644227938,1.332340485465961,0.15629196943516221,0.6671898364524643,0.03736192606203136,0.46746837498347626,0.4235081222505759,1.0893191098622341,-0.26303835501396206,2.2145351002091402,1.2899876372038415,1.300782430365072,-0.9388089106917514,1.898242213972927,1.1442823799843242,0.47508304256562,0.7945505406745145,0.7598709159693171,-0.8887688851036825,0.4849003704723237,0.44668029820789185,0.4246990951504832,1.2226611550470488,2.099867172365028,0.6214498165688164,0.5396358367292319
7TFyBnSTFqk,7TFyBnSTFqk.wav,0.13511824236928144,-0.06911933544494364,0.9978089671002164,0.5226273109518026,1.0189308257712033,0.6652603930261991,-0.19844611895902434,1.8810690043554894,1.395866436670928,-0.4017059847331075,-0.31115415933438595,0.8522447184396756,-0.12372459542513349,1.1926802369801328,0.8413468891885262,0.8230652208233292,0.6318186786910247,1.3328048191116535,-0.5779831647798734,1.0669911444047473,1.5284045509676585,1.8199557483854936,0.6782180204379616,0.8370642290499803,0.3741415468177943,-0.36008666344756285,-0.7728406592629731,1.1045437059473782,0.31826677356725613,0.09193365777828263,-0.39050228004423454,1.1993874535440967
OkTOV3MERak,OkTOV3MERak.wav,-0.016563175224756616,-0.6119002639069618,1.6830241981711684,-0.8273454848337689,-0.5416041897607496,-1.0249979358313182,-0.05384590552495365,-0.5593537507774188,-1.129471678606532,-0.8334044176026512,-0.45061948535157836,-0.15851849843051152,-0.6416453289957152,-0.6379053685746578,-0.9100378720516653,-0.7705070259270006,-0.6708870670404363,-1.039387081702276,0.011649706077358142,-1.386764463476691,-1.4677339449524642,-0.8115406379503465,-0.8009729150854122,-1.0888547079891568,-0.1797479090460165,-1.1678033019728615,-2.1377875192271967,-2.002251401299026,-1.2271796166475086,-1.1760370834830702,-2.1637400494888035,-1.6181348855781277
Jvzb5jCT-vo,Jvzb5jCT-vo.wav,-0.22698838115253822,-0.22926493568455014,-0.6366909245443223,-0.9854159329089093,-0.04529428576525458,-0.49555498078172544,-1.2711420026833777,-0.36952241550860243,-2.0757401750428652,1.1956982807847318,0.653283179653969,-0.7448922703854968,-0.7961545618716332,-0.4935716957340312,-0.07696154671095469,-0.9890921347485228,-0.7269624995399445,-0.4391105112035493,-0.8455165190440492,-1.0054077093255884,-0.4086979486732236,-0.14870960126544863,-0.5538115422813523,-1.0897472726362405,1.0027512898839785,-0.5154695594713802,0.4828648392314415,0.5946053114084959,-0.6059289053066971,-0.3506234641643777,0.8192612981040904,0.06555290882375432
mp7D5dGTWX0,mp7D5dGTWX0.wav,0.7205558161982201,-0.3062941240618149,0.31223138791664606,-0.40427098157123575,-0.5283684151909441,0.853675740273938,-0.22742530822061918,0.9154913749997022,0.33561616836587943,0.08703314947449213,0.01025347963137424,-0.199643711401185,-0.8449970762336976,0.6412048242202698,0.38990106047642037,-0.03797285899351375,0.6060516311975205,0.5916546005711812,-2.152532784437587,0.48056840714489735,0.6574750736855527,0.5690447587599058,-2.051274259464331,1.382557683914917,-0.09961223146799239,0.0035567774030875183,-0.7442240986572951,-0.17060535695813744,0.5292916451881355,-0.14130118465264377,-0.5321193222592694,0.012086219194136315
wm8D8GrxuM4,wm8D8GrxuM4.wav,-0.5348359039284366,0.2198678063083541,0.5354885173251431,1.3973666154080369,0.3500574181093136,-0.1755200024919536,0.38616388879296704,-0.29218583594540465,1.2861523750164279,-0.34306483461228604,0.0025700334742874325,-0.6422816674868782,0.9929579235873561,-0.02488240650319947,0.4891806175817525,-0.2802395679872128,0.38435817361731983,0.3563980859381498,-1.9820331168909622,0.6789329821331953,-0.8868655083422834,-0.2673590470222837,-0.09677935559351179,0.5184218510958478,0.7257237961468673,-0.31661457291891415,-0.30570838187050586,0.9303276158253657,-1.1933694341610916,-1.1745545386176361,-0.441774172217219,1.041806277804363
rEJhJj0eLm4,rEJhJj0eLm4.wav,0.6685818534533033,-0.28878074601026876,-1.052955733297444,-0.472654122085117,-0.3902699289990083,-0.6279990867018976,-0.18524490956059014,-0.16255171329394252,-0.22738388633306156,-0.7982940005907152,-1.0237219692066426,-0.2600618729108836,0.6473854522427449,-0.39928654786258766,-0.8209677678211107,-0.3400761395718748,-0.5778788469745927,-0.22199021997393378,1.1848113811399634,-0.22868392168678572,-0.4274325345537946,-0.8809749699408987,-0.16625865320247427,-0.5884487211686628,-1.1940104099370983,-0.4056176702856786,1.1351823927062137,0.21985458413265552,0.306966512444449,-0.27173673637906726,1.0696851267832808,-0.08656597803820375
UOIKYvl558w,UOIKYvl558w.wav,-1.0717835676286036,-0.23804635748534683,0.09505956844692896,1.2027550969137901,-0.35098704143918064,1.8609236649440506,-1.4182335953655556,-0.07447073024008585,0.060799877720894055,1.3601211639972601,-0.16369742466858545,0.6175172763637117,0.22248730250282997,-0.09567965603503381,-0.7161389090311403,0.0617156770959834,-0.5002060682069285,-0.21352861175363322,0.33772639978895835,-0.569718346561885,0.06952997290903425,0.20063652059323644,-0.08387437336447319,1.2221505463353022,1.0853571227704994,0.3299261388489627,-0.34782904797679254,2.352991483634954,-0.15617975541691634,-0.0832927580383095,-0.46802123420817454,2.5387323872221312
tlhask6WrMc,tlhask6WrMc.wav,0.25318436713271897,-0.41710470995435206,-0.4320574628580657,-0.42580441879313413,-0.37419516691775445,-0.19522242372369492,-1.06760923302976,0.601815495725512,-1.0894215563450127,0.10135947647690997,-0.40168088863674695,0.05401535064835581,1.2046985956529999,-1.1896560343447433,0.4084354095699481,-0.32291888954598624,0.06997036090940431,-0.8437594240012348,-1.1643298235135784,-1.2615666610687286,-0.09398350979105324,-0.270438031059881,1.4344063636149862,-0.6595067270140573,0.29656403816367294,-0.6544075681846215,0.27468902211579527,0.7448344151168822,-0.16918868738845907,-0.1945295276608879,0.27712511744986645,0.172683429284643
fVEsPruv_Kc,fVEsPruv_Kc.wav,1.208604006518268,-0.5579294608165027,-0.8902028765050569,-0.2988871417849248,-1.5644432193410034,-1.5470067827838807,-0.5763307353752962,-0.8775091492413624,0.4567348518653064,-1.3482682839082367,0.1756938935494309,-0.17529279624156935,-1.5637277747933283,-1.7687577215013823,-0.27581014548505717,-0.8871271153739089,-0.7554754915573276,-0.7664621448001029,-0.19070654223561295,-1.0241875598958858,-0.2008496726868733,-1.1531012438912582,-0.20136619247859894,-0.8266267943072901,1.6641477144286658,-1.0059384657938548,0.04393423383750458,-0.8758618330048458,1.1270182870004015,0.4831826728270918,-0.09593793637678896,-0.9652645720283404
LuZluTCeEkM,LuZluTCeEkM.wav,0.3911642385562042,-0.21622331679886164,-0.6638159157195112,-0.6700467459556331,0.5835237840504572,0.6728489273249867,-0.2253993005782292,-0.03773975139324885,-0.6177543530379705,1.827226910043125,0.43595848019220856,-0.6740780046609272,0.7535342584872383,0.510888322269556,1.4241821781897086,-0.21807101799008488,0.9312075836285131,-0.13274072744937032,-0.033793372676146245,0.06779580036672904,1.18878756220271,0.5790299682000005,-0.20520744037317393,1.1661472966429431,2.380182004125562,-0.5072697642306928,1.2586096771976492,2.1542798495379625,0.5049582215906786,0.08490469228139579,1.4572416524577503,1.2637310190704145
c7rtbTnmnzI,c7rtbTnmnzI.wav,1.3313672321109775,-0.5499265090794295,0.4479841824629134,-0.8514433737069429,-2.178031050141815,-0.4579887835671216,-0.07636981243793699,0.37012317629790453,-0.046164457893858236,-0.30807817712785673,-1.1610812251957394,-0.6521927092186689,1.0895516467916708,-0.554498842074959,-0.946169761317344,-0.4103845091944419,0.4666767378810329,-0.4280494496582935,0.7832118399025944,-1.0535636420101486,-0.8771058585200064,-1.7598864712542888,0.002889402471627783,-0.27587368510621835,-0.9496228081557919,-0.8164249595981546,-0.49727435486385024,-1.7051998946800784,0.7628937261652977,-0.4109509706227718,-0.91096460434287,-1.5060740505403647
mPk4XcB4yjI,mPk4XcB4yjI.wav,-0.6669779665989067,0.3578434933019165,0.23584086507201527,2.0024034234902226,0.10088421509228336,-0.5715755247066352,-0.6353071805252414,-0.20029917749769446,0.5583236565798041,-0.4997037954217937,0.04038342238712439,0.05042759994723498,0.37930142230842545,-0.32981349410481353,-0.8183330936614236,0.5811921979704605,-0.7204053087438073,0.20941982951741203,-1.1332074395733365,0.7335180045648128,0.12961028250841355,-0.2235183623225455,-0.695361421977635,0.9090383460131798,0.6695908560971959,-0.638440494480046,-0.234977594693209,0.9957610013781387,-0.27001182736539503,-0.6006161278745521,0.03251399803305111,1.097396242907482
Fvg9sUgqbXc,Fvg9sUgqbXc.wav,1.8592015822684533,-0.6351921070903247,-1.2828401603222417,-0.41344841919537567,-0.7240003608662475,-1.3191112311141167,0.25064620730114834,-0.704344977255584,0.3661327180481987,-0.943332522336758,0.48972895364674085,-2.3710491754105516,-1.8804331659338798,-0.6772305091551984,-0.1523955563869538,-0.9164864169280108,-0.4616840318932891,-0.8091534998254595,-0.21402214389248578,0.1801372023091519,-1.3814190828931736,-0.8775562529969217,-1.440268269197556,-0.834243385214515,-1.0470895664112985,-0.8426211291217741,1.0623496572749997,-0.8982322590040959,1.5504275202018978,-0.13556709442850204,0.8682600794655632,-0.8696457771266257
a6Mr9sdiAbI,a6Mr9sdiAbI.wav,0.13639825265605707,-0.29725417452673747,1.3118276248409328,-0.49405135659548016,1.0597676726601881,-0.15088051325213742,2.2848327960242214,-0.5125804797489133,0.9854219795860341,1.378041555086449,2.208607566272047,0.010392227332354032,1.6917813385697635,-0.08749619983913326,1.5464409001159172,0.7688150509577535,1.7035115891798938,-0.8412724312182873,0.6419313962790372,2.3846592423150925,1.9672924626952744,-0.6434637765512157,0.7242600106415082,-0.24766961416639877,-0.038712635380600706,0.7198474579655886,-0.9014024797991075,-0.9123327672094709,-1.180148179065251,-0.9944447527111614,-0.652158542373949,-0.8078434475810473
2Y3IjmFERcM,2Y3IjmFERcM.wav,0.07087076611291257,-0.25746220296642597,0.3545361726438479,-1.0622218364448095,-0.6943807652350673,-1.2054985711617618,-0.7921607799532246,-0.5719144212949346,-0.09411902547272064,-1.3792690257130875,-0.9267141587289308,-0.11308026770452079,-0.29301011539150046,-1.2036741287318464,-0.115760592904986,-1.4008358356826733,0.1461134627156665,-0.42582606781601073,0.015370709689126658,-0.9939851431218465,0.007969698075292138,-1.1775592559261772,-0.6708370531151777,-1.2560947629856993,-1.0151277871354716,-0.6669388935167847,-0.26144705490386644,-0.6588635567969516,-0.7563056714188279,-0.6514850689310028,-0.5251260778044444,-0.8441565890456013
5du1Vx0Ed-A,5du1Vx0Ed-A.wav,0.591412443423053,-0.38065159352846273,1.202630044481315,-0.321751961059635,0.5023143187440118,0.0572720562292583,2.3653074846523396,-0.3985389498816849,1.2030208295664115,0.8693315928847163,2.303691193999773,-0.3054903371820503,1.5305060565424038,-0.3565710046634772,1.541135167555049,0.8804849004804219,2.2124574327222897,-0.5865992907929991,1.117679667070833,1.7781646552433383,1.9131938932106944,-0.5380489885595034,0.9455103153846914,-0.042812492636950576,-0.010157713171180775,1.104567242444268,-0.5977539145169992,-1.2043094373823644,-0.5902800860558962,-0.6348990997637408,-0.6468866227274719,-0.8612961433750015
YrZqeJLJzpM,YrZqeJLJzpM.wav,0.5230876427442104,-0.41606448191871137,-0.23731353159666074,-0.4427296589696918,-1.497831338412564,-0.003922889619944809,0.1270198009708716,-0.3871588974559435,-1.342098851901714,0.13621307253430515,-0.32265082468779743,-0.545370395176472,-0.1866616297984576,-0.43326132960037805,-0.9183969173751041,-0.502956706033722,0.3465416625323183,-0.8868175706568611,-2.3161706251088288,-0.008428247540429574,-0.19293299582750953,0.558589757581885,-2.214187472151207,0.4092441596113464,0.6797546830373411,-0.5649699436793187,-0.02138805438379824,0.007603684437914072,-0.2053202425007331,-0.9096287474367781,-0.15808599215300473,-0.07832700979536951
sKXMEhFXpmI,sKXMEhFXpmI.wav,-0.46005122967469664,0.04953166822029671,-0.21986632211570684,0.1400368870952939,-0.7906770326566072,0.4677660178621533,-0.6834370992042866,-0.05590886596824248,-1.3104351889276578,0.7681707431550929,1.236473578952406,-0.43984728771280807,-0.7625587492563478,0.19938299207251875,1.0636080531967205,-0.9030105553595892,-1.9910813468781634,0.5634153360258057,-0.35971525629754825,-0.8999454517918526,0.1028563747729755,-0.6819882518455826,-1.2636522305391962,1.9290143122344796,0.856455666055887,-1.04067316109969,0.20502682948549458,-0.0066372805187424775,0.10961300991242756,0.3348163229918092,0.06631052932114587,0.18601456222171495
5H3GIjHqyZ0,5H3GIjHqyZ0.wav,-0.19386996793293326,-0.1043242653389357,-0.4971960505028244,0.6867976830388247,-0.06718203657938955,0.5875509616169768,0.7828169511705687,1.3477795201080196,0.6181971761591549,0.6036195123374882,-0.14712619367858654,0.5247909158256245,0.3150465445603482,1.269321570800304,0.47750958269769905,0.396239393006264,0.6612686962219986,0.40625678589478276,-1.0156635718676978,1.0637257929564599,-0.29390274272006145,0.0008963534877384073,1.3865515817422587,0.30557620763341764,-1.6907199512880016,1.4613224236141256,0.6351601441323571,-0.06093074576798639,0.3472092266682676,0.9354779831885367,0.4936964548433167,0.31326273783185654
XsC-PNXXv0s,XsC-PNXXv0s.wav,-0.674573324932761,-0.3509157510235935,-0.6086602138888586,-0.18470580173366932,0.6334380658676468,-0.3939050458471635,-0.5494580840881189,-1.4581531493388413,-1.7385910220951972,-0.9028025298990779,-1.8929730764262518,-1.6705660604744568,-1.819238311855257,-1.7541382757424566,-0.4345612183082103,-1.1559850370693774,0.22547179796339556,-1.2683809293968347,-0.31446802463371154,-1.4808611075014586,0.3650498129261279,-0.6452252729812074,0.27557263750352196,-0.5628548149962492,0.8957364328420624,-0.37408317729997576,0.41479749883184913,1.9934032216203756,-1.4235144270778508,-1.5204971824752214,0.6581124641605884,1.1108179098097348
uWoa-gsGtaw,uWoa-gsGtaw.wav,0.21455816444134515,-0.046323745555693505,-1.0055141894831328,-0.36996921587856596,-0.7088879933253946,-0.9457874685318228,-0.27270023516766195,-0.8249725395556995,-0.9814034003750589,0.31123300322770514,0.6477517436226298,-2.6150629520959896,-0.9748022678683373,-0.7459378136258102,0.11091345442259834,-1.6865616975677276,-0.5677087659918358,-0.7932712036315731,-0.5118238530367692,-1.4394690251758562,0.16024242328081356,-1.7117139606531857,-1.068112476269263,-1.4914872701722885,-0.5856406822968694,-1.2824957546775642,1.1365369744270606,-0.9005207263287195,0.371636229019486,0.49672951249364006,1.0383495922020929,-0.855597248852733
WD_oaDjEQMg,WD_oaDjEQMg.wav,-0.8594476372573823,-0.13002658363616776,1.769883870923783,0.5874107328003584,1.6266224445976263,-0.68084089524327,0.9122915513687202,-0.7062229995869725,1.3012740341635012,-0.8220112725842139,0.7907782171448182,-0.48039591382156455,-1.213682346975646,-0.006086286942749605,0.7848584286646819,-1.1867565641881233,-2.2310012170147107,0.30645358641978104,-0.6259844717870444,0.30901242291089615,0.25427772706575075,-1.0339938014298033,0.21531375361626723,-0.48017968244250187,-0.7822552149748088,-0.6364507126911976,-1.9478306670005194,-0.19008956042778277,-1.6528950904509168,-1.0231925044559986,-1.7269360838092211,0.2818760801923548
VaJLgrui7B4,VaJLgrui7B4.wav,-0.8697804371288892,2.512318440664013,-1.2715497804714384,0.514736198065603,-0.9910799744142802,-0.3059957038854056,-0.19395058974945956,-0.17340622106487436,-1.1119540176108424,0.2904085961965873,-0.7197159524005029,0.19169588299088333,-0.07235887898412738,-0.4344141338826483,-1.9831902048972188,0.05568639893123729,0.631263071022077,0.10620063139177187,-0.3454613986382432,-0.6032051262612874,1.0113995735060708,-0.14913246049863807,0.31354559371094193,-0.1919206360524001,-0.1338560203549682,-0.0555384325276359,0.8491190604807484,0.7505295015431769,0.9504402498991817,0.29499476150920223,0.3985482056850724,1.0546815564084855
_p7DIoKVJ1g,_p7DIoKVJ1g.wav,-0.11227154545633813,0.007228831157271734,-0.6888842545414356,0.9158663136442806,0.78452945396154,-0.1744439311447039,-0.4119893876788474,0.67703164577699,0.753167465740708,0.061759673607791964,-0.40212766409195183,0.8725580691053856,-0.7163830302886007,-0.16431095798529122,-0.6242851415366812,1.3800928147099716,-0.49366553510036604,1.018950370253127,0.5580400304627682,0.9881168350665592,0.9415389588199744,0.7910009051923031,-0.9357458911218162,3.3984677933887957,0.1967116121366241,1.699036175489902,0.4012442588282087,1.4279149981380637,-0.40097601665973254,-0.9870998163053716,0.6212132553831123,0.8151285143124135
oeIlwzlLMMA,oeIlwzlLMMA.wav,-0.5203884851262255,-0.40124221004134336,-0.01970060915611294,-0.9289860180776673,0.26606611622949167,-1.2229782558198155,0.5857256338683475,-1.0178046954182796,-0.35388967497686,-1.2007849930182417,-1.991388816232715,-1.0243965660789434,-1.4666672701155554,-0.26222775199276144,0.9631052954762115,-0.28553077137921673,-1.2723291644392876,-0.8403768434467989,-1.1431789041753813,-0.5619923293231711,-1.3591809913486514,-0.26486790335161536,1.969361813440304,-1.304208286473489,1.2496905525277135,-0.8166992569911408,0.035681188571955215,-0.18523292376801906,-1.4880128287390888,-1.172826363610062,0.012484387612472883,-0.5229444748363107
TEcJJ28Z0IQ,TEcJJ28Z0IQ.wav,-0.05212843521920035,-0.12127536280313336,0.665564015273037,0.4600704147400599,0.7568366623234589,1.8189039823274185,-0.5841068709675316,0.622473101647246,-1.161382120685528,1.17353782332848,-0.5940242307140587,2.011787061005347,-0.834885970990326,2.529334064883322,0.06844219487357996,0.5279451438479161,1.0588665512293094,1.086846909511342,0.6895135060288177,1.1205717738340542,-0.6214516759570925,1.8787546425412014,1.1698162198671354,2.1817815502220865,-1.0520443137754376,3.595575314819965,-0.6158270512698738,0.12245077347720672,-0.08106072900092108,-0.4786099710358307,-0.5854992235627867,0.5586001654110223
Dq371RFmbnU,Dq371RFmbnU.wav,1.7274859295615692,-0.6432047619478863,-0.09467927929247255,0.19107942257262847,1.177625522400031,-0.33193313781084505,0.3039619739372566,0.5099566690437023,0.8690263542475746,-0.4799222408310977,1.314206726895706,0.05459470607530545,1.5809890697716709,-0.579801396847328,1.9464145179749524,-0.5460075573947799,-0.466724451661332,1.06938374643776,1.4751735307623526,-0.4255156654403303,-1.0250054998349674,0.03620649862320475,1.0979808497422672,-0.7467274974668024,0.02167053681983104,-0.7443237013620181,0.5013462419792548,0.06084377237959356,2.0571940076938597,2.187946004599041,0.6845713606734488,-0.03579437678434101
kFDVqBqqEnE,kFDVqBqqEnE.wav,0.0035674948385057306,-0.2635823287325079,-0.036848053810528504,-0.6073024735266263,0.822439076603102,-1.1890211959332413,0.5991450958855067,-1.2432116778298619,1.1417854978498108,-0.06576438229722396,0.9503444144128149,-0.5920885469857475,1.4045333169565668,0.21815130833471313,-1.2914132609226505,-0.5369591723783492,-1.193778935583074,0.1752441868472161,1.0797656067545462,-0.5610061954638029,0.42578064972482993,-0.06731030678314263,1.987536861240728,-1.5318872354888813,0.38677397552459425,-0.6583470860356448,0.7229308745958309,-0.08151190396252181,-1.1017373409122304,-0.5474234877287185,0.603624425152045,-0.4578153551054399
n9tg6-ZZuUU,n9tg6-ZZuUU.wav,0.5343400067430983,0.040839987775751034,-1.999380083339211,0.22251183838116478,-0.584272627676365,-0.2682323999700059,-0.4387199835438042,0.25935039279384503,-1.7799517165972272,0.959905215523955,0.4835683585412401,-0.8657371452797238,-1.6697885789804727,0.9561119658583059,0.5009019905023107,-0.3955898439214133,-2.0391985917504107,1.439063892444696,-1.2180430849455612,-0.3634417231006554,0.16851332613435205,0.2301955928751943,-0.5993847604474664,0.2546640355388573,0.9158220688634013,-0.4571782369499134,1.7793654309793456,0.9048569557461515,1.2678410001118037,-0.154867693332315,1.5817772169438127,0.35316715495620443
NMfZ4ePmJks,NMfZ4ePmJks.wav,0.4135558558386568,-0.3949819306529418,-0.09294908431234256,-1.1325202272416146,-0.9623175606736674,-0.5437834412393958,-2.0580781173899836,-0.851716361653914,-0.21001802115390047,-0.2469706857543886,-0.012996695789237522,-0.05221362363157358,-0.6214073099781875,0.9385878505836067,1.8739252146866463,-0.040117784225232773,0.2364683671463131,0.2132920889109515,1.5683561502296774,0.5805804545701428,-0.21754318287237076,-0.2043106928833411,1.5773412188374285,0.009392377985327261,-0.396660325197009,0.698303537209699,-0.8737301800726867,-0.29622102906979414,-0.09341753033643156,0.0036075466723555286,-0.5560685458108056,-0.9031706431419938
Hz00x3FAD1E,Hz00x3FAD1E.wav,1.2131635375245615,-0.3752895910404653,-2.432081725711525,-1.2960336607578962,-1.3359386328709408,0.26413868716884703,-0.2666555620601669,-0.7212930762316251,-1.1317065205483499,0.7003459318811166,0.002725213330389759,-0.5153807651082801,0.3200341311972207,-0.9618798690309609,2.0154313218038364,-0.5168957268003631,0.5559414381013423,0.04395025754696959,1.1901164184511563,-1.4470016014843237,0.3751114949202349,-0.3079225490494097,0.2630161809483356,-0.12791659185489734,1.357157429578144,0.7375222441897528,1.8595225397761102,-0.05232982676796281,2.402018641223623,0.7406868403980221,1.7236657966018827,-0.5510881600998971
aOdaKzE8v-4,aOdaKzE8v-4.wav,0.5431210555135635,-0.3296639513491164,0.6553358532367232,-0.7016352130198237,-0.8536944627568736,-0.8662888981682083,0.0914396593654916,-0.02230307068240208,0.7780920193390881,-1.0702310560274453,-0.26278224225385394,-0.5620839977186713,-0.5781223400892296,-1.3118335064813538,-0.8236468389287082,-0.5224038412766349,0.23920916977798246,-1.0005958309670098,0.5760216345615892,-0.9298320063251468,-0.7521555924672055,-0.38634148126345447,0.7234992970497656,-0.767059607317277,-0.4674224728121952,-0.2129685152086411,-0.15150764725547405,-0.9781432384030064,-0.5813584569618475,-0.8407132034951593,-0.632294846922137,-0.6338480882211542
oea9KJtKejI,oea9KJtKejI.wav,0.4795898101065244,-0.11340276912318055,-1.0127134773329227,-1.0973978292648805,-1.580388244402593,-1.3777525126466008,-0.9715120042150285,-0.62868185480837,-1.4864230923986863,-1.036600725286643,-1.9469041829409581,-1.3567875190547305,-0.648601582565721,-1.3059670072674403,-0.8359619873206315,-1.231817525450884,0.19700894534468708,0.41880587791735296,-0.6691175911488755,-0.7721294499450759,0.9487110167833843,0.33879443545053517,-1.5320694805818347,-0.04624215383416784,1.2663218656287802,-1.0302745654054324,0.5701875009970006,-0.29334825805741366,0.31372093850615906,-0.22268434007700103,0.5161736574960292,-0.7769605835630801
Tiw2yT3P2ys,Tiw2yT3P2ys.wav,0.7574213670477352,-0.4927271974660273,0.06668303269491882,0.0310639914351535,-0.32592071766194325,0.7247853778496988,-0.11967848186547837,1.1116070546541232,0.40162462967166956,0.12291130818440879,-0.6704370641644388,-0.06231482439774657,-0.8285311542239404,0.141676547058858,0.09727227593068863,-0.19579063006774267,0.253474889673803,0.714901086313155,-2.4924529575173153,0.664452673342339,0.4735521496845528,0.7271041469688923,-1.9372624426920435,0.7431943792983686,-0.5580212900756303,-0.2746161438414245,-0.6890794870258906,0.18440054746842563,0.43908744384075804,-0.41135591561079443,-0.38682310363960976,0.2912929638913303
443yrCLHf8s,443yrCLHf8s.wav,0.8824204744499065,-0.5368907671407191,-0.14334132752316536,-1.1130585174526555,-1.1594586973670928,-1.2899650070178386,-0.6781200588658656,-1.1798807994313147,-1.648656928283116,-0.82473779103216,-0.21131486867917937,-0.7621535740476706,-0.008812935463830725,-0.8181279140047234,0.7572607514796331,-1.2443383428076131,-0.7283544383220547,-0.49943706394649123,1.4090920651049545,-0.815093713355437,0.03511517672973713,-1.3897699429798651,0.017254237371478826,-1.2031894295996695,0.442302929825109,-0.9040477461964023,-0.1895587448896232,-1.7903509896375345,-0.06567812874710482,-0.4263634993127154,-0.4403186131912797,-1.6761817820057747
MMROADcKEfg,MMROADcKEfg.wav,-0.02253764410184088,-0.30465343992325356,-1.0227708179604478,-0.45075048815820684,0.07875040495261067,0.2525682633038352,-0.415519379837632,-0.31899534882469444,-0.10118690093783901,-1.046475162137447,-1.6611904705047345,1.056958124382392,-0.7052814349430604,-0.34993362805131284,-0.6079767541990153,-0.7736074516082002,-1.9983407856905504,0.5053791012460375,0.038818082587954744,-0.6635313833422918,-1.211614763034276,0.19026311893367032,0.44754130093670674,0.15165052208979724,-0.018945643439712806,1.2660829267145204,0.07501752497208047,0.17150493218882779,-0.621986447563647,-0.7160343984783113,0.4776634907751545,-0.5932886338947768
mKkXUV343PQ,mKkXUV343PQ.wav,0.2714506514696936,-0.41919248977284296,1.4277976795552998,0.02014562601076728,0.23530058646185661,-1.1868412100560366,0.168575047351662,-0.3500592740078669,1.4113318559847703,-1.0314611720442852,0.41244833410147036,0.07562504471708219,-0.07701441875432179,-0.36866202067147114,0.3881954712899476,0.28155245082673197,0.6606381264976976,-0.31429762146953233,1.3827326834414764,0.03431974092556633,1.3997350981969552,0.45986430148087976,1.3824054920689528,-0.397834759932971,1.412458447192533,0.8384832169068966,-0.7275525232739033,-0.02835537062796923,-1.3334359695856917,-1.305973623909936,-1.0119308530248252,0.034978302169179784
nCSexSgcIuI,nCSexSgcIuI.wav,0.08553379159634267,-0.05812913723932068,-0.8722669546386909,-0.4214113180903604,-0.510947345518006,-0.22086364586251214,-0.008787409617133224,-0.4767224383320175,0.3276770383434171,0.3111343069576032,-0.5294670872077447,-0.2891025298665655,0.694018044148529,0.4395099056622062,-1.3668412911450027,0.18675549648474024,0.24387595188301364,-0.36455856459840597,-0.5828292014458464,0.9948715224762408,0.18670110626989697,-0.38130736768866497,-0.548279311197806,0.8158012239824873,0.5331083010441431,0.00705989670925952,1.1045596952094854,-0.6643357901055404,0.563789252634468,1.6731340018522871,0.9888530121411467,-0.8495086507752296
12ijiSiLuWg,12ijiSiLuWg.wav,1.5161836093382008,-0.6312306358573598,-2.508783308077769,-1.4324800660856518,1.7489758997513443,-0.49812554841252826,-1.2417561489365871,-0.4531998826701502,-1.035059905827302,-0.0662545830390404,-0.12456503050609734,-1.0003748328703883,-2.0384421296506705,-1.1491136192365987,0.45048598065605727,-0.933187554520938,-0.927412547950596,-0.7410967788437551,-0.5865602678323952,-1.0958767534221718,0.19838204466351494,-0.28854171745316626,-1.4429733210891018,-0.25100072563647513,0.28800277255522827,-0.13484937048225656,4.088124258963566,0.5108659265521048,2.1061419991347177,0.5329615400646726,4.05253881903243,-0.266611595084826
gHbzWy-5i3I,gHbzWy-5i3I.wav,0.3970610375413423,-0.6992138365467993,-0.1304451937067754,-0.7005695374458689,0.8228847006711103,0.6392154315947606,-1.0857478431734295,-1.5810799285771129,1.2597029161446016,-0.8827273974042483,-1.2557174329157577,0.1762835911447202,0.7327482631315859,-1.1941964600969595,1.1587707067756607,-0.9900835554930685,-0.461754165272357,-1.380381620946172,0.01702820199815507,-1.3109192569489696,0.10372251794431879,-0.3731237629494801,-0.6550111202739142,0.6630476809420499,1.0867567628125565,-0.004599405257496307,0.5799721258993651,2.495751612884893,0.061747756729714255,0.09870177437323131,1.0406509651991114,1.943943143609587
JKuZhFAf0js,JKuZhFAf0js.wav,0.25250041931035505,-0.23657237041893475,1.9390503914865955,0.3055101893884664,1.377679407669685,0.18863346046688317,1.59197531591343,0.4162784926266213,1.3405141975529646,0.6816589318038783,1.2213694243860749,1.3870131996230581,1.652832638878526,-0.19822922376105667,2.017422175621705,-0.3923040059931393,-0.6465088194503049,1.5076953730499878,1.6979101795548175,-0.32814249897652936,-0.04844446792734371,-0.25082203096654343,2.061405532843148,-0.2240739558514123,1.0213140182006848,-0.3902790997269874,-1.8193826082727076,-0.17105315241016028,0.03726785142158549,0.31470087184634504,-1.5487655644603504,0.19807983465429754
3EFzlN0qSBg,3EFzlN0qSBg.wav,-0.4150042167347584,-0.06620703571471726,-0.5437720808618762,-0.716895756738636,0.06604924355916719,-0.6247961398413124,-0.351418294098521,0.23821308754076317,0.5276262137976337,-0.457904079397918,-0.2120819798164367,-0.23787086761493054,0.22468497345296695,0.3707001561311786,-0.7687721566421,-1.1457408789527712,-1.791952345872368,-0.44585524411527555,-0.361618585894613,-1.154772434054158,-2.281338788912929,-0.8441655082566641,0.2912435307113793,-0.4303567089467971,-0.3380297518731099,-0.6602271221837418,0.41218789190356564,-0.3817491808586448,-0.74250053905854,-0.19425800947539712,0.6553222550557922,-0.8788046343328051
py7Cjd_T0cE,py7Cjd_T0cE.wav,-0.21290240534851543,0.03509597661879041,0.18440303494096294,0.6402031978945661,-0.39707624841207956,1.7361745608266737,-1.3543941065593972,1.9774299702452278,0.32888349468984557,0.1446383576873696,-1.533888085762418,1.046955843053574,0.23141669393212747,1.5098120628600982,-0.7026575480617202,0.3322588772206894,0.2247178152230283,2.1731927652879452,-0.08726107747657003,0.3592118618925381,0.7660671554235108,2.674436125572963,0.028772208170264726,1.2795378241568762,1.0460882992715674,1.639613084079138,-1.4041855404882448,0.12633657662738604,0.5530442110891254,0.8511385770354409,-0.6855482246199641,0.5163897036257039
WwO7FF-8vTU,WwO7FF-8vTU.wav,-0.2016871010272464,-0.2960721110798803,0.004759607276864582,0.537937844298567,0.8193153034888098,0.4429222916192702,0.27689945455320086,-0.2977751944340908,-0.8529939342726077,0.42566441664875176,0.008294352212559392,-0.28049501901080454,1.1354824565642478,-0.36918324552090437,0.36410056228361615,-0.06834023536042887,0.06774450800043554,-0.5992712095283496,0.08889628312789744,-0.19809219079812154,-1.129694193028451,-0.17815616881744137,-1.0395090836982643,0.7018321294437432,0.9798306838414531,-0.8777304180653536,0.5685173486977286,1.2584143608976408,-0.8886980253251887,-0.9892474920737544,0.31053815661219597,0.9471388747913407
mZwLFmBxfiY,mZwLFmBxfiY.wav,0.9847558485382572,-0.5532471956770288,-2.036554245919428,-1.5647641658645415,-0.14845681379602735,-1.2847620506339466,-1.0975450830769151,-1.1406286134928907,-0.19159785293363335,-1.7656016083080954,-0.040733026018400884,-1.055109382894682,0.6188768925343998,-1.3822105156507438,-0.2971078086023699,-1.0546118794078636,-1.0633738471481766,-0.9103909551735853,-0.6317271955512513,-0.9969267091719625,-1.3570288969777626,-0.699063688773912,-0.7871165588624208,-0.8331620477615255,-0.025415518942609367,-0.38314454418799626,2.336879600792311,-0.6551506033158266,0.6440450069615984,1.011365154599502,2.2855204506253823,-1.5715325051546472
RJ-RooJ7t4Q,RJ-RooJ7t4Q.wav,-0.6376622072384277,0.15733057545257922,-0.12855334519527659,0.8960790296203504,0.8345856494182529,1.3898640172093473,0.7044553898306691,0.9047104151976014,0.23663596468548123,0.7438938557191084,0.5999901170390508,1.4050263237461884,1.1477664861397185,0.9421545855538465,-0.18938420969431422,2.2682145035959302,1.4961125838012121,1.1150727137290652,-0.6786500266280067,1.642777723042413,1.0064651629593169,0.6585842074430676,0.49201282647657557,0.5791879351838863,-0.7148456632558897,0.5462058840740923,0.19054587324366312,0.12488257720371118,0.4423326329170082,1.5839764406358932,0.4544996538592978,0.20490812416555954
oOq5jwlZx24,oOq5jwlZx24.wav,0.5729418459664961,-0.37771467689509547,-0.3118339647051577,-1.327208945945532,-2.2089888497640624,0.7514672324002524,-0.7744515673354243,-1.09752264907993,-1.1131608096543513,-0.4113429755745536,-0.3724820543367536,-0.17416465803999456,0.5709444691445096,-0.2258969135451413,0.06371468557564629,-0.3425763698595466,0.946373412371663,0.34239238012158735,0.8645383535683484,-0.3781809792444063,-0.8984039397462819,0.27863370151279465,1.5363489908807073,-0.12328990503906057,-0.09381682596915486,0.49705469608776987,-0.24154482234133387,-1.5493717387245916,0.9411808395311195,1.0636590319505599,-0.5408470876347067,-1.3290751725219947
nSkt6g_9bbc,nSkt6g_9bbc.wav,0.2217363664760735,-0.480536645686896,1.1221456277735422,-0.300695605419462,0.730020977935439,2.3013482610407765,1.3805132685944526,2.0969331851447723,0.7659499363544665,1.8940468420091656,2.7749428133175362,0.8480391542366356,1.6132264505108591,1.468142075719156,0.8374450651364994,1.4996407820135305,1.6047661539789455,1.0292397702831702,1.0585119095633526,0.9248451438607982,3.4823967957318445,1.332062680145162,2.2124141971725546,0.040301347406627525,2.06751595951331,-0.6138959859803497,-0.663377477376775,0.5886248557116887,0.7044145247410217,1.3022374633716138,-0.5440442334333858,0.7234935655224469
K7HH6FHypGE,K7HH6FHypGE.wav,-1.5810191589213853,2.385332481758012,-0.776425690485738,1.9297855841270157,-0.08927958259256395,1.2031940527597778,0.07799377190633473,0.7530338407727358,-0.19751883314092397,1.4354431418968723,0.36353446370573617,0.894584475816665,1.3703456415550483,0.6081575718333485,-1.028279053513213,1.275727234606868,0.42447533598956305,0.4746382611851678,0.298401018370026,1.0752821362494787,-0.2900354423841806,0.7323995506937094,0.5041975525457777,0.9778378199029466,-1.748763780160621,2.435945256946934,-0.37543456892340626,0.18094554075928201,0.3558255919043653,-0.05844355200007906,0.12083452587308838,1.1328624391634474
_LDAnryI0Hw,_LDAnryI0Hw.wav,0.16212399593210303,-0.5261783047293622,0.8170987338452389,-0.42257695852750266,-1.089291033892536,-0.588328117946586,-1.3741691784162111,-1.522954154858153,-1.2706267844224362,-0.39038460324053414,0.0021222141670924404,-0.5462611051259976,-0.7596370128689452,-1.0056596541758467,0.24360534343405635,-1.0425215214512644,0.08965969311996087,-0.990642048469989,-0.31149795696981686,-1.14448066533208,0.20722813422757863,-0.31986290887043567,-1.2035089383594668,-0.23470950253761924,1.399498317816781,-1.1990519200865912,-0.9412422843724496,0.39467322557983614,-0.9957844228193606,-1.1575534864174584,-1.1569086197526772,0.12280228738256774
s5uD0GqsOxg,s5uD0GqsOxg.wav,0.13890439414881534,-0.4824436532956778,0.4968131968292922,-0.14218009925195477,0.024381044253914023,0.3740444352853812,-0.6213415145808231,0.6589062495771146,-0.6151669390221539,-0.3804692138206553,-0.6378106715815359,0.17510786413385135,-0.902164536443958,-0.31237930498293975,-0.9140144354064291,-0.2202403569948577,-0.3182226431172251,0.8267134212626803,-0.4648292052007031,-0.4699319555378708,-0.9222647015713475,-0.17250547061266175,-0.08768201865833254,-0.9932314871239025,-0.6894656829407774,0.9888899872383292,-0.9362817667013952,0.9021875779900104,-0.7941249688575898,-1.3395554442805861,-0.6977336988722922,0.6447496971866428
ekgfKs6q-JI,ekgfKs6q-JI.wav,-0.9548536808053172,0.39257546378700503,0.05554590322278065,1.8062761834130003,1.5421860410607335,0.6644491486817083,1.003191451846762,-0.623044152710959,1.2496506635873386,-1.4840531618164048,-0.9081516268310975,2.4156900112274053,0.4448517243692077,-0.5560133952156633,0.9681253140983485,-0.7783988410019455,-0.10431032092016336,0.052234963993206644,1.0674931699170824,0.37344237805315184,-0.5685469624383006,0.9652136292464091,1.7624468996198381,-1.0836315999279567,0.1558139820080621,-0.2968120537730593,1.2984065057857315,2.1576806871295604,-0.5626153970025332,-0.06577502628826383,0.7456802739203962,2.020981374868393
vt9PikvEQ-M,vt9PikvEQ-M.wav,0.5173936968169692,-0.4039759406484687,1.5035902707930597,-0.4475521785376634,0.531199655613832,0.5804707668281024,1.9574996600329886,-0.503711240999783,0.7424839244087692,1.320833380900206,2.119065964149891,-0.22215499436365316,1.3991912849615695,-0.5125691296308524,1.2242883003441514,0.7682517540944351,1.8859176381355445,-0.7984538690431954,0.8868628021541328,1.784142364776296,1.6324436426907805,-0.9658151780591439,0.5526867668295308,-0.5368675866599647,-0.3940601120051994,0.6057658823961762,-0.764962931620839,-0.5586659188773591,-0.8140876701170104,-0.8226391778065004,-0.7330050957014554,-0.37945149684937324
44lI8jZTz_s,44lI8jZTz_s.wav,-0.13663671092679852,0.29654302776591435,0.7288593484004385,1.8445323698638856,1.106795998191125,0.6955067934019701,1.3490415297794998,2.0413205325647152,-0.6311800728631559,0.16142678433155955,-0.08282109362203882,0.5951257939306408,0.21506090889563226,1.0227433198047045,-1.268042105526921,1.91345758155399,1.5776080489922082,0.7964895935822345,-0.30560813596506387,1.9702756946457716,0.4500765816990105,-0.4835250733173907,-0.3580055953003454,-0.18159047477251306,-0.283187134964806,0.8295817296980134,-0.4045732166235194,0.3860686615911955,0.08792664052976516,0.24217125123897693,-0.4709848122342644,1.101124496680095
j3_Ksxu0fpY,j3_Ksxu0fpY.wav,-0.5464313325029493,0.4841081365862221,-1.7129700773987453,-0.9403012654441119,0.15324236573794664,-0.25505474630605734,-0.47151156124668164,-0.7912164942681159,-0.46583787157719947,-0.7585258418225388,0.434846716432003,0.36767098856759045,0.03542280162439477,0.14512589399221124,0.6168126418244786,-1.2047092928009815,-1.898816793253826,-0.3750327270091065,0.6793701905189348,-0.16584370263519974,0.2805974198046013,-1.3438815081603834,-0.3831776189230332,-0.43168143829844363,0.9511304998916631,-0.5699881167070532,1.6830768600692887,-0.8844999854911922,0.4997417881957323,0.5928087230190591,1.708621336637329,-1.4063542212637148
eU10XXi7dAM,eU10XXi7dAM.wav,-0.3901579129395447,0.03871592476902468,-0.3620775590478144,0.8403531348954325,0.2666755201373399,2.128870641993809,-1.591105360571521,1.8446483470317776,0.45911380940235247,0.4755125302898653,-0.7238590159103354,0.7429594051058696,0.16593940886615832,1.813623380782003,-0.672181213921741,0.5444315955748714,0.2547425766713994,1.7503241012838782,0.4311682746643691,0.5282051779822873,0.4912960825225382,1.8600532853810163,0.044906053616937766,0.8522486722406915,1.2297133626558863,0.9545650378316252,-0.30537344738192446,1.9016967267601794,0.3979722017364819,0.6849906707482972,0.38170550859230784,1.8320602926200393
8zUOqiTJsSY,8zUOqiTJsSY.wav,-0.38315021904847285,-0.3149147809547946,1.0682682588147918,-0.28500137246982643,-0.8421422838886623,-0.1522984053303175,0.47271809856486463,-0.692303130285144,-1.6808102455388707,0.348278711702857,0.8687883848775707,-0.8065973105625999,-0.7767740832033507,-1.155443995141184,-0.08309247614724831,-0.9054425570345045,-1.3056253460160236,-1.0972737794683938,-0.7984640489034693,-1.7011476721850352,-0.8216930939428292,-0.7285304869139927,-2.310698903026567,-1.241476759973933,0.06166956650615566,-1.0212694343204072,-1.298989530899999,-0.11120886625772344,-1.1743993462688889,-0.8392524275099299,-1.46088028378889,-0.21356550042192615
WANOk2E9w2Y,WANOk2E9w2Y.wav,0.35577929848414763,-0.3673640542843609,0.915063613251514,-0.9044085601567011,0.45431457690977506,-0.9105370271346896,0.09816576464620162,-1.4073305072278735,0.3894278989817445,-0.08846726045286474,0.3680774550124352,-1.9361803958258534,-1.3965894650456827,-0.2766622752599807,-1.2325604099106104,-0.1496108946970095,1.8089561743753468,-0.20452965251918082,0.22163270864915682,0.1674862075711174,-0.15749546339425574,-0.5776797062308638,0.23994196064723158,-0.9438403177798416,0.5062849991026026,-0.9330581176042272,-0.5579976156202076,-0.5114288017923304,-0.8033144158850254,0.44127185894843657,-0.3418252869725936,-0.8554987136063851
2-7U8bLjlJE,2-7U8bLjlJE.wav,1.0359954993887022,-0.6694970982687736,-0.14341866036494216,-0.7076380145846909,-0.8325975805842151,-1.4207205296290095,-0.6268118677952225,-1.1158633961793232,3.188689270920363,-1.4366864099962329,0.6512731376682029,0.5241314789571482,-1.924678276573757,-0.18147294047381046,-0.8620013728024981,-1.2686414768657395,-1.2706950808566984,0.059733390431066236,-0.7597961868131403,-1.0141663101497609,0.3593210389156342,-1.4099382229425665,-1.3120322555988537,-0.9217962964754163,-0.7095721396679625,-1.2556597984885445,-0.18141735724404062,-1.282702142821212,0.19705459405188078,-0.015775896053124402,-0.18174379377330233,-0.9722863823325878
l1wHvPibOUo,l1wHvPibOUo.wav,0.8810387617370335,-0.11980204376843293,0.010717542492847837,-0.6267840365778019,-0.33626797251452406,-1.0391290662252457,0.6063570314584483,-0.4539482300855571,-0.048629498055763776,-0.48736027255180486,-0.16549557335175671,-1.2915401895310068,-0.22439003061641014,-0.5569502155490798,-0.36476479044894317,-0.18657623892477215,0.7709512859540059,-0.615655538868547,-1.709310956880617,0.40549424956304303,0.31176624444832607,-0.8472187726182265,1.6866390871233443,-0.6296597253470075,-2.2051068871522723,0.7947796707099833,0.38671076938702736,-0.9592617294847822,0.17449727037186358,0.028829743448565013,0.17580566049734142,-0.7974537971996023
vsMqvHqnRUs,vsMqvHqnRUs.wav,0.5487561335558098,-0.6198781118581577,2.31861024159723,-0.26434636300904757,-1.7209990014204906,-0.5435924291096695,-0.2887672464963073,-0.0048054492309445125,1.3164847555958348,-1.0256181509961744,-0.8559158844151181,-1.0017933719447956,-1.212528351356054,-1.4156399652181226,0.2600167385748275,-0.28481857591366677,0.0533174756261684,-2.1711803106757213,1.1626434544130906,-0.9815641641675169,-0.4452577312386705,-0.6829361165754272,0.5882185363799328,-1.2634762979720595,-0.7799417855117378,-0.7630883744600984,-1.4282878151740075,-1.330045855783333,-0.6974801313716663,-1.1160189511784722,-2.22790559477633,-0.5273714899173371
ghfHQ9S4PRI,ghfHQ9S4PRI.wav,-1.6117942929173927,2.4246457067255656,-0.33573904933306187,2.3829789984244427,0.310680822829546,1.0673864295906303,0.176345161363039,0.694174767848144,-0.22089592889684212,1.5990784177533865,0.2623830376334441,0.5093372781815603,1.1520780469690255,0.9164007659270192,-1.3558734375664745,1.506119915685555,0.04038489440649939,0.7416936648803034,0.1548816388031874,1.319834121233651,-0.6419957062209705,1.1070410302745224,0.6487324364996548,0.8052281005225961,-1.9498055570948392,2.2062449430424684,-0.7138471516920037,0.6022787970086494,0.16285033963674003,-0.2516799458194147,-0.2015970801504841,1.5977645413262644
-jv9RdFCTSc,-jv9RdFCTSc.wav,1.026837294057861,-0.49991692257510023,-1.0705255205345041,-1.326341481735257,0.416769762672659,-0.8900665363081043,-0.3499572577513961,-1.3303779119614298,0.5815430140246624,-0.9619349965761025,-1.3942286981727183,-0.5910000962761074,-0.04686570611815852,-1.1202885342505098,-0.270189857678772,-1.2310835891802872,0.6174137979116796,-1.3514145835791946,1.0077089712603633,-1.212181546929496,-0.092707467713128,-1.0895653362173865,-0.011523277313170668,-1.2535169249340048,-0.4533827534410716,-1.4652079036181265,1.297830498211606,-0.37192155402869814,0.5542617449445904,1.1926897524976885,1.5918107218524538,-1.2033953090517215
Ky65j5kZ72I,Ky65j5kZ72I.wav,-0.10181591354402698,-0.00962071005316488,0.22455166011796782,0.7623477338507193,0.6830486029478668,1.1145266093165873,1.0529718979283946,1.5641416719729186,-0.06786936675083216,0.5939853413073349,-0.32231474789922837,0.6873403735841932,0.41782651043616725,0.792139018658299,-0.819752503191923,2.083974387287976,1.447095711965808,1.9898185991975543,-1.053092218371976,1.4696556681569155,1.2997009706570404,0.45765204457946534,0.5924378398520564,0.9094752960472521,-1.2356116845041158,0.4366160937499219,-0.21562413470265437,0.030446890779011863,0.6349701495235871,1.4437851126401537,0.07342933277645795,0.26110973148447697
-LeIIjOMP-c,-LeIIjOMP-c.wav,0.4080440207792682,-0.5451744638767685,0.0794186926198026,-0.9142037326025871,-0.572650819400818,0.6077862105239001,-0.24644418148177974,-0.36853278555558333,-0.8209530708033127,-0.14436735417685412,-1.5165216171075413,0.9928979035695564,-0.1659863509998781,-0.1308924667621311,-0.38378188031608934,-0.6062634010477708,-0.6480253938034877,-0.014227618181918809,0.43646665039337,-0.45145773883710516,-0.2213651625121216,0.6021701811985365,-0.6186276753578399,0.87583217238747,0.8385211972436719,0.1543274582997854,-0.6188132525456492,0.1972620170031806,-0.42938815838983463,-0.9381791090202829,-0.5405507832888045,-0.03857197552649608
JFPb8HaO1dc,JFPb8HaO1dc.wav,-5.012771852263929,5.432436084298025,-0.5617640348944724,1.9926866990676886,-1.1578703433030146,2.8222406055225058,0.13760867791156625,0.3036578496091435,-0.9054998305374061,2.471632241134659,1.1556677228542047,1.5376624366252747,0.15003062017481636,2.1384570204131923,0.9087884028904771,1.3158832643279288,-0.554091449875121,0.6446797960394971,-0.5574109622281849,0.9747944442408897,1.1858281977333451,1.5556982554198744,-1.5588203227767974,2.5960532984622597,2.3938232847701038,2.0552196408740477,-1.0062494072288692,1.6384240512921417,1.178982018183418,1.0745100348306122,-1.1233342234195274,3.393198934447078
t9n-exQFWKA,t9n-exQFWKA.wav,1.2758269757985703,-0.276703989884511,-0.1442002028065287,0.4453287064140657,1.3466638298853302,-0.4125081285129418,0.4099318113268152,0.07721648019290164,1.004589225451963,0.0727233704566776,0.8891995545896899,0.4157583551939748,1.1613041234901489,0.0522284109342678,1.6265399595286614,-0.29238529956737663,-0.5770803196387971,1.3477610163872467,1.63302437728918,0.04139978622223871,-0.6373108304700456,1.3424198525502191,1.5521664898130558,-0.08416978098343478,0.8841651986346306,-0.02081133603920563,0.37764362890209907,0.17478327294412171,1.6854749652598615,2.3497168627018667,0.6457127272578927,0.15642904836674548
EwiLP83ZHvo,EwiLP83ZHvo.wav,0.5989986559934705,-0.6703735812788617,0.3590193417534162,-0.9611206720476566,-0.748600089166959,-1.0092074251208336,-1.067416185564583,-0.8905236107112128,-0.58609775608345,-1.5758532507443923,-0.9643417159996829,-0.12673874854960457,-0.64719263724031,-0.6961275941282122,-0.24665530945537448,-1.488878217564153,0.7281663407115466,-0.13580709897360055,-0.17484367973691592,-0.3021312985720245,-0.20156304586853419,0.001456141409968745,0.45076978968682996,-1.147084562576506,-0.4894046594292194,-0.2280258115988028,-0.4851878486647109,-0.41529089122406254,-0.7671763791465133,-0.7181781444159372,-0.5036103410757862,-0.6509800977749611
TM4xVtOQUvA,TM4xVtOQUvA.wav,-0.29443751250385913,0.08558266562931117,-0.19382972225174724,0.666718153590347,0.671783118071491,1.4695354573515658,0.6853431274431359,1.2480346374710365,-0.041628433577424816,0.8746611731689748,-0.1667213860213154,0.6618142988260725,0.7123966464906151,0.9414367302527328,-0.5078353897200324,2.176523047384003,1.4932445876123537,1.5117804693895411,-0.8565207582543958,1.0500098507630775,0.817444074094899,0.5053680997890481,0.8531972315910047,1.0120892092692295,-0.7781690936459967,0.45015624967316475,0.1909810207032021,0.19018978978619883,0.5398550745718234,0.8759026325625127,0.46193937516210154,0.30334987692601706
vrgNuEsFdkI,vrgNuEsFdkI.wav,-0.7290052659574654,-0.3245218915423035,-0.17506096569052537,-0.625015777889856,0.029253314642531832,1.194426917400399,-1.6967707675690504,-0.24118174657125638,-1.7962994070674123,-0.6853743156290854,-2.8909007069025052,0.3458585314535247,-1.672741342292246,-0.045356349376431786,-0.2506836899553759,0.4730875614338469,0.6151103387745701,-0.613871241287324,0.3102024686601226,-0.6893168309750516,-0.7616832030215447,0.025009350596175848,0.15092037703322517,0.02544235467727036,1.0494033309829427,1.2823310032984996,-0.5975724648696441,1.4864600594820674,-0.7177053180147656,-0.2347739258206712,-0.008698588576160368,1.2082553399416092
tfp5uTB4T-k,tfp5uTB4T-k.wav,-0.7603373887916108,-0.2778269011947143,1.5605968144493527,1.0522405033258746,1.686109896276845,-0.40755733343436024,0.6842282181047865,-0.4557494380728302,1.2213966608659184,-0.8670844401821852,1.1010203500153595,-0.5475733001914447,-0.799939471012615,-0.1690701112448556,0.9519256252997713,-1.3121967395389385,-1.6348183516485533,-0.45506693037534846,-0.315910000229498,-0.4950709539670253,-0.457221142687753,-0.9190204315958764,0.15451474032359647,-0.314145872399122,-0.6199210603349949,-0.8180936600410603,-1.5219152243922,0.47287744214309074,-1.7484458897134207,-1.2545904055767017,-1.4248665442388864,0.8420915882261326
gMIENROmamU,gMIENROmamU.wav,1.1723537285744832,-0.43127819890458036,-2.6299469821156842,0.10753936777226189,-1.5759410307792774,1.1275286938511624,-0.8549812179235325,0.0463407640150049,-1.7894376965866148,0.8002949734728387,0.2021667130113771,0.8316384097126897,-0.0723065191177936,0.4633195001549855,0.6962109254745396,-0.3674257910020111,-0.4354323618333036,0.3366326029216432,0.4755851324741495,-0.43715374862102846,0.018201240058585096,-0.039405423052028696,0.34103176992197975,0.2873881529715747,1.503439704096958,0.7686992686344697,1.561337909624772,0.543629256250184,2.9956262655539043,0.6567381620609303,1.4824449037172749,0.4710836147266081
Mqk_j_248MU,Mqk_j_248MU.wav,-0.228300914793507,-0.07595110370435078,0.23652514905242747,-0.6853191673390626,-0.1411074903442256,-0.8708610257680783,-0.41500849783015054,-0.6269404149120005,-0.14474471256836186,-0.44495474324966994,-0.27018960771799166,-0.7425629694110312,-0.10536052175296605,-1.2429093139217287,-0.674335787397441,-0.33700063006400033,0.05032037139023645,-0.7960606164967929,0.1845333453271228,-0.5878421244475424,-0.6936839566855786,-1.0554375690950488,-0.23849941091983407,-0.9720380321594753,-1.022559785864498,-0.6665097265862144,-0.4759137362941359,-1.1465707293908367,-0.9757468469896399,-0.9071189990386448,-0.25491509576354493,-1.2649638693228655
Ybff0l10lPg,Ybff0l10lPg.wav,0.057527155060892295,-0.1531155736419363,-0.3941197382431895,1.3294944440490641,0.7942455821313009,1.3989496857066266,1.2550493610663636,1.6315900978666449,-0.021433814193174337,1.1250849269770846,-0.3350968789495577,1.218444728365279,0.9981020489759774,1.3121612742949313,-0.9342781970992162,2.8067782368558674,1.507508245066213,2.6663706219010033,-1.025003236193116,1.72074226327321,0.5963139604479655,1.4164202601205091,0.9057889649847651,1.014625066850369,-1.0189348593601033,1.1275098253052815,0.5647545201293753,0.39786039351604613,0.8696365265752968,1.2379741175860366,0.6756870714819622,0.573032718425093
uV-uNp0XPrg,uV-uNp0XPrg.wav,0.0026201238030106994,-0.3961334404265048,2.4263833356639974,-0.23515487110301084,-0.5302693776455771,-1.4126121351690573,1.0086895538605158,-0.8147553327939123,-0.4062407961738348,-0.9924577674110551,2.071253856182818,-1.1256456184918473,-1.1917762018675828,-0.962665365950119,1.5768936732489456,-0.9777683018071708,-0.5903760389506906,-1.3212966742227668,3.4502183736094354,-0.30012834257673415,0.4172627551885403,-0.5619885302951322,-0.6259352612221083,0.1684104188160694,-1.6424494443157835,-0.8002247967564263,-1.4631794847893653,-1.2427257167758536,-1.3437950163847505,-1.0120795069873205,-2.2395153653406594,-1.1341243072712441
NmsY4drnh6k,NmsY4drnh6k.wav,0.37213129507399,-0.2678286130191115,0.8219770241804654,0.7332393392326866,1.513471716424321,0.6093870286828197,1.9157773542433747,1.0341604936268827,1.4614557567061603,1.1435413627856812,1.2388262563458998,2.124528967930088,1.8152988066286035,0.2730515361387408,2.426113822076657,0.08352463896299125,-0.5588568075398506,2.856597029925306,2.0747942367838714,-0.1407029571715769,0.1058745859990228,0.6604451208163447,2.6345802019607736,0.015461319497898317,1.6687342916320829,-0.5747892293879087,-0.6870851260729737,0.4823662827697982,0.2876686745576807,0.4114527547217634,-0.4045225568957003,0.5733359512466796
7MyBKguWNyQ,7MyBKguWNyQ.wav,-4.6183753140413435,5.179126136136435,0.5529498309975087,1.85409461429311,0.11989142288984231,0.3867141631940631,1.7020979531476736,0.6921391249249832,0.21925582062586568,1.3181839505181379,1.1989802342812792,0.5713022415198452,2.080817308961886,-0.1520782150452791,-0.3815674275367007,0.9229607661042151,0.8882528438007006,0.03783516886875287,0.55821128745647,0.349917712523173,0.7598132558455764,0.1432246905761896,0.8922273714309029,-0.14564461151655872,-0.8506045879488316,3.0082986323487164,-1.2929866803010674,-0.24787188202208948,0.22073130963593307,0.1877035679253149,-1.3599277586850866,1.9028703038318702
jLkKo9o-jcY,jLkKo9o-jcY.wav,-0.09997089496642782,-0.31823170320761013,-0.04962148256771944,0.7194181735183564,0.6533823128849541,-0.39381766785913985,0.16409032186132702,0.32470134325139,-0.4853195797305493,-1.2924201389762418,0.255444100511672,-1.125833198271645,-0.5207777633255664,-1.1001631614046732,0.46084559119335483,-0.8460250376844921,-0.9518982977319446,-0.37561446610585947,0.04727279233915823,-0.7880389044592013,-1.552593863480196,-1.0095884755487574,-0.9080154264843382,-0.9871661525756864,-2.279258198198906,-0.04423074276261773,0.09141808445740209,0.6294329513970893,-0.9681796254995455,-1.130635254341581,0.025300552042533286,0.3213435277615023
Wks4MiNTE-Q,Wks4MiNTE-Q.wav,0.013719330243013337,-0.3491008223616247,-1.2584907512715875,-0.2565304040175884,-1.292135003762813,1.2263775039113816,-0.34532277266661177,1.1414137602868775,-0.15343648883758548,0.4610848106287775,-0.3914214200132843,0.02338289763029647,0.8947173655410661,1.293818998308345,-0.7934150594989429,0.7150224750920975,0.358648709160478,0.5486673009238162,-1.0208137826660524,0.15121761091047647,-1.8497037863410775,0.6562905693372193,-0.3877124920346548,-0.8394121337153021,0.18734613130577357,0.23886516281855105,0.99416602589835,0.6626441439027473,1.3055400187864294,1.9878242980365168,0.9065134243228113,0.721529887683982
JvDeMrc6c6k,JvDeMrc6c6k.wav,-0.863499531268969,0.17854633351688073,-0.6290517062800419,3.013767218974291,-0.6255663358715629,2.378594189215636,-0.43834725541977937,2.600571272172305,-1.4046188156119312,2.2105791136489845,0.6942115824752998,2.4162785055242777,1.1127476411796589,2.713077336482932,-1.468168378340506,1.5698114413292614,0.16177199553756894,1.2244548167260816,-0.6339605473024963,1.6012485308959168,-0.11879774349896997,1.5546872287531777,-1.2732551017213396,1.821147278116749,0.8040553608540636,0.5027565397815899,0.42418129846999236,1.1293191068646142,0.46902265742884264,0.2740826056496235,0.22818876891604595,1.8250574354636397
IuzK04m-Px4,IuzK04m-Px4.wav,-1.8116841258927645,1.2873764306446513,-0.6595011871312246,1.5909589006694704,2.641573358891714,1.503495838264004,0.8319475385521719,2.058389966287491,0.14812294649361823,1.399887267589602,-1.3222553391999499,3.8701102685279225,-2.458706836985714,3.1732540952641832,-0.09817501669817179,1.5580882151263165,0.1736558380272638,1.9964900154189364,0.19346323900454837,1.1325780086805206,1.0840428841098344,2.3861565074144826,2.7086798878786187,2.779680109983002,0.5247699134619926,1.3045562750862536,-0.09631204276129336,1.6295192345190792,0.12787621167479224,1.2437568334713498,0.4296399316854574,1.654982809265067
fs1M94c5AI4,fs1M94c5AI4.wav,-0.006435829540749505,-0.19529605227923066,-0.04828708741174223,-0.17350225044699552,-0.10283183394091683,-0.9561052463787233,-1.0756384745614542,-0.684842962160207,-0.22468463362867516,-1.6440343797709103,-0.9535206634768366,0.5194355825228577,0.14422891579290492,-0.8272278315953226,-0.457803381248152,-0.8779323123817339,-1.4303741072121128,-0.8057556833884483,-0.9874916529406147,-1.1772920437848629,-0.05774518136554226,-0.428723506825004,-0.21070076539818333,-1.1998826419697624,-0.35190294121541354,-0.13701896469907718,-0.3353344327348448,0.2679372864816765,-0.7589180104766475,-1.133084343237189,-0.06553158780899172,-0.2992216148296025
_D8YJ6opZYU,_D8YJ6opZYU.wav,0.9694363523753327,-0.45610335230065485,-0.8140676518825506,-1.5132249400854196,-1.2697373889592638,-0.06860750365823111,0.0874729133402475,-0.10168931361547288,-2.067689954646075,1.1253019930187769,0.7795424400385697,0.320118622310637,-1.6151837620164902,0.06427045008100353,0.5442057562918597,-0.582645428679698,-0.2748533366820518,-0.3156397654810052,-0.0393082453327376,-0.6766952156031772,-0.21089358561011348,0.8672748602512821,-1.1727843089499168,0.3802246402617634,1.5291957234728701,-1.018072266024893,0.5674463487793587,-0.841920771385134,0.6977355419226369,-0.034088341270835196,0.3789399888546097,-1.2719686845301235
noVNEeU5CS8,noVNEeU5CS8.wav,0.1799734944765738,-0.4037233935940367,-0.3894069925417667,0.19723465209685626,0.586804672745322,-1.109115844822406,0.24755462278133616,-0.6993811568481997,-0.06945318007941918,-1.5021600882166752,0.39291874004811633,-1.2878019452998402,0.21384332149311436,-1.4981013847115388,0.46376349674843703,-1.484708376847168,-0.784579211678185,-0.9591184363905667,0.19637831550504703,-1.661221635166155,-0.599911301134127,-1.5394567507265373,-0.3914264598083434,-1.7637154052012538,-0.24172457759363475,-1.8080243139631211,0.46990183573974614,-0.49047936173644624,-0.3580760764638461,0.45999930728778204,0.41807837806657305,-0.6835263330529164
VsjrZDMAOi0,VsjrZDMAOi0.wav,-0.0040896215946210485,-0.5230179910442249,-0.27214448835830213,-1.6236472186451518,0.33114617894880194,0.25252117082548964,0.2788601914882485,-0.9630234628728291,-1.6426302120868164,0.9144342199811556,-0.4492024669766766,0.06518208170021039,0.5579136340390464,-0.9726823046814982,-1.0585041952543977,-0.04521192912489386,0.9816990154968945,-1.093691513694638,0.24354235727469317,-1.322777014722539,-0.008818633378306384,-0.12630549832475016,0.23512739053608736,-1.5466932932538302,0.44583322558216776,-0.9774439959442403,0.5642966214017274,0.26391505534439014,-0.7524582106380294,0.09649268245563898,0.47045725696653123,-0.8930001280915596
_-FqHYWq-kI,_-FqHYWq-kI.wav,-0.30531796942239975,-0.176712426095016,0.8060570122467682,-0.32407333713401265,-0.45639288214501905,-1.6807584904465311,-1.0224254236473806,-0.5066505550387284,0.057059508804166804,-1.4270321270385928,-0.9760748060172274,0.21732240284808935,-0.6814611954760087,-0.9996551316563141,-0.25317934181825236,-1.1934016118127484,1.2184255818999956,-0.6747459750587735,-1.6683991904496243,-0.266195530373339,-0.6758326659560723,-0.49488893736592837,1.253780898074833,-0.7667619241544026,-1.7669005473398602,0.15650631378417434,-0.5940061395884797,-0.9548596437713376,-1.2249984553192423,-0.774409377203763,-0.7223878956864422,-1.0060314756772744
AJnkF4zA-VA,AJnkF4zA-VA.wav,-0.8008177745011764,0.01958536350703057,0.5170136105408172,-1.1831394979723457,-0.6451863820412691,-0.5466245126717713,-0.20084292666034595,-1.488881702427129,0.06907564766777574,-0.11795501087757407,0.46847783350596894,0.25264572451833156,0.397707139319754,0.026813549195902345,1.5014170474070125,-0.24476247153435335,0.6547276576711029,0.1205267679278821,0.35811696760820194,-0.36912580231980213,1.790306651607537,-1.1001745013655615,0.11611290963559422,1.1510776421140705,1.412891302061017,-1.1156070409715362,-0.49182554941433604,-0.7932561548246883,-0.8935873820959405,0.2660902484187779,-0.40917693755038825,-0.7799899573124331
eoPW7J3ZJIU,eoPW7J3ZJIU.wav,1.2999920094662218,-0.7966226001363272,-0.9423306432095065,-1.1765727414041944,-2.285521584482494,-1.0062214205071507,-1.8940895842820533,-1.4945472690553143,-2.49328286752809,-1.0275534113785247,-1.1870666523870865,-0.3715811545012487,0.7523465956091601,-1.0955664372427782,0.9323651993312116,-1.2655106798361029,1.0287170425357532,-1.7933897570707495,0.27052384145565994,-1.577913920239199,1.4350192530232506,-1.456561736717235,0.4171057769702448,-1.707854208008023,1.346916715937568,-1.8097571702667816,-0.2173097899364945,-0.6049595294241135,0.6189496214172154,-0.34360533202884747,-0.26336482411928624,-0.9410441743513122
cJdnprSg_1M,cJdnprSg_1M.wav,-0.12935914461930836,-0.20937952570326407,-1.3125758266979612,1.2191126634898146,-1.6219171917807422,2.149615891222141,2.0801741737929524,1.8008368321910988,-2.8986994957301953,1.5871042758178748,0.37079441336353863,-0.7879808592254933,-1.8103249153090741,0.5563755702514396,-1.8448588499746936,1.0789129044974781,0.5332404913612122,0.5995940090990979,-1.4557736734951698,-0.46529005293690373,0.3499524401337293,1.4370057100622575,0.19098080147052052,-0.12210525357464763,0.7529954970034214,-0.3341830693124336,0.8517669014512359,-0.9542340306968033,2.075399942204609,2.3857621304014,0.39140918273468517,-0.5364870451225646
YIlPJdJgAo4,YIlPJdJgAo4.wav,-0.21088625070436764,-0.044157314988859636,-0.004698416549765571,0.9810043805004448,0.1328036615643875,1.5621248016173468,-1.434782204969202,2.979879419022928,0.38268101742520405,0.6942816304457429,-1.2811789814879855,1.3934031314521764,-0.14074902525922436,1.8754563045320616,-0.6822111211479115,0.38959995171635275,-0.01854862340045281,1.38504069070057,0.1942319424965032,0.42727689280698505,0.7630412145870437,1.9477325674728503,0.1511306498265404,0.6909665906962228,0.9222553024732623,1.1861196097240363,-1.014861664350567,0.8679196696762341,0.4485756649608261,0.7081491107928021,-0.3273927928630638,1.1004037926803185
DoVerWLfpZs,DoVerWLfpZs.wav,0.20343722107541967,-0.5283093175195799,0.772696396994482,-0.5529235081287401,-1.5198578926039394,0.12970741930046908,-0.710612616719264,-0.7005443970898801,-0.8450517656771639,-0.397879834762347,-0.5522580047660934,-0.8102189253265601,-0.5807504228393836,0.008302142598784106,-0.41024063667201405,-0.9320596052067054,-0.4286295678248341,-0.9153523090464497,-0.8834361597392671,-1.2208820790603623,-0.0995833604895575,-0.6569684986274312,-0.24955957409869717,-0.9409606334602284,-0.0030675082353666164,-0.8698789947267229,-1.139848521147352,-0.4781587044484179,-0.6942222002753071,-0.6894740483288347,-1.2119123229059652,-0.5172947282729768
fDJpEqqhhd4,fDJpEqqhhd4.wav,0.3105503218998594,-0.3144183957933153,1.6249978260637186,-0.7744454793482449,0.5808611437206831,-0.14227830050795803,2.2127482782197414,-0.4099547961169213,0.7824436499990922,1.3289662356585101,2.0042540625056056,-0.4336699932819525,2.2415930448130035,-0.23605720003283806,1.2025532764468825,0.7010729976894852,1.8642448521233652,-0.8844457604552942,0.9321619877453359,2.294118530995138,2.0562498901068875,-1.1363287112398688,0.8322762001899884,-0.16405687864093796,-0.14379188289874711,0.5495974054515509,-1.0515247025981855,-1.2675536582573692,-1.0534934281042236,-0.9810516684605876,-0.9576284870918591,-1.0915345754177974
S5cHNgIMJxA,S5cHNgIMJxA.wav,-0.3505456470277422,0.2991352301209455,-0.7402333364660098,1.8738806586613708,1.190976935750389,1.4916409957849497,-0.22990594404602363,1.4846372011050366,0.3264856548616166,0.8085787692116952,-1.5416179410035118,2.1016595205420465,0.42704775228989006,1.4661711673528683,-0.32362768032201467,1.2259731696344305,-0.6596704244020046,0.8599800875864314,0.9257777423497372,3.071128001441162,0.9933097312718617,0.8424489459036858,1.8090728717705786,2.0072194732277824,-1.4779276027078434,2.7667350534921376,1.0418012508822547,1.438180317907302,0.5500389126556122,0.9450611064550047,1.0223406330414488,1.607872055040246
vWI54OyP7WI,vWI54OyP7WI.wav,-0.08152801362710071,-0.18318706302968166,0.4364687124052902,0.6925776031111386,0.4432152050717954,-0.7159652612663936,0.2792132963548477,-0.6418619345180214,-0.3657015802261755,0.2035082956183054,0.6441109462354222,-1.1668806850629447,-0.39833560125134454,1.0666089466343367,-0.869083498495826,-0.060077273183345464,-0.885051323574093,-0.5213819539558268,0.5071795154027602,-0.30351017877020264,-1.6311094466345297,0.111627983579138,-0.4442509339425355,0.07610875767443437,0.4584822776121009,-0.9206054054154772,-0.5644505726248152,0.1684714264217145,-0.9085049183413073,-1.0796321818335899,-0.5778707689873541,0.10851562653691263
ffSZRAfeh_w,ffSZRAfeh_w.wav,0.024537266048387223,-0.1234054646226279,-0.49858124381145735,1.1335381058160505,0.8693971181860587,1.5319557776374553,1.0833947391959389,1.723296845196171,0.09124813920133479,1.3016614248430363,-0.4465301998339994,1.5825088304790662,0.8248246919545372,1.283037851297837,-0.6484580330659485,2.593076611781959,1.0439451298450975,2.2752513055335544,-0.9190313170495228,1.5610437255060476,0.5773744117411016,1.4833180592626276,0.6823037251226565,1.257655127207935,-1.0398601422965723,0.9550746199424006,0.422233632673085,0.4729640512196326,0.972075129918508,1.5995993894032323,0.7068696770025211,0.5498905146602623
RXx4yl2ouXc,RXx4yl2ouXc.wav,-4.340477222446163,5.088627756915165,0.1544158051414943,2.0124777182172324,-0.290365056236236,0.4673637942600793,1.471714889375608,0.5834696073358675,0.07690847784011731,1.2827910124908783,1.49876111733479,-0.07411887177237339,1.7136456919099212,-0.43153944069873684,-0.22861957155707036,0.8261061146304415,1.2434155113866237,-0.11549798054842195,0.28630155744840735,0.5059414663014228,0.7124004250251412,0.09575089831639554,0.6192168745296853,-0.1985908429487689,-0.916427038035046,3.073886048793688,-1.0887799393864919,-0.025845658971593306,0.40725837651075886,0.3712638497095289,-1.1536045519154086,1.9233345405461977
Qu6xTcDmEs0,Qu6xTcDmEs0.wav,0.07994131377700218,-0.28179566382366494,-0.11636592998814596,-0.6338063013995654,1.0954705693763487,-0.1298642367859151,-0.17841793244316675,-0.3437585880335181,1.494924767207079,-0.6928440770601684,0.4344327952631968,0.10573007092962798,-0.2742478328510151,-0.5696661751653803,1.7864774560337497,-1.2498703584073938,-1.1201142463158067,0.29984467768160156,0.8201936563014393,-1.3569546507770684,-0.1046667725111809,-1.2543529426439872,0.5144232022023507,-0.6424836187134125,-0.3673735809756649,-0.9615123569967642,1.3780482804640177,0.7129571971603675,-0.46822224500835513,0.24430658410894932,0.9693905793105962,-0.04396359936045014
vNY8ORpAUSw,vNY8ORpAUSw.wav,0.490940433087225,-0.4689202160876303,-0.48846651850856154,-2.395255446337482,-0.3385195568352513,0.35900432183049075,-0.13804332231432234,-1.1066873955481755,0.7118663123037827,0.17231163127158083,2.2463664438653135,-1.2046990748822173,1.349195155251047,-0.010898831037421605,2.1462054885298563,-0.6871780314709285,1.672523238527849,-1.3836084982132921,0.12530245487329378,0.15064592775496302,0.9142771359700783,-0.6835555170424251,-0.44017174853430235,0.48438933706965653,0.9859355439291594,-1.0865870055209044,1.7893483620249728,-0.2652221669977425,-0.04083450987031922,0.8486151879662223,1.2534514472794807,-0.9002791357188694
K5NEEAr-D6Q,K5NEEAr-D6Q.wav,-0.017733254869525938,-0.33799033226155245,0.31675208370435515,0.070523837549547,-0.39804146919871924,-0.23086152210022962,-1.3536498093861196,-0.6553306377894845,-0.9232161249191793,-0.6859677278936112,-0.8641281334682055,-0.40428508845812505,-0.7355892928565452,0.17927844390786293,-0.7835392163758358,-0.7938515960918727,-0.3622706088303512,-0.7072746831282771,-0.8806661538138333,-0.757891558796802,-0.5722227395548258,0.5610758188316994,-1.1276964246810148,-0.923486893201233,0.373320888861279,-0.5379838802483551,-0.6745686442047651,1.2455438961433731,-0.6813566668451609,-1.0567012048760525,-0.48502153295147926,0.8548011308491378
A9s-5NQOfqI,A9s-5NQOfqI.wav,-0.8562224047664195,0.18771144497420028,-0.4064810621493655,1.277476918866678,2.061094929044308,0.8481670015470192,0.08351948793761732,2.739528604487036,0.6560042126577007,0.7616743332121618,0.4953287128619051,1.0861818224556432,1.1451339464771524,1.5272192000338407,0.5780253376727543,1.2625787105806139,0.2518297255820148,0.8716312727963413,1.2604792589737894,1.5324164897739785,-0.5282865003759752,2.001167083844958,-0.04894756590858516,1.43420306754518,-0.1372785108144798,0.7298036801784469,0.8219825059568512,1.0830147546770321,0.49323798046454137,1.8283369039282396,1.07751139769765,0.9520809997297617
XNwcCMkV4ko,XNwcCMkV4ko.wav,0.7542321945197024,-0.8954034879578715,1.7336251946092522,-1.7138400725621965,-0.4436061403019104,-1.3987624715495401,-1.402223217979548,-1.1078306197329482,1.015411439365542,-1.78194575082357,-0.23381614977195722,-1.3415827449964701,0.8258914969593156,-1.1588797647390865,-0.17125519345044085,-1.029577632781859,-2.379299208602164,-1.6121832147656154,-1.2397763641608242,-1.8252964272896668,-1.8647383017726025,-1.2626892603221669,-1.5565608140009186,-1.7674026305822494,0.11296892152248116,-1.3014997962551333,-1.792398881836087,-1.669550591468353,-1.3096522635570604,-1.2363786440812206,-1.7769338030109811,-1.5687613328382497
azW8XQ2FoXM,azW8XQ2FoXM.wav,-0.03871066752311693,-0.4253182450258139,-0.015443445943991455,0.3677773592217978,0.18709296352078275,-0.3343449317275572,-1.4843359209273113,-0.14417575172670696,0.06982851366791903,-1.5081302096406413,-1.5091156077448347,0.6338087106381874,-1.047358126639336,-1.2480259256991149,-0.3642477290797223,-1.0530469495515946,0.059725078112270104,-1.1250928953615975,-0.2789692005408034,-1.425568469509097,-1.8983242173190038,-0.6879344886193812,-1.2590395499324694,-0.5226953137593457,1.0951739179060411,-0.3898989266583358,-0.12416660253845324,1.8074270349007995,-0.9110483288676211,-1.2436878811479415,0.07780793021581116,1.2658102279230905
E9Pfdtp_y24,E9Pfdtp_y24.wav,0.9272186820135868,-0.809187097282007,0.771654303349364,-0.5831583354703137,-0.1531404680697885,-0.9058049050614951,-0.36538682342254886,-1.1838336607471005,-1.5322279187058196,-0.44768184098252123,-1.1774710564027344,-0.4977045858405011,-0.6056674294920729,-0.12995481648685783,0.444165305098948,-1.7510439047004318,-1.1987125245446624,-1.0960178471920148,0.3985476433918224,-0.46397595579447776,-1.465179484467825,-1.689730388282416,-0.26942254473313076,-0.89123278622747,-0.645871635365225,-1.2200242110679356,-1.1178855529633802,-0.4220175539459717,-0.5805555934071954,-1.0153456898471251,-1.0003109728644606,-0.5181536962522462
MfpBmAWZZCo,MfpBmAWZZCo.wav,0.2628133100926077,-0.05072641529758422,-0.5726733341814265,0.9039881055483535,0.7687021420406935,0.2175192454016768,-0.18412944520386176,1.1995781195059578,0.5094902797395692,0.3607596751806735,0.1961937390982114,0.3502193943403877,-0.07377024319807617,0.4153867897410656,0.4091114419158095,0.5598620375716417,0.055949207440046306,0.3748115091606999,0.8367428404951963,0.8947216869902818,0.05587674964707872,0.6461434209009317,0.9203359085114644,0.0029818898668366313,0.22858440699725713,0.5215794384907638,0.45712514888875844,0.20151806547878967,1.9763464814863199,2.7966274453062807,0.6832399638996277,0.0504757638163062
l5aRf9wj3wg,l5aRf9wj3wg.wav,0.5558725475287443,-0.3264904638973255,0.08779610802619019,-0.046171282121885655,0.87087448919783,-0.6131131297062664,0.07348424957681239,-0.06214929063229496,1.670573072375475,-0.012151710363155857,1.8077890808893844,-0.7514763215067681,-0.6677243326012566,0.3497677149067162,1.7576025161805118,-0.3140262692229289,-0.42572588246410514,0.3009383400046909,1.041165811108562,1.1110289279249637,-0.2850098143850857,-0.1700508071569189,1.938582245109422,0.0924626006096648,-1.4165152570646204,1.6086750622858592,0.6773228406229939,-0.10796161889359047,-0.27921366317654917,-0.24146749380735966,0.36984809177129985,-0.6476951418755085
NPdOxpU1F1s,NPdOxpU1F1s.wav,0.8298754337169462,-0.6278232644952502,1.036644960328395,0.6347012904966987,0.7081934088361759,-0.0092400305279661,1.0144184294373955,-0.09674651307791432,0.8216898706283652,0.3264807417674246,1.767522651118258,-1.3002387073973165,-0.9821123781383878,0.4817901858193657,1.0412154038865464,-0.3128145667403536,0.007117301572288241,-0.8066077330455022,-0.6389648845484903,1.7416628163683683,2.1398590615130906,0.17931603595375342,-0.46116198162514743,0.7586819031662817,-0.6803979346533282,0.6687186259386025,-0.9723539087614418,-0.24567635417237288,-0.26857213829311094,-0.17393240486776668,-0.8955735639410995,0.003614780555529365
Ylksfk_Y-2k,Ylksfk_Y-2k.wav,0.6837833083800922,-0.22994702525372343,-1.0505672975663276,0.2445776735641072,-0.20271702746814935,-0.6088302698568204,1.0480426973658141,-0.22218464397118226,1.0304280734612201,-0.7286749142388418,1.130186496227633,-0.0921921277841957,0.049950304820201276,-0.22216193422111646,-2.3884039687719896,-0.49298066023963955,-3.2569758619828817,-0.7154856725290523,0.9606785687851171,-0.26088937172772525,-0.08741621011962868,-1.0979482703994834,0.322446001490471,-0.39600120773974185,1.2824267004128769,-0.6139236670137324,0.7924569721636014,-0.42805462867486105,0.6461050957032309,0.16352893533559038,0.654897695141465,-0.6537409543308045
aWhWjd3o78A,aWhWjd3o78A.wav,0.2551283501466474,-0.23787784082809746,-0.16583108340335498,-0.14886650323815476,-0.21006193968058615,-0.7463403035335178,0.8080463165884547,-0.027922686497345812,0.46377332177990144,0.33151577492040624,-0.33181937252766514,-0.5347099999229759,0.618962972689101,-0.7383606588444376,-1.9487653197071544,0.7702050286007563,0.3040519341813465,-0.023014554132179493,-0.4385987432817444,0.1592210095977215,-1.2712366426796158,0.14550472022036193,-0.34320008658742185,0.25576592985427293,-1.796850404745503,-0.3858919404827089,0.0473309988528898,-0.8448033404039075,-0.2524460865999036,-0.2860427017601292,0.021321195476052913,-1.0389807483025415
cybrruQFaV8,cybrruQFaV8.wav,-0.2349589249613644,-0.12152345294764064,-0.5863024490675807,-0.3561694159472376,0.41156569436441437,-1.2373574540104404,1.4143559319777015,-0.5994318038133355,-0.8232301676712459,-0.6015162323619593,0.3031463786027013,-0.7496678894556773,1.9593512774416737,-1.0804220214845228,1.4489543260986582,-0.7183500164512183,-0.8641474793453332,-1.2352198831074042,-2.472263229304149,-0.6402919306636017,-1.303476774216787,-1.7506194918535547,-0.17566129671651742,-1.6533916673371039,-0.8932073831812408,-0.8282824794461734,0.5654793426177137,-1.1024926712222547,-0.7987511482081763,-0.2598778986881457,0.49384883649550615,-1.1777288633449163
00D3EsAO0hI,00D3EsAO0hI.wav,-0.2714071979303243,-0.1279170341059598,0.8832934755777677,-0.13694719489122334,1.2841935108912135,-1.1350313006341364,-0.6643802924009025,-1.5287273650344622,1.3047244436147865,-0.03807212922524529,0.42595273676363105,-1.0425352238529637,-0.9184367996175181,0.10403672175805813,0.6805701946888635,0.3010947068762195,2.4142358392370777,-1.3314617274855485,0.47821022071430414,-0.2559023881659701,0.9475518140431076,-1.9220368011558528,0.252125071374906,-1.412286762774508,-1.031131166181028,0.7220217104557612,-0.31943053376064495,1.4687512623496424,-1.2752161542983362,-0.9771202704130899,-0.17771891894364258,0.5084881823659222
SjaeHWRUu8o,SjaeHWRUu8o.wav,0.6065879952043728,-0.48388510289356806,1.2123233308893693,-2.018255694667529,-1.6639911060109542,-1.1401623944704666,-0.6163441346885786,-1.1991144232536823,-0.5961059196520956,-1.7946800995077388,-1.4806234183808926,-0.3494429336700319,-0.0002330629384064142,-1.5471503140758724,-0.35349513357899,-0.5032773317461505,0.23923603091912785,-1.3854903537343954,-0.6670842461968548,-1.1622123022096487,-0.6467683570452432,-0.9547622345393939,-0.8920119232331677,-2.1043627979148414,0.3012086878653219,-1.7054210622635806,-1.393976933936548,-2.286660468678291,-0.5845311606280198,-0.7904788621303295,-1.5974743405104197,-2.022810177856326
QxE_daTfpcc,QxE_daTfpcc.wav,0.42510450035740455,-0.2700549526340223,-0.7548985552486182,0.2571998932173228,-0.4235666089601696,2.3499394511359273,0.236624126505798,2.5810528347501718,-1.4612043381826654,2.215682340982034,1.2882983585714236,1.2481275426645064,-0.6022983874470231,1.8549925444783022,-1.1768464128413965,1.324855489480531,0.005873495734061937,1.6079884379146085,-1.125662143313777,1.4601796469936763,0.9957944937486514,2.0806848030655276,-0.3691267657435092,0.6340409475294513,0.5688533564826713,0.041423999519594065,0.7288056289172888,0.3695053539981761,2.0661333275266704,1.8088482890569886,0.5181966027312828,0.46872350815447217
UmuYndte61M,UmuYndte61M.wav,-0.5846179920955317,-0.21210888782135248,1.2792388508029253,0.7098363032063503,1.3555513965479737,-0.5019704840352996,0.7557698762585389,-1.008964278613594,1.1818948370678795,-0.7813195971364418,1.127566768203226,-0.35458184822118316,-0.9390822133358857,-0.04922298438915644,0.8608138082606343,-1.2158673447787125,-1.8825237564858432,0.12230644917187207,-0.6046097201561953,-0.07803991405309438,-0.23995729488582615,-1.0356279141875346,0.24271554504403564,-0.3475245301695786,-0.6055459294866158,-0.7289302472709978,-1.2947290747438236,0.12106103588662227,-1.4932223576218058,-0.8780812079925457,-1.1748544361206614,0.4218526495963422
aakITN-2rXc,aakITN-2rXc.wav,0.9491954720914608,-0.4891113170443928,0.21969315331300107,0.13962388140025983,0.4547060220196655,-0.23281929615707933,0.6796942487861033,-0.6267989071281542,0.03847585638652288,0.25185987714414354,1.7091050024778107,-0.5004908685082292,-0.10743473440122124,-0.3301335174554986,2.3166496523255757,0.46256543895322494,0.1596672144764698,0.6328586604603627,0.5309339160293381,-0.14392013013447705,0.9405863487406763,-0.027591355733593878,0.35589536610904704,-0.47955854099385853,-0.7280679276425067,-0.24471983616700976,0.4365241092773344,-0.7899989418584062,0.5960157341439225,1.119452406815515,0.14077490810887336,-0.550835184279241
cvRtK485EcM,cvRtK485EcM.wav,0.9819999389594286,-0.1511127822645224,1.377793880860211,-0.6411297874433001,-1.5958227216212595,-0.6500148268409626,-0.21289715146424404,-1.1626071242175966,0.04610431827691832,-0.6760724184783292,-0.5360366295548544,0.18201547144531247,0.7998793838485646,-0.650490519587708,-0.7495216958495252,-0.4372399800479749,-0.4774433687356344,-0.07358140927592612,2.198080309001078,0.36503559993211127,-1.003306821254426,0.5580985464558452,1.3169927718859094,-1.3511776269442375,-0.18936280370946595,0.3933301353003419,-1.0657604203714235,-2.2655238168690954,-0.07112504787239893,-0.8578080811407846,-1.6275687861400097,-1.4629471701552617
ZwBd3rHJvqU,ZwBd3rHJvqU.wav,-0.11123049177406723,-0.3406473070777942,1.7449770890023573,-0.7882381582693277,0.1630495380456063,0.13183077417887185,-0.3955662318554416,-0.24790460693240024,1.0116629904777277,-0.2889070489253716,0.6872046456699662,0.5670239764333482,0.9853014804407708,-0.30592216823981305,0.9489783834446764,-0.3830880275192978,0.7536735103106651,0.36184024355540684,1.1182562002921677,-0.20220319352320965,0.8144883182460856,1.3082407027051335,0.4320110676231194,0.5880927058071208,1.3094829205378824,0.9835378783550565,-1.2039344048168061,-1.0807470865581186,-0.8281074248748065,-0.36660389138019045,-1.4055342305634873,-1.0984943976743278
hcdYfcSKcao,hcdYfcSKcao.wav,1.392909437197317,-0.5219853843841814,-1.1167121295373152,-1.1612101569217583,-1.9744662749847097,-0.842788391441229,-1.1571832949938161,-1.4489202327145905,0.10534092559499939,-0.6364535861546156,-0.04175513128983472,-1.1380794939599903,-0.04948253284582616,-0.6707752742037434,2.0196844724140934,0.07847985309432368,1.5418923052455937,-1.3087210768506221,0.19752234229837204,0.7571833175435424,0.9419012386661877,-0.582008452821195,-0.702190828814562,0.04615848291856315,0.4278289692658847,-1.2216109923796605,0.10330744578543243,-2.5300570582809065,1.5512351457536953,1.2818278839059767,0.15403442623183197,-2.360124433455216
uY-NteGiQP4,uY-NteGiQP4.wav,0.09891916058880765,-0.2902690027870673,0.3866622785587786,0.5325837597042319,0.7593576619314601,-1.5248840752343453,-0.6458384973220828,-1.223663686758965,1.4343446720870874,-0.6257537522121686,-0.9891064087059701,-0.6214022801645301,0.4182727466978195,-0.2753273430271737,-0.03323292164051788,-1.120590894175154,-0.09805917041769657,-0.8750353041374169,0.6622726782410028,-1.1459373105307025,-1.0829236766100059,-0.6834947434421377,-0.10450398245683314,-0.31450771275728295,-0.642817096965742,0.3938651768206008,0.36766917043081315,0.772624486862285,-1.188340120938233,-1.3743454325101039,0.3236578695078388,0.3629569300375507
OJJWCjAfl_0,OJJWCjAfl_0.wav,-0.6560903756072584,0.2871936321778736,-0.6318382941072346,0.8998984379481518,1.187832533081095,0.7569778879040037,1.0036022582509285,0.36600131881892795,0.2406738223698745,0.6463608275113019,0.36507505226464604,0.7982658491796879,0.6165005613413329,0.8384963065854931,0.1905031926515061,2.3073430898868597,1.2919895861913575,0.94502219769658,-0.5846862221507224,1.8876906820323238,1.2538681188442014,0.4103486201733961,0.6896685729517503,0.6470058605284856,-0.6577175149216921,0.3492234131091788,0.7329185395556617,0.20013340754945003,0.8709490922971561,1.8166920161354563,0.9672496166426611,0.18374020120291235
x0TWBs8jdoA,x0TWBs8jdoA.wav,-0.46981185632711625,-0.24979879850888762,0.2734467514252417,-0.6757102336431376,-1.2214755817116572,-0.0761527816035006,-0.931106958615233,-0.812079045541187,-0.5902349640295937,-0.9894532754506393,-1.3689910815181385,0.11849405348991236,0.5702328810292455,-0.9567356724268447,0.2471108061835402,-0.4480531724292657,0.44283286529197957,-0.5544849333713501,0.4222683006164591,-0.9370752628517904,0.2506047783460344,0.07573480150218088,-0.17584502670385563,-1.3662868827840602,0.7527900819237644,-1.2071008777158778,0.3515793614985137,0.8186898456997683,-0.9699306229327618,0.06091042033631763,-0.16774032902851507,0.5356946895929968
cHKh0cih2FM,cHKh0cih2FM.wav,-0.7192169976169568,0.3027829707473213,0.10937357261894141,0.27458711954014553,0.3925117721745405,0.9446388608206471,0.9021646006517323,0.6359972982913031,0.4280200540656493,0.30689967525813433,0.36273531590568064,0.6069381971060656,0.7635017084682196,0.5549757489915393,0.04956977226014633,2.257110399111849,1.6308815332452875,1.2827518632009474,-0.6702834775577479,1.5964872693499819,1.2166966720050865,0.2733287134847337,0.5374703918245605,0.1528210821113813,-1.0486285645518447,0.4199106914998329,-0.08371087658859737,-0.42317999303653087,0.3251052898426316,1.3418885304349366,0.12383016210023413,-0.29682058038553416
kz7zkSaPN5A,kz7zkSaPN5A.wav,-0.18964682797967422,-0.10622586193327069,0.8569864862980555,0.054219083801539406,0.571651301966116,1.7049499222027567,-0.4978928519277441,-0.3023533934255775,0.5844493269159805,0.6835912778412773,0.6247006497127247,0.5041248962429681,-0.017713119153904534,1.0327407958743429,0.29046209202980133,0.5288878821923603,-0.11759250642923924,1.4317651778592715,-0.14217655022072462,0.2226818203980541,0.9978284425737151,0.325860739594699,-0.022692497290692355,2.223609964522878,1.6563232184226537,0.2217657917127621,-0.4037454222634867,1.6318455877518285,-0.3176014122164673,-0.3363315545191393,-0.3930237225371926,1.2630912514888668
fV_S83Q6UhM,fV_S83Q6UhM.wav,-0.3624090925184125,-0.01054921265041406,-0.4164393402264828,1.5943936147290838,1.1120972730416603,1.0830067491606434,1.0993514989682889,0.34762199485355005,0.2000749892896671,0.6535489064885972,-0.39945029270727184,0.6677883616684195,-0.8352730800781362,0.8012600628836976,-2.0218208301612086,1.5371400479320838,0.8972755012220767,0.05816490143042553,-1.1503571485770039,0.6202909269217464,-1.8500785097785124,2.4640865971321957,-1.1248683942010669,1.1222723816909705,0.04491659055483155,0.45469005461597906,0.433857452446157,1.9038518159970357,-0.046041396466455636,-0.2320743687429711,0.30300128047622144,1.7889450975696652
U2mSyf2gL2o,U2mSyf2gL2o.wav,-0.11238893699196482,-0.17958490047251086,0.017109181117549322,-0.1798760185461053,1.1289979687689546,-0.5985824788757016,-0.011235815484587637,0.054299272033923804,0.9279677433972674,0.18717191262939875,0.3194750752397581,0.7455637434238305,0.7549724174516953,0.3770544886263935,1.273670681539175,0.4860862773934844,0.5659013687282646,1.2202532443671625,0.5284736967976136,0.489174666861661,0.5281210099218893,0.7592896677653568,1.5998875252434859,0.6182097578493058,1.2639917377855394,0.3641651525079671,0.03841946993181454,0.2335152344124632,-0.7842636350201811,-0.5930535608389514,0.44451233736388085,-0.20459896431375083
MiUcG0faA4g,MiUcG0faA4g.wav,-0.7223581215740043,-0.3482990929263649,2.0302685639655724,-0.1499207353821554,-0.26810933830933265,-1.6406527803532507,1.6309996820091894,-1.161765382749289,0.6822210225723359,-1.6670669731383598,1.1405039680212867,-2.0455009839402196,1.2263175308808472,-1.9381531802786647,1.2875445701279642,-1.6597802687641605,-0.45927502294607514,-2.0621207756128936,-0.7283419573917834,-1.5928179485068865,-0.5613027988580436,-2.1722320982847645,-1.092886817799194,-2.1497263612009374,-0.8382459039694018,-1.834324898599355,-1.2659212483504747,-1.5087532506330636,-2.255967232947084,-1.6851768861792236,-1.825055005311054,-1.1282015481138608
iNgAMIsrHYo,iNgAMIsrHYo.wav,-0.7518680700246168,0.23427711917047778,-0.32976622400495204,1.0335191870394447,0.8915005036212575,0.9996936736544879,0.5405547689601045,0.33910372441772085,0.015818292115625278,1.128317639235708,0.5330477348282906,0.47603729964456554,0.7762551768670192,0.8896216901920433,0.1382873128045494,2.4079437116915376,1.5354650445786193,1.4225046911986299,-0.6641332131290592,1.810414196195482,1.1923446542867808,0.6247284960080441,0.555718675996417,1.0334880946687381,-0.7119099603007722,0.18195735011477865,0.2970673034207578,0.5280024841656912,0.6362271449370962,1.795221669406832,0.5835817517083439,0.4912392345460721
kP_843mXS0o,kP_843mXS0o.wav,0.3503734297268159,-0.20752579997970863,-0.8059892736303659,-1.0096166129021091,0.47097222968388136,-0.767384771621986,-0.41058525901019177,-0.45204784045614216,-0.2761426942349912,-0.7029063337247488,-1.4312721747537627,0.29590213698063206,0.9811578575281074,-0.9892192342746501,-0.7514249901367722,-0.28962959149008444,-1.5069761941447524,0.23718816234340664,1.0873461835888922,-0.08935717609076646,-0.6997208362674951,-0.19233538531570857,1.4489763346417672,0.20887209275975105,0.05640500280352325,-1.0060088347162854,0.8585762483215641,-0.13955668857509881,-0.042200565555034125,-0.14926425313354416,1.3285432068834915,-0.8209483548977635
Wk1eTXm8ESY,Wk1eTXm8ESY.wav,1.5489179026302091,-0.5963784548489135,-5.128360703415895,-1.0540607469620245,-0.8106553377049359,-1.0304820528835477,0.015653100676385534,-0.7188040559338181,-0.49799391084998973,0.4390075534337978,1.3461731585558847,-1.0763775644809597,1.3847826116492485,-1.2761741871427683,1.4125522358050586,-0.4578136299590343,-1.1337574196586546,-1.360259949940144,-1.2654561674267668,-1.2490027454567414,-0.04289202821276581,-1.3247733643411672,0.3978514640875706,-1.3384512251656824,1.712349960804937,-2.215580741849818,4.546198957722128,-2.232554857792874,5.648727644843266,5.576368955994346,3.9117329734768957,-2.1993967913186414
huHi6D_MI7U,huHi6D_MI7U.wav,0.5976020660898296,-0.5248278299292716,-0.5551653216922818,-2.4392468910044505,-0.4680075260391867,0.4084087226883102,-1.2361087054774746,-0.8541221071793729,-1.0880161996507192,0.7923997038014128,0.9859038471603505,-0.4565321873036161,0.5647977898393362,-0.97273019195027,-0.17051031144907616,-0.45601852591861686,1.5914006814112274,-1.0260095798165638,1.1033953473494706,-1.319211377931834,-1.328794548417605,-0.19256291605133732,-1.3261376809468899,0.010358712507155745,1.5655304286794736,-0.6287107559890093,0.9523699858786819,0.11083522802411577,0.06331082420203907,0.5738223051048117,0.7706857360280216,-0.6384050396031165
A3-uG_zDpRc,A3-uG_zDpRc.wav,-0.04654283800911934,-0.3010950906000513,-1.0095026289149645,-0.5286955211197645,0.5929720354478965,0.2033892128298183,-1.6520884673439618,0.7074351310643499,0.7409114184927361,1.1607078568945057,2.6212635444789627,0.5924390403284095,1.6288628264836738,1.7301032296819614,2.0444146104435075,0.05221396984111506,-2.0920139936401148,1.266529636754129,0.3214402703646279,-0.068422050565489,0.6950852758697837,1.5858201421330838,2.65161618060711,0.41858362726264076,3.6697730012586933,0.06175580735531698,1.508676094975281,1.4348159010914745,0.18087686616072648,0.7984793669638965,1.6259384334555045,0.7863164246992309
Upz0RbC0Yxk,Upz0RbC0Yxk.wav,0.27589744950787815,-0.26440071057239967,0.6544443947209378,-0.036718378878972044,0.1558099230617982,-0.2678399760220785,-0.17414097560830868,0.30939986219536547,-0.1270563652617333,0.03642072659005129,-0.23400556268066466,-0.045418771214528295,-0.09712054127061052,-0.4185624107483826,-0.3536332322627345,-0.36793662077779105,-0.39144497729080635,0.696370318012222,1.693282879320679,-0.4581549884824177,-0.6681906187225461,-0.060189823972663065,-0.17698327496328078,-0.4219869764405619,0.15792288806313867,-0.7187390921532422,0.2220475858486587,1.108854096053742,-0.37721822103624725,-0.7447724499820447,-0.11483993909977822,0.9310932012971321
K422SxkogLk,K422SxkogLk.wav,-0.7198602752831474,0.30785679750295974,0.09948192528413216,0.2659859914721654,0.3979069865420428,0.9201790928556444,0.8990287978704756,0.6455096869610768,0.4235131230494438,0.31779188483397625,0.37586149032775223,0.5589393703316637,0.7440030912448785,0.5314788406072155,0.07919779414080118,2.1610949979458454,1.6036968437649195,1.201784802874988,-0.6509142361582407,1.562271027521498,1.2181750073066815,0.28006960668641223,0.5231766908967106,0.1484822287933103,-1.0152589420689357,0.35624027368190114,-0.09691741977503038,-0.42151146543811474,0.32838662544607156,1.3487157651273871,0.12769574000293152,-0.28768538875894595
6DWPu9UHe5o,6DWPu9UHe5o.wav,-0.3227337564793651,-0.100168926401369,-0.6838037589310203,-0.40713729169535046,-0.36939533717388895,0.28968329832226125,0.06213003907948866,-0.4343586706481995,-0.9959041579708948,0.10578027916088056,-1.971547655889889,0.41894303878417327,-0.2322258938449802,-0.6408866862380858,0.9329184942632581,-0.050398946520682525,1.764774098239093,0.09621257075941496,0.15238320016575962,-0.29707666538151334,0.10965344433953553,1.4761656216796593,-3.127255770950071,0.6935054530946185,-1.8698525359763492,0.021972677282213228,0.3933137951622434,0.4463335567280461,-0.16801644948508843,0.07512854436053498,0.42746011203550993,0.07661783199076347
W_GeyVpCDa4,W_GeyVpCDa4.wav,0.17320777417251118,-0.3550963856451729,-0.5623047217119551,-0.4412677517708823,0.15604687958364247,0.3715706229336959,-2.364539269701059,-1.4287570602300055,-0.4401129367813085,0.8018163035194469,-3.357611030422367,-0.13298060122443275,-2.4972093863468867,0.22003338235158712,0.5285368029855355,-0.5070489959521944,-0.966586255278325,-0.4857016641492997,2.392143198243806,0.003347275085637678,0.893132615303609,-0.3143098329944703,-0.2713830105489485,0.6543707765798094,0.21851871925155605,-0.03552513701973904,0.7110188586291363,2.2032450340759104,0.0024660339639851685,-0.10338498588878749,1.0365164723708267,1.554401114536595
mxdJMIog5y8,mxdJMIog5y8.wav,-0.31415910702028654,-0.32662103303622114,-0.11380159027907696,0.33582761875199907,-0.0964479993017558,-0.20345485863982973,0.08662074716001021,-0.05420393214523089,-0.9594997764060671,0.057041948776139155,-0.6750461005328093,0.39797245944137777,0.673101429218283,-0.519400536945303,-0.8139118524948418,-0.23871574128131792,-0.07786954592344862,-0.8610071919767286,-0.5698475840404571,-0.28187888249281223,-0.40492252272923074,-0.22719557802277315,-0.25105460357612186,0.5998900687401763,0.31701708311277715,0.45483974174034963,-0.4853411580358654,0.44210678646786017,-1.0017036702883482,-0.9647869797136754,-0.3491675068808306,0.0983302198576258
K7zOzBmCt04,K7zOzBmCt04.wav,-0.1798458809584161,0.02345967049135314,-0.6356774634392469,0.9661668483638088,0.6651987929297336,1.7675106360918262,1.0305836781034243,0.757483558877241,-0.08597261192966209,1.0209329433859282,0.18348993315624387,1.0665134968218846,0.8179132578228229,1.1746512937688018,-0.16445581419423919,2.2651353285237326,1.3307912811874536,1.8430378263954172,-0.9566847655748778,1.085225872401687,0.5062941886743204,0.6077706367017656,0.5645127831369795,0.5705753881887987,-0.5116184299191566,0.3703625761322558,0.5091467203148802,0.2959228731205389,1.0387687292674868,1.680465412416535,0.7427267318164854,0.3906886385771706
WILh9FErpAI,WILh9FErpAI.wav,0.3435479583662968,-0.2985076851186041,0.7035420477294004,-0.18105693487825741,-0.838803701109161,2.1690466939603907,0.3435088138868398,0.33878071060898707,0.0854574320112632,0.6502691759832248,0.6395892698428927,0.6586077059931551,1.377991415057277,0.5921177726523716,0.11934180778008922,1.5646315149205459,0.8262839648315353,0.09316435181770578,-0.4513538269810965,1.0764787317739308,1.368880268454896,1.8809608266337252,0.9527004070071523,0.7450859522077474,1.192102095519992,0.026816559842528512,-0.2773316950248942,-0.2503125758957226,0.8690488416118138,0.4543447914528575,-0.5705703255354588,0.08917372971525041
MjfOtj07JcY,MjfOtj07JcY.wav,-0.9427415253863688,-0.29037425383059445,1.916539056402273,0.725104363848337,1.743566297949077,-0.6506238789563599,0.4885737061509623,-0.4892158981233713,0.8793964208631523,-0.5387383624616098,1.1591591032632609,0.036725586773008315,-0.6894018391265647,0.24430725547733786,0.8217685141592587,-1.2291577883921283,-1.8459501848465996,-0.19186389155230954,-0.517176295090691,-0.13312531099127958,-0.3963155166601755,-0.5788404333376833,-0.23308293940962962,0.16927106795655772,-0.7410848970315754,-0.7250485477581253,-2.043724184745194,0.11660938921424288,-1.9031332629930853,-1.3675741597037254,-1.8627518610053573,0.5069346359610354
VDKWI0zLrrY,VDKWI0zLrrY.wav,-1.8962104383406586,3.4587058890971285,0.9954153437447645,1.0061687750453527,-1.5096002192987583,0.4799066280133839,1.825990030804338,-0.3609584923644745,1.169645493107893,-0.26569206104882476,-0.15515067799465493,-0.058939410908421384,0.14403827216893172,0.5609127351429966,-0.8755334620328948,0.8295273737827026,0.5469907708174719,-0.40104040689758014,-0.45743900372523705,0.7645773069410278,-2.1620273319719527,0.7473836917119601,0.6726101910065448,1.0294604975170372,-0.7808326145406393,1.2494719077244256,-1.0391772312988337,-1.1732076999934598,-0.2330968559129444,-1.017628652761234,-1.6067520619567175,0.3699386526981313
twQB0A-QOgk,twQB0A-QOgk.wav,-0.4154763222222425,-0.32066881395867175,-1.0136479186927967,-0.548207191418808,-1.5881100242717694,-0.5514745977366827,-1.3591808300477572,-1.1456370320171463,0.2524210621469405,-0.12176686698708815,0.9089131065275033,-1.020529962705048,-1.8642852650339985,-0.8786522398801572,-1.1193982691556636,-0.6100575851976997,-1.016406220112123,-0.7812075360661158,-1.1812124052033364,-1.0942234400701072,1.7553196928777466,0.4484280502241793,1.2611023622174307,0.35315386269714155,2.06502020776557,-0.34581997272830817,0.7198384081540332,0.6170507124931796,-0.5646869827086264,0.8252198232661806,0.54226772674433,0.18806735853665746
uiGc1u2ikT8,uiGc1u2ikT8.wav,0.2655393076167493,-0.20280066483191095,-0.338202766218674,0.5582632692487894,0.44562248027419044,2.522518602135113,0.4028749379369569,3.128500641167201,-1.3250501764844596,2.4060833476448495,1.1017579574016028,1.1532776015851909,-0.36166826268889674,1.7235110830947593,-1.1741214089214684,1.2272125012241297,-0.8079483256950302,1.3855511526188338,-1.4420211964594027,1.2959961137085256,0.7243233269715614,2.5564914198335837,0.04446100527058958,0.6141795606076627,-0.054473487836132525,-0.4541587535534024,0.42730459849393926,0.707817939215447,2.0899635600272286,2.3085896697551656,0.42453058712913233,0.8682195741611588
FZi3T7CE_Hk,FZi3T7CE_Hk.wav,-2.0789730538387228,2.7523310533869907,-0.8751382830778639,2.2951270161191673,0.2470389146137425,1.0149143663180016,0.052507331227353994,0.8386356792424845,-0.29805032867148956,1.9528754705285447,0.43307975681552174,0.9570088161743323,1.4764526026820135,0.6209107532312407,-0.8773022704330261,1.2079583707452666,0.07475372496145166,0.906183969052879,0.44127106813433087,0.9134389552689997,-0.21752330412540793,0.817169268988273,0.7814691233023918,0.9481709569653897,-1.433184358154176,2.3074758101036967,-0.4000312990320769,0.5363592735833596,0.18100655387730807,-0.15833930212301603,0.21777166146235247,1.5974800971179393
lg4N2V-tyow,lg4N2V-tyow.wav,-0.4732568678983696,0.14245557444829102,-0.23722861013686886,0.6207270240277538,-0.009355376405190364,1.8445491847792805,-1.5252709049294515,2.2058089110912986,-0.0645744345754252,0.23285996541747112,-0.8471443720940373,1.1009820164594488,0.5402769283301869,2.138560183471539,-0.5073053155925167,0.11660863711811773,0.14174699797230975,1.913665050539243,0.48601371013401934,0.2551773382538476,0.2768823735027957,2.1130047400993446,-0.1395690397480718,1.3512546748870424,1.1500511516935539,1.4189058621861765,-0.956007777234993,0.8318908132452366,0.4422555325512519,0.7676951166978895,-0.14130155905635358,0.9862871750699297
XjLjxQRew7c,XjLjxQRew7c.wav,0.5649281381203013,-0.06234408584762242,0.27247735180550775,-0.36630488409148615,-0.5278519879579662,0.6698250135191806,-0.22988474711232518,0.5908354204623146,0.518758289530528,0.0455132615360119,-0.5856661081808843,-0.4454612480328579,-1.0288503571759107,0.31186831825859657,0.27765941348047574,-0.0595731294442044,0.5567544686403973,0.8099025028814549,-2.3583930978986816,0.9855037729006627,0.7126852870183311,0.743701896657448,-1.775234720756566,1.0146753246354596,-0.4391626304230342,-0.013793253839441343,-0.8400018701422445,-0.25534056611251865,0.3752167852724276,-0.3697737937616567,-0.6047438663482894,-0.024826131257240744
N_UEgGZsgFk,N_UEgGZsgFk.wav,1.0022504125567249,0.9949767968912324,-1.7751103322755988,-0.11802207649178004,-1.0822901166305452,-1.2041020374903935,0.8998623496419949,-0.656961180595339,0.5183783659449835,-1.3283065170634998,0.5290435064846043,-0.6262809202338654,0.27183958253146145,-1.5469096573339658,-0.8796932861366384,-0.6522287499649109,-1.1913927470470995,-0.8509197721548565,-0.623112224913163,-0.8408786582420249,-1.5751971411058268,-0.9131482558220139,0.1254317169902435,-0.547628419783759,-0.0751288318048711,-1.2321440766151186,1.079270726634824,-1.9587975006410028,1.868139878507062,0.9652662985858806,0.742514531040746,-1.3408580914459964
Oz0JzF2mXN0,Oz0JzF2mXN0.wav,0.22545721217553288,-0.34046673242058073,0.9696826136520449,-0.9926369821716975,1.0034423007603341,-1.3239521925627602,0.4807459126386024,0.369170579884535,0.6190991761972138,-0.4137261284096216,1.0611942671913317,-0.412359730851893,-1.9510683235834774,0.482583041608032,1.227999792915583,0.22023611212101865,-0.451922856654104,0.8471376290026306,0.0924520073477889,0.565686583916291,-0.3407916837579696,-0.05592663459333753,0.7151277785816763,-0.8332259405866197,-0.8604058359105485,0.7945147570775277,-1.3934794494674243,-0.7677490700351777,-1.3617656455385336,-1.4416785052709593,-0.7035754921568863,-1.1953729755701277
G1DmWN4EH5M,G1DmWN4EH5M.wav,-0.19141346314370994,-0.5127911764280418,2.5093570214336274,-0.4505865125951816,1.1064645104123578,-1.2137235419929444,1.3868847164343763,-0.9507569451284585,0.925729970813652,-0.7678002128131473,-0.4367850587209105,-0.37113551311090276,0.06331373112212742,-0.5027733512530072,2.6364049781741494,-0.8037231846039253,0.7395431119768837,-0.39812581793260965,0.891593676519309,-0.6364395365041884,0.5032428872751766,-0.37660139093442263,1.6109900250559162,-0.012402030222028838,0.2525066581484311,0.34788317718884426,-1.5750032017703006,-0.4253769076520015,-1.8982178395935658,-1.6731629907516463,-2.0891965733144873,-0.37340592933431677
vZ46Ov1zncY,vZ46Ov1zncY.wav,-0.20593257731364545,-0.46812147314724767,0.6909799162552054,-1.0416873999081906,-0.4420493558712062,-0.07909877391063512,0.11918902509798203,-0.8104017468064375,-0.5190807115959098,0.35699280473830497,0.5120909065655843,-0.5693661415371848,0.5071385564056905,-0.5587026482231955,0.34759655390813093,0.4892072779516502,0.842595636827458,-0.3815061049470651,-0.4924363202749409,0.9542872940546159,0.9588319231044001,-0.5958923681665829,-0.2743625196345304,2.395116857284439,1.5144096890037555,0.7932167549536393,-0.9894827409696517,0.09852424560232521,-1.3478487108530235,-1.2690047964514748,-0.8597794448088341,-0.2167109135385677
4UKTnZsYjuY,4UKTnZsYjuY.wav,0.2258553776538973,-0.16913863510461294,-0.9191027703956302,1.0610493753888202,0.8202836286295869,2.103531867537741,1.2417868411608652,1.3601708005671924,-0.04412636340795687,0.669017369543067,-0.34910524698017037,1.1175693588940507,0.8500240926258608,1.2903367714087561,-0.4623411022036027,2.681126782080244,1.2500808707478153,2.1211489566103694,-1.0756696544470294,0.8115280921551394,0.6214665524960874,0.9355930358448374,0.4771213756533679,1.055215369669936,-0.7748081234469398,0.9061070148543621,0.9696051071761488,0.60946272545775,1.3602959999408966,1.642336957648533,1.1462457645982622,0.6356798382188772
IiiPAeQrDWE,IiiPAeQrDWE.wav,0.863221762979929,-0.258653522637447,-0.5824685021869208,-0.06169183200124502,0.46754768220448917,0.4179975975521824,0.6462401988974704,0.2247092572045654,-1.645364468821367,0.9630445751011939,-0.00708874074831481,0.7847842731636611,-0.7834839151821109,1.5301788047915652,-0.19408565927930851,0.9179291290373296,0.6579845896747891,-0.03422571932584743,-0.7769796114067072,1.5294932538906836,0.5049880126563762,1.4693417560682387,-1.3442351223178033,0.8125997103931146,0.13426851353792643,0.9375401798712328,0.46187119771566154,-0.8656242137675992,1.0946867416640895,0.7047450439893366,0.5999719330907922,-0.7551821450605217
VFY6NTaw9mM,VFY6NTaw9mM.wav,1.1070863216321356,-0.5890556254910407,0.5239788337566305,-0.38569980396635756,-1.4779825321591147,0.6763556882208206,1.263530987434275,1.0558993777334822,1.1986449303316962,-0.6636851300164031,-1.6310363452304828,0.01541179840657594,0.6869950405451613,0.6048775333169555,-0.4624895399902937,-0.5188963201913742,-0.7186447476325912,-0.16258715343821378,1.0728259838896008,-0.4660432273581199,-0.9404558145740013,-1.0091473946976608,-0.5986528230911541,-0.8954605115898309,-0.8910822946893127,-0.6327911284099136,0.22335614970634127,-0.8528052326306297,1.0402857773184961,0.08343325671995035,-0.5789274559535763,-0.2318800980417285
E6oZzu_ui0E,E6oZzu_ui0E.wav,0.7970954655799113,-0.5606067918380403,0.5756743855634376,-1.8622624314709544,-1.094031885108828,-0.5824707600605502,-1.0401108979093807,-0.30760020970962537,-0.18307267569693134,-0.9307923344567709,-0.7623166834971877,0.5320532336761918,-0.018663927522990592,0.04040010383976658,-1.1946890565764612,-0.7990399768223381,-0.8417393530680096,-0.020264571966340735,0.6496102725786544,0.4114576825942834,-0.5476109570595664,-0.35713452326372763,0.8973863922390707,0.44150894181749456,-0.7900104713919849,-0.28482790285466547,-1.3065267803170033,-2.3010661502919723,-0.2605788285932481,-0.5131649509348525,-1.0696544893057252,-2.040571093232591
Jg7rze2PAmI,Jg7rze2PAmI.wav,0.6731180716681533,-0.42593088070418705,-1.1571877518694549,-0.5270241925353265,-0.0309946119760595,0.39146572944522356,-0.3254952913272346,-0.5970379381420703,-2.0120585973657024,0.9799068462464164,0.1915974598860981,-0.8987766924310365,-0.62335229469405,-0.3097259369755928,-0.09419971576231055,-0.6588981442242104,-0.7764141718228195,-0.48261841036482805,-0.6007785466770454,-1.2420681529162823,-0.17251092864066053,-1.388700201309407,-0.18768497131135073,-1.40945302341977,-0.642472728707272,-1.1469726404386278,1.5617615580737123,0.5170754054861674,0.17019923527880124,0.04492821170621085,1.3783737063064574,0.2539372496238366
cbPMxoe00gE,cbPMxoe00gE.wav,0.06048873981138219,-0.20180981911848717,-0.24195285356306542,-0.6273589414604349,-0.41855947176438746,0.04915146246338686,0.029288763067023268,0.26210259291281685,0.10905927315245023,-1.0764623363362287,-1.0255434165703852,0.6032983542541825,-0.07450600363111227,0.15432144190398267,-1.0837873357188814,-0.6011235242898132,-0.7966608561222694,0.17847928620155126,0.07257033188703113,-0.21245504342866378,-0.8240574717249675,-0.31841540093289866,-0.2534940413968299,-0.13119050953434108,-0.988566166918697,-0.21243300505250506,-0.5751641177168544,-0.8091514314301479,-0.4832579408502137,-0.6693226185065032,-0.19500741033799024,-0.937692783695609
aaYxRcPu2lY,aaYxRcPu2lY.wav,-0.5231670400888557,-0.34535664403009053,1.4544132653028072,0.2741593172023566,-0.5451893899776347,-0.4613325020355274,0.6400799984227468,-0.021250158897368632,0.39847291485907793,-0.8181972686044985,-1.4623864142280927,-0.7909193139595491,0.09829194565300783,-0.6579017589300437,-1.1814380996731395,-1.1868646543411527,0.9514669858695372,-0.24957167156129867,-1.0331796259641153,-0.8288357664766336,-0.14868621372129137,-0.5201269427441013,0.15622381586954254,-1.4888843101009817,-1.4570023547862996,-0.4796933137160533,-1.3453938366519307,-0.22357249685909864,-1.4299278645609523,-1.2538362690571363,-1.5569621173772246,-0.05253401235453711
WWiqH2AjLdE,WWiqH2AjLdE.wav,-0.24315399806824436,0.004499110979574425,-0.390966802671844,0.5104469843724435,-0.40052554028915627,1.4600892349505368,-1.5069100342100799,2.32462790781596,0.09581064850160353,0.5120920920298192,-0.9402924022640963,0.864869802575416,0.15127977352778213,2.0420049625543,-0.2943246038237289,0.3399396744671847,0.14430179444338204,2.0350908838996413,0.521761735181504,0.5095867453982125,0.7222087870827104,2.4875591696101393,0.24493448534916087,1.3846205846859292,1.3704184766734704,2.1145359950852254,-0.8015635723125653,0.6234884265374934,0.3752826233032222,0.4418146045930197,-0.0971452104414933,0.7110826710654492
Z0NqdhrxaHo,Z0NqdhrxaHo.wav,-0.208420046338634,0.2186121355087693,-1.7328618854327145,0.43257931733915683,-2.3891643471763104,2.6000202781961663,0.05986672125059661,0.6009693834789224,-1.7782722857404318,1.9692580367494599,0.684529259156366,0.9612637437255207,-0.7708261348078751,2.8045763659916516,-0.26540927132712605,2.312322197701947,1.4652511879290386,2.167705923305252,0.813174580604603,0.15840964836195515,0.6002801924833624,2.071863161809096,0.09324716808473353,0.03404930502252158,0.595302225665761,1.2529685595146796,0.9030343230454693,-0.6865397458487797,2.282116592631342,1.3049013214891922,0.2870433938805965,-0.259122659264274
H7G8Q4m3ULo,H7G8Q4m3ULo.wav,-0.44427038206474123,-0.2588053146045669,1.1484167620297272,0.8387929389161214,1.1661907021354674,-0.4778973295354422,-1.397233900264191,-0.09889077468445168,0.9449861745898552,-1.1313918724238776,-0.6590162213255247,0.5230208201785083,0.41830166083994724,0.20051281538379295,-0.21070789629083858,0.6815788385640381,0.15123064250463455,-0.012828823424577678,0.4173019886560936,0.037890888574649124,-0.20993680723697325,0.6093250214362063,0.3670137153681368,0.21604804742199743,-0.37351580750629176,0.6416892479034221,-0.35252727725097566,1.9252923076583406,-1.392793893619928,-1.36112121276933,-0.35897164082329386,1.446901716488509
r18Js48_AHs,r18Js48_AHs.wav,1.4395171206530326,-0.4819686089567852,-1.7244732139261272,0.08722213363662303,-0.9018696076198316,1.3097638779730125,0.6713352576000905,0.31674489833580616,-2.16287883178981,1.3559103616970702,0.7578461267426159,-0.03568891325141073,-1.0522137890481815,1.2240933433172996,-2.4766390273992176,1.3921582874179486,0.6927208393680697,0.06189646789808792,-0.24738962849268886,0.8136065313714489,1.538356188960349,0.311395707643607,-0.49757461340532316,0.15062278042058325,-0.07251331291730236,-0.36243853604774307,2.0733739674899234,-1.8352874467672018,3.092617486788068,1.6476169988980813,1.3316132524689364,-1.0785717003650543
RDSwjEbU4P8,RDSwjEbU4P8.wav,0.7014260769476257,-0.5486604943374482,-0.11603331185414194,-0.44131830357740526,-1.0945507605221936,-0.062302966319392424,-1.0727343585912572,-0.036537672351476966,-1.8325753519620878,0.06107780335292142,0.7539628776457217,-0.5905089301155422,1.028081556762483,-1.1011045578785839,-0.01456533633343345,-0.7180661508737967,0.3193422287656188,-0.5492464367592187,-0.7275940706915545,-0.5971438676959183,1.0181599403601722,-1.1406488123142444,-0.46234705512425367,-0.747303140976114,0.6931851525266998,-1.4134926863988615,-0.18316539565159487,0.5492565751547328,-0.01920978888195453,-0.5269013791757685,-0.26409616570792505,0.25890529699432874
bxbQkaIB8PA,bxbQkaIB8PA.wav,1.1492359059716895,-0.5372690065866166,-0.41927405100808424,0.08084437179972828,0.27820144031047456,-0.5230260226378232,-0.3683525698752984,-0.9252909276224117,0.43049715221777596,-1.1210001234934284,-0.842054054126541,-1.6072865509932373,-0.7006607722787371,-0.32757414709731697,-0.3881197299867661,-0.9669637440159975,1.0234227039010033,-1.1201345206902917,0.6827437560201651,-1.1104994650640299,-0.37358348299577265,-1.3680133195993078,0.24631353017145885,-0.7380992817468753,-0.7868221536785472,-0.5252506748542534,1.0534553071365125,0.5910835406292405,0.4730046553032024,0.2734915015128142,0.8918171585705361,0.32809684330730365
7sWcmmUYHLg,7sWcmmUYHLg.wav,-0.8526601315161492,-0.15571531847281322,1.7699515452786554,0.5879952106644215,1.6265770029655018,-0.6802714379357441,0.9123019220139416,-0.705701611034124,1.3011510517522198,-0.8217101853591603,0.7905089652582352,-0.47988607331659267,-1.2145584451995186,-0.006903411802386758,0.7847747132068285,-1.1866140349927932,-2.231840637693297,0.30605031067150096,-0.626261222415291,0.3088012673974895,0.25382981654617076,-1.0343084410005963,0.21497858039914278,-0.4803336666156791,-0.7828707231353916,-0.635998677020789,-1.9465413743535778,-0.1900542533043839,-1.652537048859466,-1.0231825788228905,-1.7253078287071522,0.2795608783253098
QSKjD84Z6Rc,QSKjD84Z6Rc.wav,-0.2324097968410423,1.047252920211709,1.5376239131514966,0.8232462184938377,0.027060795179671863,-0.38572629368454286,0.9677553971159287,0.850888741087626,0.06413861991750826,-0.8168304638163429,0.16404848492012675,-1.0565242575774332,-0.3697355249096402,-0.031549098033340196,-0.45956901638662423,-0.8537938357834911,0.31045184618503374,-1.1354079931870094,-0.5026755943838156,-0.6839759035459018,-0.6143601656513744,-0.6302849701549554,-0.664099934661057,-1.0122510931878548,-0.9830343068493941,-1.0002194682491747,-1.1085294270436783,-0.306868104256486,-1.0682185958267574,-1.2857137923147564,-1.5036922079091122,0.3843602314363913
li12sPWf7-4,li12sPWf7-4.wav,-0.5227508434317321,0.17837579757479013,-0.6228014731797066,0.822008516604565,1.073591712696502,1.2079943054359539,1.2162996608563503,0.6360594528822974,-0.021496327228079967,1.3621260333255778,0.5381905203163836,0.9684055851307667,1.037200520614819,1.037640107776801,0.14069187902575656,2.3522423098381213,1.2706325051413319,0.8945335230404937,-0.5880598824410562,1.1718286470978927,1.2233845221165138,0.8518021877668078,0.4649760553340814,0.7746416634934928,-0.5340709706983077,0.3097052210955104,0.8149931755896103,0.03665943816996325,0.7261208795486822,1.603595325936821,0.9993498408552572,0.12855288030465792
2BUSGopaejM,2BUSGopaejM.wav,-0.6746743539018779,0.06983147321537711,0.0921755067736607,-0.6176841690453515,0.015385080226918124,-0.03288162223793322,-0.11782748828961154,-0.7231989934582239,-0.7774559945200263,0.9269656054254006,0.48356831509279713,0.17091621083719294,-0.19477869694575675,-0.16636244651431917,-0.7974390270378111,0.4566314205598686,0.9040690264565386,-0.6850826536334227,-0.6501203397843804,1.1394115113418901,1.287524779776989,0.5646193660826858,-0.5726643386724999,1.455425013560207,2.06274279308262,-0.556080929353808,-0.07809177129258885,-0.14464755337123653,-0.6872070069705314,-0.3388986242186811,0.08258240589182912,-0.5666468116885609
c2N47Y9kVDY,c2N47Y9kVDY.wav,1.1994093692220138,-0.5934032268872786,-2.2449510525682954,-1.4303406820771472,-1.3468060147060306,0.2905583360567422,0.30807172928341664,-0.4382286272895001,-0.979904048194948,0.04213712995464213,-0.09608532469322675,-1.5361272883651982,0.0027883416613525306,-0.8152269240256047,-1.5055640547933895,-0.21060025994709258,0.028830735115927035,-0.4575872292707524,-1.6223710510923104,-0.7702031472305373,-1.3031821511472403,-0.18233132174749084,-0.08746808278025217,0.04755248750415072,0.6956944472275389,0.3668400177557542,1.4654133265590878,-1.463438740307881,1.6324654382552148,1.086637928506853,1.3525982760977002,-1.6551181824152632
-OiCXpYQIWI,-OiCXpYQIWI.wav,-0.28691861092407356,-0.1674484548744922,0.8052298053701922,-0.9079500734655956,-0.5569877338271949,0.4222884057592693,1.2128765345712031,-0.33433700848534564,-2.4433086367476613,0.5816712674489662,-0.7979625264586224,-1.126928964096396,0.8224601361197917,-1.4764540712125591,-2.9552694542622424,-0.998377325471983,-0.9525992625033102,-1.4315867320234323,-1.1271012418057567,-1.266782340382982,-0.3692709772945302,-0.6585493663660865,-2.427310919372923,-1.3133956978226167,-0.15633097566213636,-0.7926338744283908,-0.815292937534222,-1.2228569366926971,-0.688706491782824,-0.9758729635260447,-0.9462200634872319,-1.1083985203240603
X3EK8cR6Tas,X3EK8cR6Tas.wav,-1.061489399027613,0.047375695248542876,-0.4083839015187582,-0.07061856179911126,0.4781594872295465,-1.1008436868746645,-0.562652114142894,-1.3993406201644167,-0.4721827090624225,-0.9364384148769166,-0.19606330405751862,-2.25766187858381,-0.6340180161960268,-2.394525851580712,0.1712083401271568,-1.4746868298133398,-1.063829416374249,-2.1881311113400597,-1.1160713045125223,-1.80546434031479,-1.7443214593833116,-1.190054573922698,-1.1072641366315574,-1.7875051023319777,-0.3166578521356476,-1.6377082780639716,0.49799653752799383,1.0811476907111663,-1.9516104822292324,-1.5769640051611435,0.5381880479928114,0.41948983781982513
7WurcdAkX-A,7WurcdAkX-A.wav,0.5324030841299179,-0.3926437306141319,-1.258366089502519,-0.3725016509327925,-0.19797674889573003,0.42829213072756706,0.12579885486382802,-0.1521568006970034,-1.0033206600680664,0.4108139990685676,0.5277315931292353,-0.9069165615992579,-1.8638017952448844,-1.4174650596808065,-0.4912920493814728,-0.9622502414767782,-1.4439481801325933,-1.370900200593944,-0.6629632529308518,-1.4209285386654074,0.3308716930682854,-1.3057670494690143,-1.1112462761142403,-0.45209741904629724,1.6903815441711223,-1.1615995181948784,1.0509638559954526,0.4089241985072097,-0.1266530690049189,-0.446814276277078,1.0606692152442627,-0.2389872927862187
-LD9nHXJma0,-LD9nHXJma0.wav,1.4668328220733267,-0.5760685661136823,-2.2679720449435923,-1.019505157696135,-1.8168091155551702,-1.1555870055651474,-0.4990854682845214,-1.2114418119367225,-1.2219664665380128,-1.0870611832592694,-0.7466251401488898,-0.596848502228844,0.1403009572680056,-1.3177546041085226,-0.8714163622122411,-1.1114940466434966,-1.2602597544566463,-1.467547366223188,-0.38823730911820636,-1.4439974466270444,-0.7563288574424625,-0.409349187182987,0.6811396431567218,-0.49670811872942616,0.9761907008791338,0.07985066110632937,1.317087019540535,-1.1279923514593255,2.0780999103432105,0.9534877404849051,1.0472952019776334,-1.3373317212415397
erM_s_Dtqvc,erM_s_Dtqvc.wav,0.3700758584543283,-0.24710512148126026,-0.22311355829768062,-0.20527196509341522,-1.020997891573841,0.13405717928611913,-0.9603299189370494,0.552973289230765,-0.3453455090774756,-0.6960787159668562,-0.5910530719194579,0.2066115557652227,1.0458181552800374,0.7177627427756779,-0.8736260582664225,0.4848763016930079,0.6214507665864102,0.6255190551693869,-0.4205179338429812,-0.041268608293633345,-0.7306658366643012,-0.32769725823320855,0.43508370145765857,-0.29958204567112423,-1.7065836185599028,0.4621945499837676,0.1238498413010402,0.009848654644635127,0.40823311841667825,-0.09322080716722404,-0.0929538783146965,0.009025645821172962
sQvDPZn-F8A,sQvDPZn-F8A.wav,0.6193948250708422,-0.38206287754821266,-0.8154375054736537,-0.9828026516480168,-1.0641997771330032,-0.020734952199849367,-0.9339112307060436,-0.6914237904565774,-1.2500737648499745,1.043521775209004,-0.32890255358550197,-0.47175034482951683,0.5610857021990093,-1.128405176007982,0.08449370559125201,-0.3524159552152418,-0.34851382608968584,-0.48717761686088684,-0.8167374047891013,-0.8243585721549378,1.3601143461444882,-0.5816710756345503,0.22219651414453903,-0.5257531025191851,1.1064850898308272,-0.08763091044225373,0.30801507798054967,0.37623349980759785,0.49559111089306546,-0.11641241401645766,0.4541681627323005,-0.2873698358080756
cGySz3A0et0,cGySz3A0et0.wav,1.4601192460582983,-0.4092622684421052,-2.4598833073944317,-0.6847424308095935,-0.4414427665482606,-0.8952564348113079,-0.36967565039399714,-0.9921035678784644,-0.21474970276068037,-0.8087942224069964,-0.49848616318422645,-0.8258717352301161,0.5124879728653162,-1.3371662823777168,-0.6064263184385235,-1.0176623146843113,-0.5294329962192386,-1.279172080912039,-0.64889797333633,-1.622207956914346,-1.216723122879058,-0.9698090124893477,-2.308294848727341,-1.0902757732920692,-0.0029855807714107632,-1.0934314031751056,2.436602352237927,-0.6564305455308013,1.9346948338188283,0.8161509102574663,2.29080427116707,-1.1852957314847923
roc73qEYhXY,roc73qEYhXY.wav,0.5504902645691907,-0.49442207543256933,-0.13961305726942974,-0.2422496904117873,-1.4091302420455303,0.6590158628167937,-0.08738698751961083,-0.3455322852042871,-1.6792980655812058,0.2698875938307661,-0.2749519154427719,-1.2148375899035815,-0.25221920374341106,-0.8986239152479759,-0.15369156541650847,-0.17148309252972666,0.23807866623752796,-0.9442423946035836,-1.0361239240731208,0.08413478518910844,-0.1936985354680517,0.319665104776871,-1.9767836410206963,-0.10899273373359553,0.03885513337011245,-0.10000046691093528,-0.515394118005687,0.35127586830972957,0.005051625940604201,-0.6570217253855727,-0.39979549080561716,0.10009009199687373
M_TU5kY0ZcY,M_TU5kY0ZcY.wav,0.5435074542059521,-0.39180914959016755,-0.9406185348724754,-1.3165568085983321,0.1688668357094117,-1.271620343736585,-1.5639866966401645,-0.9726712937510402,-0.5075761642769097,-0.7990018718428483,-3.746465101025082,-0.06550654214132044,-2.4082008704663935,0.6603341045530615,-1.591421586620297,-1.3781187275398945,-0.269181727665255,0.6537132167541923,4.25875069927509,-0.5840131519889769,-0.0776701651363162,-0.8071475814760959,-2.2795195619360245,-0.5838864829194994,1.076194606235783,-0.6290810452526441,1.2406236447416723,0.5287171932124404,-0.056506581016758956,-0.6854539012562944,1.3966259285184948,-0.3464821302703813
F2pf9wjt3JE,F2pf9wjt3JE.wav,0.5128517750119066,-0.5659417580102793,0.015579349093293728,0.39666696864681733,1.0722688548006034,-0.4696145333065358,-1.502149600170009,-0.4886945585185032,-1.2304634667972507,0.1700499025914356,-0.22482449886974312,1.166106969982146,0.17758587676380913,-0.8609361743122759,0.593489068825923,-1.011387105520521,-0.9221292011635073,-1.0575119280456124,-0.1347124706248142,-0.4694083218930972,0.7700326875144239,0.7473797845530403,-2.6425325639592288,2.618995477225678,0.27646143147300006,-0.0109564281379705,0.03679839599923798,2.075891427864399,0.07524515266898668,-0.41827222238802475,0.38506044547179585,1.6377351553451294
nslELMUyQmA,nslELMUyQmA.wav,-0.22525255528501462,-0.334479776523994,-0.6797135094451137,0.43713820042349477,-0.6882685156126613,-0.27936795107461343,-1.861079568357143,-0.7565813363699244,-0.06709542319235114,-1.2581997495823984,0.6242877012417284,-1.0864327730770058,-0.014027999323321603,-1.2338142434118609,-0.8176077438369536,-1.8251760152804688,-0.9865121665272601,-1.0463910693157978,-0.18995598438039,-1.178926395412247,-1.5232461325006093,-0.9863896862056107,-1.4045349358490078,-1.2290120886679219,0.7840185404773443,-0.8979168321079134,1.006210296188005,2.132488765743937,-0.5274796886714943,-0.35690342820673276,0.675517866943019,1.5591643802801318
45WujHvbL7g,45WujHvbL7g.wav,0.4372597244229526,-0.2006509940483173,0.1740141367624626,0.5947870989799225,1.4012157788251516,0.3280633496475972,0.6435034856720147,1.5816288774216685,0.950620887209134,0.5404583415961609,1.3218527844222452,-0.2124180355868329,0.4077049436728477,0.009171199234943916,1.027324032624351,0.5618199882320258,0.04333536179421211,1.4644411225295766,1.2969743531453881,1.4858140846414458,0.11478919026521196,0.9649088105161524,0.5804306640983934,0.7048500059021512,-0.0898929399952409,0.6539385034506682,-0.11381577643769791,0.336792023127113,0.032918520112970404,0.024684803854432454,0.2325075623148328,0.17900768725135469
BP-iMAAZdHQ,BP-iMAAZdHQ.wav,-0.29225253738259954,-0.023847863971344894,-0.6727124906347229,-0.9993729686438676,-0.3197618714336849,-1.0733284495706632,-0.5130368096989638,-0.5116435265327852,-0.4774371629164025,-0.45810800496917037,-0.20087962978336835,1.1512167559592503,0.22579486288026765,-0.3149411782850708,0.43049792518945723,0.22761687567734495,0.7858237479849358,0.0665682406895949,-0.07112163413017732,0.16841081291529117,-0.08276756376693477,-0.5279460677420305,-0.4944520330461871,-0.9872517777576346,-0.01525980788994551,-1.1992001011650364,0.6390144652775194,-0.8308958998442645,-0.6264048930311531,-0.44898196554843994,0.573579772351186,-1.1465608195754908
4l6leohBAkI,4l6leohBAkI.wav,-4.862746460682213,4.584958871854017,0.662042410089056,1.6856414195533016,-1.4668952499887604,1.4375448456404487,-0.33204813514516074,1.7932147708422133,-2.4494785955870078,3.9996254966690707,1.23900673469066,1.5704138330243889,-0.10057022839595951,1.8965344875772447,1.4058613734377465,1.7723242322324047,1.284819792653375,2.42506665859281,-0.8322498891298956,1.9413297062776,1.9896389987616685,2.123704063374254,-0.6574931669547445,4.061984531859039,2.452434850114859,2.8187526371051743,-1.8520733642250515,0.9324694622227321,-0.4387472421337466,-0.2382242450400806,-2.130781101971718,2.418840904983618
5gm15Q4iSZg,5gm15Q4iSZg.wav,-0.20447034525881055,0.1909765177614839,0.18752535141052093,0.13418952296742598,0.38395428953927446,1.3617705212590399,-0.6377661832127445,0.4241100443696447,-0.47358039725158285,1.3474268676561032,-0.03156460036452456,2.4904789470966264,0.18523187674431163,2.4388406944743153,-0.2935314317323444,0.9640589440567515,1.2196956713264975,1.453829499965616,1.4058981230569427,0.5632915039975175,0.5596226283276462,1.3464618284997023,1.4266820030252865,1.5295293411623883,-1.1409957703500646,2.9394577111605247,-0.028550457767548585,-0.14458534687561492,0.16898928962654156,-0.24402794304644987,-0.07173846890138276,0.138207501785014
FFYD5s-SSYk,FFYD5s-SSYk.wav,0.7230044706836797,-0.3952386616730354,-0.46416934621548345,-0.8137477461627521,-0.6010182346791907,-0.6647077778879719,1.2433686424660795,-0.7001430144735188,-0.38556912235615076,0.07324824820478722,0.20609859512784567,-1.3260517181250238,-0.39669872124755984,-1.2384244502594495,-2.280762260739185,-0.44078230601756696,-0.7154222736661554,-0.928210444906845,-1.591877438432091,-0.5899580096107946,0.28921669742451184,-1.136733023764137,0.8273831663639507,-0.4789173268154692,-1.3797114682375262,-0.37509915835815283,0.621783351267403,-1.3522644614214432,-0.063477481511236,-0.5241253083121207,0.356121508045835,-1.3284735656838338
NVwOsm1edT8,NVwOsm1edT8.wav,0.8534110408816973,-0.3641498848537173,0.8395594709844526,-0.19845378914188302,1.457299273383426,-0.8302657576544603,1.5522593161082099,-0.7726747748559152,1.2990670226115137,-1.1092464752947906,0.9211026711626733,-0.4675840388052677,1.3384528302205563,-1.193665321964336,0.5934080688820533,-0.709544209434924,1.1044500670045303,-0.7185064839840065,1.269267019690591,-1.2149582808255344,0.49673964145406724,-1.0288133896700304,1.6754173935834733,-1.9423827403071343,0.24718170324555805,-0.1964403274502726,-0.12960241807423514,-0.5411793302629037,-0.27407480144095947,-0.4076868934823777,-0.18118924564575023,-0.6701957810895796
4PVctQgFotE,4PVctQgFotE.wav,-0.07988324650959248,0.2756916113600166,-0.133818461219138,0.8637206211427578,0.9886939971322022,0.11225608976457814,-0.042980842308344126,-0.11457214254068039,1.0933652086499557,-0.3618868015720218,-0.3328956086044241,0.019527337643884677,-0.23492562735897551,-0.15931341972937146,1.7612716287425747,-0.7365212776114506,-0.7883877466790781,-0.5846030943567967,1.3839598826366015,-0.2847953941653603,-0.11951851698220567,-0.5412554184716292,0.09614078825581675,-0.2524191085072619,-0.33325321537190633,-0.4322918695403877,0.530461793591228,0.9484146801741877,0.3475114104967754,0.1553448321679194,0.5828361311866058,0.7635635340285544
X4LC9t6Bxgg,X4LC9t6Bxgg.wav,-0.6549798336046185,0.1250043872006171,-1.5665733437511065,0.5178309887538832,-1.0662099609900697,0.8636692008604088,-0.13624770597808541,0.36884026206040166,-0.7797856999660765,0.8145452640769802,-0.9926352379928857,0.4832199309521159,-0.5255470074529973,1.017190513712274,-0.6223214830712637,1.0398163814176247,0.6769679123362722,0.580711084959763,-0.9983879324422341,0.9369479697801755,0.7159523403813363,0.15146880807660112,-0.8675762616108957,1.628721900627453,1.4684171940231034,1.0518521324918317,1.4846861114282992,1.377957578632554,0.11479991783930335,0.19554217235592872,1.1018736260905755,1.0963253077412491
rDQEwdinjB8,rDQEwdinjB8.wav,1.0703313860967167,-0.3864718028634096,-1.3859761274025195,-1.282265221702337,0.40670731017348405,-0.027518336564971844,-1.6592241656486342,-0.3494902269727833,1.689045981603642,-0.739707372486454,-1.8538087906920118,0.32396594651335314,-0.9759522000597127,-0.42540129493930257,-0.4731291391899231,-0.3609752907124396,0.5307801597307997,-0.3620302226095151,0.8970071833382752,-0.38268653351476956,0.05541588832244236,-0.3260296959945847,1.6420882560853474,-0.06820068678088317,-0.6489186978612816,0.21727130055624505,2.0186268879702167,0.16150604411192954,1.4894254580829893,1.0193451456873805,2.579347937296739,-0.815873774210364
SFwaMcQDngY,SFwaMcQDngY.wav,1.4608323535914989,-0.7408271000658646,-0.17326143135838054,0.5129816398759268,0.0038379723064672334,-0.050781460407341134,0.3730413182315507,0.522116714869892,-0.01822222751610903,-0.3616643806257085,-0.057325291796007406,-0.1161725622286809,0.15447411031436978,-0.5415361470926129,-1.2362261782668456,0.8544893829682481,0.7963659081536163,-0.5527314454240505,-0.36704834596270386,-0.08913950477562653,1.1622392033718008,-0.13240521727807453,-0.2004356427017443,-0.5212337218594699,-0.04181839766803699,-0.6244898969396774,0.4846786632648273,0.16899921365447773,2.7047454273276332,3.264309633094817,0.4604641348559821,0.4122694001847534
2TaDuxhlOug,2TaDuxhlOug.wav,1.3643292582788404,-0.35624372480613664,-1.5086967104237987,0.6070075187521041,-0.13177475772988634,0.724485820408532,1.5436602597338767,-0.014162913177416577,-2.0884054278863484,1.3911358982215603,-0.2672789530501609,0.2622054567589375,-1.6691542732205913,1.5369231504266205,-0.4618730765277969,0.6835486106929602,0.3635801783208362,-0.3747376426707665,-0.6947870339110287,0.7188289508347776,0.5839903709964048,-0.10878366005393157,-1.6581667637286963,0.12549769244481668,0.06507468668465019,0.37492622339874176,1.295322304359254,-1.3946922947422262,3.011224181278264,1.6350285665366624,0.9787141538859958,-1.1096304355426319
Iq7avsVBI0k,Iq7avsVBI0k.wav,0.8447199092965969,-0.5338024867070253,0.8930460589112007,-0.5399318213337918,0.6737940163124845,-0.8599253669147104,0.2518993702196113,0.7283430658038847,0.8434569640837992,-0.19009981974491316,1.084020621793497,-0.14185774235015597,1.1444875009618438,-0.4116129448533244,1.910354268648541,0.33906300483181945,0.0542210262745404,1.300234643438661,2.4775254731778067,0.9076111676953893,0.04965792506628077,0.7853483788562212,2.2537922708256275,0.16288011484111273,0.44770253430117257,0.3598064355409082,-0.7410790211574548,-0.8741817870785326,-0.3704806557726627,-0.5919667703619418,-0.5692684166960559,-0.8891675290487835
j9SBb-jN0dA,j9SBb-jN0dA.wav,0.08435370758287408,-0.3200299099453905,0.40985272439825476,-0.16658081786730086,0.473678147443588,-0.4092290156819489,-0.258204280338487,1.6997179913379667,-0.39478591188751755,0.803021059481611,-0.38861931015234286,0.28039675995063873,-2.6411504243754327,3.516168733066318,0.7046747912757896,0.20129578347231777,0.05256307561041841,1.725047034341995,0.41868051181286303,0.7107432644933309,-0.04524960582013892,1.3164765498406352,0.9611405927666015,0.6767439412231203,-1.1038793040473616,1.477885017533515,-0.8533770920162068,-0.8362070536721035,-0.3308048505487859,-0.7535749821232101,-0.5731856498854163,-0.6430181063700295
RjuflVVbqlk,RjuflVVbqlk.wav,0.671392311182857,-0.514913376739427,0.9643142223604804,0.7610294861134059,0.9837656967084364,0.08925958288891521,1.211544084537829,0.049645180776907154,0.9230339551825988,-0.22706393718608456,1.49444103921997,-1.2150453766618248,-1.3644436226200174,0.5827053476159882,0.9194541824039263,-0.1319055816797471,-0.29217569332450605,-0.9612397164025474,-0.5631011673643604,1.6185601371989244,1.7970109890306438,-0.2231997659955796,-0.48875140696820074,0.6371532590029934,-0.7118490359032097,0.9407263571617279,-0.976713565613474,0.05341167883099469,-0.43490645302282194,-0.2708705079175431,-0.83605439115077,0.27932592051772054
TLWN46VXsz4,TLWN46VXsz4.wav,0.9956003201326542,-0.531855587770654,-0.27618200512315355,-0.9815856904451556,0.33695651556656175,0.6522418668850587,-0.2887251857681442,0.4336875013972926,-0.6114485804549533,0.9985657931085395,-0.21719682851041958,0.04271258423760137,-1.1984199395726263,-0.018369115149927236,-0.3720316989838187,-0.45343528724380655,1.332091975626887,0.47143377254911806,0.820610102498272,-0.20987497318355605,-0.295519961482641,-0.4496697341041422,-0.4499569886721354,-0.3763508869907303,0.5540779052787331,-1.2118283912512133,0.5116945432696397,0.2705276368936163,1.2559182034292968,1.489888399614282,0.6835322431849717,-0.02595521280706106
R3kBTJ-SBiM,R3kBTJ-SBiM.wav,0.9789705559251319,-0.617290285971061,-1.0025179505132322,-1.1170330818530207,-1.6623550005068377,-0.7318251302185292,-0.14954520115261316,-0.5807457870951681,0.029179482724342756,-0.9265143516034111,-0.060011914471786124,-0.5897191454794724,-0.2180077110360386,-0.46464884643741045,-0.3696031773393388,-0.7594992870103603,-0.8832062508301135,0.12777274965552546,-0.7096073579141303,-0.24665028673394196,0.8150962107845378,0.042451748146849745,-0.3854603858503274,0.42918737575405785,1.9645636031916007,0.3518770690848122,0.500724148613646,-0.8315999682144029,0.5547941275585747,0.6846498011271964,0.29878063983332626,-0.8777485159054278
FYxChz-CWJY,FYxChz-CWJY.wav,1.378896949495383,-0.7525775976978707,1.2696048864770006,-1.3859349826552778,-1.0234153013802303,0.47743023488330194,-0.43989813068209005,0.1670117597110684,-1.808481955172984,0.37886378498181883,0.433160034168141,-1.4842499806533085,-0.8163507957704605,-0.7757381227007202,-0.027259320889641506,-0.6475825780512474,0.15557413906073825,0.5635272608754832,-0.12450086150723932,1.5999942690646975,0.4165853695938681,0.4477908887614165,-1.0546409835043833,0.405246024870059,0.1508162093891381,0.6651345951264106,-0.9816737529098264,-0.6936647096401355,0.4251446988145915,-0.5666268936275378,-1.2063199656480836,-0.7060805939065699
xkE-CLCi-k8,xkE-CLCi-k8.wav,-0.1877836100103242,0.6661174475131655,2.187752644292994,0.5063387528108432,0.9364461924353892,-0.23557620762082504,0.8153373847840762,0.5218270568930314,0.8740351172252879,-0.4622466910602292,0.5008174384862711,0.6614655331786352,1.5591934118499122,0.3049197022818725,0.42402975062571,0.8375757771973523,-0.13130533203651215,0.6865420246997954,1.0074896347324334,0.4047508215931338,-0.2502995080049853,1.56302901534448,1.886287981401433,0.6648145970761974,0.22878988959741212,0.9137673383727093,-1.8574789261057518,-0.08921345078377561,-0.7961717972940129,-0.4445693848248788,-1.8311713195949806,0.49842581339511866
