file_id,filename,filepath,transcript
GapPidut5nk,GapPidut5nk.wav,data/GapPidut5nk.wav,"the movie that Chris and I made first, which is called Cloudy with a Chance of Meatballs. It's based on my favorite kid's book, and it's got all these amazing set pieces in it because it's about a town where it rains food. And the only thing the book doesn't have are characters and a story. Which makes it a great Hollywood movie. So Chris and I got the chance to write the screenplay for this movie, and we spent a year working on it, and it was super duper funny, and it totally got us fired. And they spent a year on it, and they basically took out all of our funny jokes and interesting stuff, and revealed the gaping story flaws in our original screenplay, which was an incredible service to the movie, but not very helpful for them because they got fired as well. And then this is a weird twist. We got hired back to replace them, which never happens. Being a director isn't just about mercilessly imposing your creative will on others. It's in large part about enabling the creativity of others, about creating the conditions for innovation. And when we threw out that script, what we did is we invited all these ideas in, and believe me, it was so chaotic. But it wound up working in our favor because suddenly all of this pent-up creativity was able to flourish, and we drafted off of the more experienced members of our team, and we were able to make the movie a lot better by basically pitching them the movie, getting their feedback or hate mail, and then going back to our office and figuring out some new stuff and pitching it back to them, and so on and so on and so on, and we made the movie better and better and better."
m8VTL7jXleg,m8VTL7jXleg.wav,data/m8VTL7jXleg.wav,"One key benefit of parkour is that it builds functional fitness, movements that enhance daily life and also help protect us from injury. This means training our bodies in a way that improves our ability to perform everyday activities, whether it's bending over to tie your shoe, squatting down to pick something up, simply getting up off the floor or climbing up to reach a high shelf. To show how some of these simple movements progress in parkour, let's add some obstacles. An extension of the squat is a jump or drop to landing. Good landings are key for anyone who does sports, plays with their kids, hops out of a truck bed or drops off a rock while hiking. If you need to take a bigger drop, fall off your bike or trip over a curb, the roll is a key skill to know. Rolls allow you to absorb impact over more time and distance, which may lead to less fall damage and better flow. While everyone encounters hip-high barriers, most people walk around them. But what if you knew you could easily vault over? Vaults save time, build confidence, and they look pretty cool. And lastly, the move that started my parkour journey, the climb-up. Climbuks are used to get up something head-high or taller. Maybe you need to scale a building to help someone or get over a gate, wall or fence to escape danger. Or more likely, you forgot your keys and have to climb up to an open window or balcony. Well, it's unlikely, that we'll ever need to use these skills. Parkour teaches you to embrace challenge. The obstacle becomes the way."
6DV_6-4gWd8,6DV_6-4gWd8.wav,data/6DV_6-4gWd8.wav,"Babies are really willing to do dangerous things. So these are videos captured in the lab. And the finding from this work is that one-year-old babies are perfectly willing to walk off the edge of these steep drop-offs without even thinking twice. And in fact, they need months of experience learning to walk before they start to show any signs of fear in these situations. If you test babies at the same age, you see a completely different pattern of results. Here is an example of one of our stimuli. And babies are gonna see someone else, this red guy in the middle, face a choice, to jump left or jump right. Now, intuitively, you can recognize that one of these choices is more dangerous than the other. Falling in the ditch on the left would be a lot worse. So all else being equal, maybe this red guy is gonna go right. And the question for babies was, can they make that distinction? And do they have that same expectation? They look longer when someone chooses a dangerous thing over a safe thing. But in contrast, the very same babies responded completely differently when they saw these very different and very, very similar control videos, except this time there are no characters in the scene, so there's no danger at all. And this suggests is that they're not responding to the obstacles themselves, and they're actually really responding to the danger that's imposed by the obstacles. So to me, these findings and many other findings from our field tell us that babies have abstract knowledge about the social and the physical world. They can perceive and reason about events that they've never seen before, like these stimuli. So the next time you look into the eyes of a baby, know that there's way more going on in their minds and brains than you might think. Thank you."
DHO1o5F-pLw,DHO1o5F-pLw.wav,data/DHO1o5F-pLw.wav,"I wanted to talk to my grandfather because he, like me, was an artist. I wondered, could I get to know him? Could I even come to love him, even though our lifespans didn't overlap? My father has worked for decades on natural language processing, and several years ago, he realized that if we married AI with my grandfather's writing, we could build a chatbot that writes in my grandfather's voice. This project helped me realize that AI could actually help us ward off annihilation by animating the legacies of our families and our cultures. After much anticipation, I sat down to chat with this new intelligence, an algorithm commanding over 600 typed pages of letters, lectures, notes, essays, and other written documents from the grandfather I never met. When I asked about Fred's dreams, he told me about the challenge, the challenge of keeping his new orchestra afloat. When I asked about Fred's anxieties, I learned about the stress of being a new father while working so hard. I had wondered if this project would feel like a resurrection. But rather than bringing my grandfather from the past into the present, it felt like I was the one time-traveling, visiting him for a moment at different points in his life. And this kind of time travel didn't feel like a time-traveling of a new life. It felt like sci-fi. It felt like the kind of imaginative travel I do when I'm cartooning. I do believe that we are more than our bodies, that the projects and impressions we leave behind are a part of our essential selves. And I think AI has a special role to play in the mission of memory. I did not come to see the chatbot of my grandfather as replacing my grandfather. I came to see it as one way to interact with his legacy. As a child, I was a child of a child. As somebody who has spent their whole life trying to document people, I can assure you that people are much bigger and weirder than any one depiction or any one moment in time can possibly evoke."
tImrz6QFEnc,tImrz6QFEnc.wav,data/tImrz6QFEnc.wav,"Most people need to eat. Most people want to have sex. Most people would prefer to be warm than cold, dry than wet, and so on. So there are some very, very basic things that apply to human beings, queer human beings. And out of these facts, we can read off a good deal about how we should treat one another. In other words, our oughts, what we ought to do, comes from these basic fundamental descriptions of how things are with human beings. Think, for example, about the UN Declaration of Human Rights. What possible justification can you give for saying that people have a right to life, have a right to freedom of expression, they have a right to privacy, that they have a right to be treated humanely? What is the justification for this? Well, in the case of the UN Declaration of Human Rights, they had the immediate memory of the most appalling atrocities and disasters and suffering of human beings during the course of the Second World War. The rubble of bombed cities and the emaciated figures of thousands of people in concentration camps to tell them what the rights of human beings should be. I mean, it is an absolutely open and shut case as to how we should respond to facts about human welfare and human suffering. And out of those facts, we should easily be able to derive of what our moral responsibilities are to one another and how we should live."
ZxCY6RF_ZB0,ZxCY6RF_ZB0.wav,data/ZxCY6RF_ZB0.wav,"Describe your first pinch me moment. Ten years ago, I worked for Saturday Night Live. My very first Saturday there, I went down from the writers room and I watched the ending credits on the floor at Studio 8H. When you're down there, you see the cast on stage clapping, the band is playing. And what you may or may not know is to the left and right of the screen, there are monitors and we get to see what you guys see at home. And I saw the credits going and you see the word writers and then you see all of the writers' names cycling under the word writers. And I saw my name and it was mind blowing. You know, I was definitely like starstruck in that moment that my name was there and I was there as well. But it was like an aha moment because I had never called myself a writer. And I don't know when it happened, but somewhere along the way, I told myself that I can't call myself a writer until someone else calls me a writer. And I had given away that power. And it was from that moment on I realized I know I had ambitions to direct and to act on the screen and to be on Broadway and all these things. I wasn't going to wait to have someone else give me that identity. Because just because your paycheck doesn't match your ambition doesn't mean you aren't those things."
NlLmAbt7Q9k,NlLmAbt7Q9k.wav,data/NlLmAbt7Q9k.wav,"When I first began using gunpowder to create art, I would lay out a canvas in the living room and set off small explosions on it. Seeing the canvas on fire one day, my grandmother threw a linear rack over the flame. It was my grandma who taught me that while it's important to light fires, it's more important to know how to put them out. My creations forever oscillate between destruction and construction, control and freedom, dictatorship and democracy. In the early 90s, I conceived a work titled Sky Letter, a letter made of fireworks that would connect heaven and earth. In my hometown, it's said that 500 meters is the height of the clouds. So the letter symbolized a useful dream of reaching for the stars and touching the clouds. I've created so much art around the world, but my grandma has never seen any of them in person. So I was determined to do something awesome for her to see. One morning in 2015, at the crack of dawn, a golden letter rose into the sky. It was a birthday present from my grandmother, who turned 100 that year. She passed away. One month later."
Gt6ZYdhRW5k,Gt6ZYdhRW5k.wav,data/Gt6ZYdhRW5k.wav,"We are a culture that is obsessed with optimization and productivity. We've got podcasts coming out of our asses about how to do breath work and be the best versions of ourselves. We're looking at meditation practices, sleep practices, exercise practices. How can we optimize and be the best versions of ourselves? And no one's talking about creativity. No one's talking about making stuff. It is the missing pillar of self-development. We need less consumption, more creation. We're living in a culture that sidelines the creative act, that says it's something for children or something for the retired. It's an indulgence. It's a little bit selfish. It's frivolous. It's decoration. The creative act, art, is anything we do where we create something with the intention to connect. It reclaims your most valuable resource, which has been robbed of us. And that's our attention. In a society that profits from you being stuck on your phone, giving your attention to art is a rebellious act. That means when you write that little piece of poetry, it isn't just a nice thing to do with your time. It is a revolutionary thing to do with your time. When I talk about how we need your art, I am talking to you. This conversation is about you. Even if you don't have a creative bone in your body, you have so much to make. There's so many things that you have to give this work. So, I'm going to give you a little bit of a piece of poetry. I'm going to give you a little bit of a piece of poetry. I'm going to give you a little bit of a piece of poetry. I want you to take some of those 10 years back from Zuckerberg and give it to a project you want to work on."
u8ADrC5FOCA,u8ADrC5FOCA.wav,data/u8ADrC5FOCA.wav,"The concept of emergence, how does our experience of the world emerge from those simpler laws? Water would be a good analogy, a liquid. So you say, well, I know what water is, it's a thing, and if I pour it on my head I get wet. But the underlying description of water is just a load of molecules, hydrogen and oxygen. And we know how they're bonded together into the molecule. So out of that structure and that behavior emerges something that we have a word for, which is wetness, liquid. But you see that it's rather complicated if you try to say exactly what do we mean by wet. And I think for me it's the same with quantum mechanics. So if you go to a good modern textbook, you'll see calculations that show you about this thing decoherence, where systems can become entangled with larger macroscopes. And you can see it in the mathematics, but it's when you start to try to build an intuitive picture of it that you have to be careful."
_8BKbEbwCLE,_8BKbEbwCLE.wav,data/_8BKbEbwCLE.wav,"The reason why AI is hard to regulate is because we cannot understand the system. Even the people who design the systems, we don't understand those systems. They are black boxes. With Liquid, because we are fundamentally using mathematics that are understandable, we have tools to really understand and pinpoint which part of the system is responsible for what. You're designing white box systems. So if you have systems that you can understand their behavior, that means even if you scale them into something very, very intelligent, you can always have a lot of control over that system because you understand it. You can never let it go rogue. So all of the crises we are dealing with right now, you know, doomsday kind of scenarios, is all about scaling a technology that we don't understand. With Liquid, our purpose is to really calm people down and show people that you can have very powerful systems, that you have a lot of control and visibility into their working mechanisms. If you have an AI system that helps us understand mathematics, you can solve the economy of the world. If you have an AI system that can understand humanitarian sciences, we can actually solve all of our conflicts. I want this system to, given Einstein's and Maxwell's equations, take it and solve new physics, you know. The gift of having something very superintelligent is massive and it can enable a lot of things for us. But at the same time, we need to have control over that technology because this is the first time that we're going to have a technology that is going to be better than all of humanity combined."
9yHOzEXbjgg,9yHOzEXbjgg.wav,data/9yHOzEXbjgg.wav,"When adults would come to me for therapy and say things like, oh, I know I talked about asking my boss for a promotion, but I just didn't do it. Or, I know we're working on my anger, but I yelled this week. I would never say to those people, give me your phone. No dessert for a week. I want you to leave my office and come back when you don't yell. I want you to leave my office and come back when you ask for that promotion. I mean, can you imagine the therapist? I would hope any client would say, well, I'm never coming back to see you again. Why would adding shame and blame help me improve my behavior? Like, literally, what's your theory for why that would even work? And I just started thinking, there is no way that what adults need to change could be at complete odds with what children need to grow. And then I realized, wait, I actually think we're, like, causing all of these problems in childhood and trying to fix them. And adulthood is just a remarkably inefficient system, which is not a way of saying I think we can be perfect parents. We cannot, and we're all going to struggle with things, and I hope my kids go to therapy to talk about things in their life. But we don't have to approach our kids with punishment and harshness. And if we do, why would we expect them to actually thrive in adulthood? We're actually trying to unwire all of that self-criticism and self-blame that we have as adults, from our childhood, so we can finally have a little bit more groundedness and perspective to actually make the productive changes we want in our life."
7i-cY6wgD9g,7i-cY6wgD9g.wav,data/7i-cY6wgD9g.wav,"The 24-hour news cycle that we have pinging relentlessly into our phones was really born in and because of war. The first dedicated 24-hours-a-day news network, the first global one, CNN, really cemented its name in 1990 with its on-the-ground coverage of the first Gulf War. Now, I think if I was to ask all of you today to imagine what war reporting looks like, you'd probably conjure up an image of someone in a helmet, a flak jacket, maybe dodging out of the way of an incoming projectile, an image that often becomes the story and even the headline. But I worry if it drowns out, if it dominates other sides of conflicts, like the devastating impact on civilians whose lives are upended, who lose their loved ones, who have to live with life-shattering injuries, then maybe it tips into the fetishization of violence. Of course, there are always human interest news pieces, but in journalism, they're always called the softer stories, which puzzled me because sometimes they're the most gut-wrenching part of any conflict."
dfbEVbHCCrE,dfbEVbHCCrE.wav,data/dfbEVbHCCrE.wav,"Here's the ring of power from Lord of the Rings. What's in everyone's mind as we see technology CEOs get more powerful, get richer, is can they handle it? Or does it become irresistible? Does the power and the wealth make it impossible to sometimes do the right thing and you just have to cling tightly to that ring? What do you think? I mean, do you feel that ring sometimes? How do you think I'm doing relative to other CEOs that have gotten a lot of power and changed how they act or done a bunch of stuff in the world? Like, how do you think? You are not a rude, angry person who comes out and says aggressive things to other people. Sometimes I do that. That's my single vice. So few people in the world have the kind of capability and potential you have. We don't know what it feels like. What does it feel like? Shockingly the same as before. I think... You can get used to anything step by step. I think if I were like transported from 10 years ago to right now all at once, it would feel very disorienting. But anything does become sort of the new normal. So it doesn't feel any different. And it's strange to be sitting here talking about this, but like, you know, the monotony of day-to-day life, which I mean in the best possible way, feels exactly the same."
RxSXiXePMFM,RxSXiXePMFM.wav,data/RxSXiXePMFM.wav,"There is a right way to say no and a wrong way to say no. And it boils down to this. The wrong way to say no is a no that comes with justifications. It could sound like this. No, because what you know, I have that thing to do and it just, this is how I feel. And you know, I'm really been working on my X, Y, and Z and you feel like you have to convince them. You feel like you have to make them feel comfortable with the fact that you're saying no because you have this fear that you're going to disappoint them. You are feeling their feelings for them. When you do that, the good way of saying no is one that has no justifications or explanations tied to it. You've heard this idea of no is a complete sentence. No, when I just give you a waterfall of information, there's not much you can do with it. I'm giving you too much. Instead of being a waterfall, be a well. If people want more information, they can draw it from you. When you are always giving so much information, you are giving so much more. It gives them more to sift through. And in exchange, people will always believe the negative. They look for the negative. They don't look for the positive."
96h3omRdn-8,96h3omRdn-8.wav,data/96h3omRdn-8.wav,"How many times have you heard someone say, I hate surprises? I think when people say that, what they're actually saying is, please don't surprise me with something unexpected that I don't actually want. I'm here to tell you that surprises when done well are one of the easiest ways to bring joy into our everyday lives. I would love to tell you actually about my grandpa's funeral a couple years ago. You can imagine walking into that funeral home, kind of a bleak scene. It's like blank walls, kind of a drab carpet, just a bunch of chairs. You see a stack of what you assume to be prayer cards or like an obituary. It's actually not an obituary, but instead it's a list of 100 grandpa's life advice. 100 things that grandpa said that my uncle had compiled over decades of things that grandpa used to say. And all of a sudden, it was like his voice was there in the room, like you could hear it. You could hear him."
J1WIKUd13D0,J1WIKUd13D0.wav,data/J1WIKUd13D0.wav,"I think you should disappoint your parents. There was no precedent to being gay and Iranian, so claiming it for myself felt ridiculous, like I was coming out as a leprechaun. But the moment that I brought the worst shame imaginable onto my family, something incredible happened. Do you know what is scary after destroying the hopes and dreams of the people that you love the most? Literally nothing. In the wake of losing my family, I lost my fear. So as we stopped talking, I started writing. I'd wanted to be a filmmaker since I was nine years old. And for the first time in my life, my work started speaking to other people. I let go of my idea of good and trying to fit into other people's notion of good, and I ended up finding my own. Eventually, my parents realized that being gay wasn't a death sentence, and we found each other. But on new terms. They are the heart of my life. They are part of me. They built me. But they don't get to determine the rules of my life. Nobody does. I challenge you to disappoint your parents and to take the rules that they pass down from their own parents and ask if those are rules that you would choose for yourself. I challenge you to be a little more honest and a little less obedient, not just with your parents, but with the world."
hlmyoHCGZy0,hlmyoHCGZy0.wav,data/hlmyoHCGZy0.wav,"When people ask me why therapy is worth doing, they'll often say, well, is it just that it'll make me happy? And I usually say, no, it's not that it'll make you happy. It's that it will drastically increase the depth and authenticity of your happiness. And it will honor the cathartic beauty of your sadness. And it will make the profoundly necessary space for every feeling that lives in between. Happiness is not a sustainable end goal. Happiness is only one of many healthy, useful, important emotions. And in therapy, you have the permission and support to feel the full range of human emotion instead of just one small slice. It might be difficult to understand how transformative that is until you see the magic it can spark in your life. I know I didn't get it until I tried it myself. But with all that said, this kind of deep, meaningful experience is better felt than explained. So go feel it."
WwvCqrssPnk,WwvCqrssPnk.wav,data/WwvCqrssPnk.wav,"Let's write an email together, starting with the greeting. Hi, and a first name is probably fine. It's 2019, we're all friends here. Save dear and using someone's title for more formal situations, such as an official briefing or an invitation. The body of our email. Assume that everyone you're communicating with is smarter than you and cares more than you and is busier than you. No jargon, no small talk. You do not have to ask after your recipient's health every time you email them. There is a correct way to sign off an email. It is best wishes. Best and all the best are also acceptable. My email etiquette philosophy is guided by one fundamental principle. Reducing the burden of email as much as possible."
n4V7HIxOPVE,n4V7HIxOPVE.wav,data/n4V7HIxOPVE.wav,"It's a logical fallacy to say that just because pleasure doesn't equal happiness, that suffering therefore must. And it's a risk that we fetishize suffering, that we enjoy this kind of masochistic misery and we see that as essential to flourishing. But of course that's not true. And the second pillar, the second light which emerges across all these traditions is moderation, that we have to find a middle way. And moderation is essential to a lot of philosophies. It's found in the Buddhist's middle way and it's in Aristotle's golden mean. So Aristotle, for example, argued that if we want to be virtuous in life, if we want to find the virtue, it lies between two vices. There's a vice of excess and the vice of deficiency. So let's say the virtue of courage, it's found between the vice of excess, which is recklessness, and the vice of deficiency, which would be cowardice. So the middle way is how we're to be virtuous. And as we see later on in his Nicomachean Ethics, to be virtuous is also to be happy. And so we need some kind of moderation. So happiness is not pleasure and happiness is not suffering. And so we need some kind of moderation. So happiness is not pleasure and suffering. And that idea of moderation pops up again and again and again."
RUdpj0CCD3Y,RUdpj0CCD3Y.wav,data/RUdpj0CCD3Y.wav,"My goal was always a seat at the table. It's what women are conditioned to believe success is. Now, I've been fortunate enough to sit at a few seats at a few different tables, and what I've learned is, when you get the seat, trying to fix the seat won't fix the problem. Why? Because the table was never built for us in the first place. Women are assigned 10% more work and spend more time on unrewarded, unrecognized and non-promotable tasks. Basically, what this means is, all the things men don't want to do are being handed to women. A woman shouldn't be grateful to sit at a table. She should be paid to sit at a table. Especially ones she largely helped build. You can help create this future, a future where everyone is seated at the table equally, because girls are encouraged, empowered and expected to do great things. And I can't wait. To make that a reality."
YnailukMUGw,YnailukMUGw.wav,data/YnailukMUGw.wav,"A group of pelicans came in from one side and noticed something intriguing in the water. Then another group came in from the other side and circled around to check it out. I'm using a process here called photo stacking, where you take multiple pictures from a fixed point over time and layer them into one composite photograph. Photo stacking is a way to show the trails of things like stars, fireflies, athletes, airplanes, pretty much anything that moves. It's a way to make the shape of those movements visible. So this isn't one moment frozen in time like a traditional photograph, but something more like a story told in two dimensions with layers of the fourth dimension. Most of these have between 500 and 2,000 layers. And sometimes they seem to sort of sketch out other things that are usually invisible to us, like the thermal updrafts that hawks and vultures ride on, finding even the smallest, the most valuable parts of the world. But there's also patches of turbulence in the air to carry them. We humans have invented whole digital worlds, but sometimes we still need to be reminded that there's more in this heaven and earth than is dreamt of in our philosophy, and that there are endless ways to look at familiar sights, like a bird in flight with fresh eyes, to expand our shared experience in a way that connects us with the rest of the living world, to feel both kinship with our fellow creatures, and respect, and kindness for their otherness."
qIqm3whgnZU,qIqm3whgnZU.wav,data/qIqm3whgnZU.wav,"Most poor countries are organized in ways which block people's incentives and block people's opportunities. And that's what creates poverty. What is this? This is a patent. It was taken out by Thomas Edison in 1880, who invented the light bulb. So Edison had an invention. And what did he do? He took out a patent. The patent protected his intellectual property rights. It stopped people from copying his idea. And that created incentives for people to innovate. In the United States, in the late 18th century, political power was sufficiently broadly distributed in society that you couldn't have some oligarchized patent system. You couldn't have a patent system where Thomas Jefferson could decide, you know, hmm, maybe you get a patent and maybe you don't. Maybe I'll give you a patent, but I don't like your face. You're not getting a patent. That wasn't possible, given how democratic U.S. society was at the time. So one thing which is important about creating these inclusions was the distribution of political power in society."
XYafUpDCu5Y,XYafUpDCu5Y.wav,data/XYafUpDCu5Y.wav,"If you look at the number of housing units permitted in California over the last, say, 40 years, it's basically a staircase down. You have higher permitting in the 1980s than in parts of the 1990s, higher permitting in the 1990s than in parts of the 2000s, and then it eventually just peters away. At some point in the last 50 to 60 years, something changed in the way these cities treated housing supply. You saw a proliferation of zoning, for example, single-family zoning. But even more importantly, you had a revolution of laws and customs that allowed neighbors to decide what could and couldn't be built around them. This is around the time that you have the rise of the so-called NIMBY movement, Not In My Backyard. And they blocked development in San Francisco and Los Angeles and New York and Boston. They found ways to essentially tie up the housing supply to the housing supply. And they found ways to essentially tie up the new development projects in so much red tape that it made it impossible for developers, whether in the private sector or for public housing, to enter markets and say, we're excited about building affordably. And as a result, you just had buildings slow down. This is a world in which we've essentially given ourselves the tools to stop the construction of the most important product in American lives in the places where Americans often most want to move. And that's the world we're in. And that's the world we're in. And that's the world we're in. And that's the world we're in. And that's the world we're in. And that's the world we're in."
adza_PZiBNA,adza_PZiBNA.wav,data/adza_PZiBNA.wav,"I was born with a rare visual condition called achromatopsia, which is total color blindness. Instead of seeing color, I can hear color. This electronic eye, it's a color sensor that detects the color frequency in front of me and sends this frequency to a chip installed at the back of my head, and I hear the color in front of me through the bone, through bone conduction. This is the sound of purple. This is the sound of grass. This is red, like Ted. Life has changed dramatically since I hear color. I can listen to a Picasso, for example. So it's like going to a concert hall because I can listen to the paintings. And supermarkets, I find this is very shocking, very, very attractive to walk along a supermarket. It's like going to a nightclub. It's full of different melodies. Especially the aisle with Cleo. Cleo, the guy who plays Cleo. Cleo, the guy who plays Cleo. Cleo, the guy who plays Cleo. And cleaning products, it's just fabulous. Cleo, the guy who plays Cleo."
1hDv9XJQxF8,1hDv9XJQxF8.wav,data/1hDv9XJQxF8.wav,"Dr. William Bernstein is a neurologist and investor, and he said, learn to control your limbic system or else you will die poor. That's a pretty strong statement, but it comes from somebody who studied this over the past few decades. And our inability to manage our emotions, our sense of greed and panic often leads us to bad decisions. We look at the history of markets. They're down 5% twice a year. They're down 10% two out of every three years, and they're down 20% fairly regularly. If you respond to every time the market twitches, you're going to prevent your portfolio from compounding over time. You know, the old joke on the trading desk was don't just do something, sit there. Meaning don't follow every Twitch, every news story, every TikTok, every Instagram. Don't interfere with your portfolio. Listen up, no foreign becoming a foreign member to another. Now, as we focus on the low end, we find that Australia up to half the market is still achieving relatively low market value, all with manyaring longstanding trade vlogs. We begin seeing a slow start week after week. And of course, there's a means the supplier everybody wants it, but they don't. Nobody wants it. They are the first label to double down and trade when it is just too checked. You're going to be shape them pretty crisp pocket."
ai51iK5X1B8,ai51iK5X1B8.wav,data/ai51iK5X1B8.wav,"What if we already have the technology needed to build a cleaner energy future, but we just haven't been using it that way? Traditional oil and gas companies have spent the last 100 years perfecting an engineering technique called horizontal drilling, essentially drilling sideways into Earth's layers to pull out oil and gas that we use for everyday needs. And that same technology can be used to tap into geothermal energy, a heat source stored even deeper into Earth's layers. It's cleaner, it's cleaner, and can store 50,000 times more energy than oil and gas. In her TED Talk, Cindy Taff, a former oil and gas executive, explains that this isn't some futuristic dream. It's actually happening right now. This is footage from our energy storage facility, which is actually built at a coal plant. This coal plant is delivering people electricity 24 hours a day, and they are making electricity from the coal plant. And they are making electricity from the coal plant. And they are making a bold move to solar. Without our energy storage facility, they're not able to make that move because solar alone cannot replace that power 24 hours a day. So there you have it. If we use the existing fossil fuel infrastructure to drill for heat instead of oil, we can actually reach our goal of a cleaner energy future by 2050 even more quickly."
FiQ2XtAYQsw,FiQ2XtAYQsw.wav,data/FiQ2XtAYQsw.wav,"I said the surest way to fail in life is to set a goal. The only way to fail in life is to set a goal. Maybe you have the goal of reading a certain amount of books in a year. You've become a much more proficient reader, but you didn't hit your goal. Maybe you had a goal of making a certain amount of money for your business. You are a thriving entrepreneur, but you didn't hit your goal. Think about anything you've ever failed at, maybe relationally, occupationally, educationally, that marriage had ended in divorce. You didn't get into that college that you wanted to. You didn't pass the MCAT. You didn't pass the LSAT. Whatever the case may be, it was all tethered to a goal. A goal by its definition, it is focused on an ending, which means inherently a goal is limiting. So what do I suggest we do instead? Here it is. You have an objective with no limitations. Now I know what you're thinking, Acho, that's semantics. No. The small difference will have a huge impact in your life. Objective. Effort aimed in a direction. I'm not saying don't achieve. I'm saying achieve limitlessly. Let go of the captivity of goal setting and achieve all you actually have to achieve. The goal that you achieve, it's actually the penalty that you receive for having set that goal in the first place."
-HcMw_DFsYY,-HcMw_DFsYY.wav,data/-HcMw_DFsYY.wav,"You can fit a million Earths inside the Sun. So how do we conceive of that? The radius is something like 100 times the radius of the Earth. That means that if you got on a passenger aircraft, I think something like a year to fly around the Sun in a passenger aircraft. It becomes inconceivable. And the Sun's quite a small star. So then we start to think of bigger distances. So the most distant object we built, the Voyager 1 spacecraft, is now well over 150 astronomical units from the Earth, 150 times the distance from the Earth to the Sun. What does that mean? It takes light over 22 hours to reach it. So a signal at the speed of light. And that's just about, by some definition, the edge of our solar system. So 22 hours, just about a day for light to go to the most distant object we are in communication with, which has been flying since the 1970s."
fzp19T_Xsxw,fzp19T_Xsxw.wav,data/fzp19T_Xsxw.wav,"the most important decision any leader makes, whether or not the country should go to war. Some characteristics matter more than others, and one in particular that seems to make a difference is people that have served in the military, but have not seen combat. Look at all the people that have had this in common, from Kaiser Wilhelm II, who started World War I, to Libyan dictator, Gaddafi. Those with military service, but not combat experience, have had all of the positive socialization associated with being in the military, but none of the negatives of actually seeing, facing the risk of death, or seeing friends die on the battlefield. Note that this model does not apply to all leaders. In the upper left-hand corner, you have Jimmy Carter, far from someone we think of as the most aggressive American president. Biography is not destiny, but it certainly shapes our behavior, and we can be more informed citizens and make smarter choices by learning more about our candidates and trying to use that to understand the way they're likely to behave when they enter office."
qiB_KyakzN0,qiB_KyakzN0.wav,data/qiB_KyakzN0.wav,"Couples who sustain strong sexual connections over multiple decades have two things in common. These are not couples who have sex very often. Almost none of us have sex very often. We are busy. They are also not couples who necessarily have wild, adventurous sex. One recent study actually found that the couples who are most strongly predicted to have strong sexual and relationship satisfaction, the best predictor of that is not what kind of sex they have or how often or where they have it, but whether they cuddle after sex. Couples who do sustain a strong sexual connection, one, they have a strong friendship at the foundation of their relationship. Specifically, they have strong trust. The second characteristic is that they prioritize sex. They decide that it matters for their relationship. Best friends. Prioritize sex."
Gefj1bAAeG8,Gefj1bAAeG8.wav,data/Gefj1bAAeG8.wav,"Everyone has their area of weakness, and my area of weakness is delegation. As a surgeon, you tend to be a micromanager, but that is not the effective way to build and lead leaders. When I was a chief resident and overseeing all the interns, we would go and make rounds on the patients in the morning. We'd set a plan, and then they'd be expected to deliver on the plan. Discharge Mrs. So-and-so, get x-rays on this other person, change the medicines on room number three. And then I'd do a little check in the middle of the day on the computer and see that, oh my God, none of this has happened yet. The easy thing to do, which I did all too often, is just go ahead and fire in the orders myself and say, I'd asked you to have all of this happening. Why hasn't it happened? Let's talk about it at rounds in the afternoon. I always felt this outcome is too important. I'll just do it myself. And that was never going to get to the better result that we're all aiming for. Which is a system that's going to work for the patient. What you really need are leaders who are able to make decisions, can have authority, and yet be held accountable. So I had to be patient enough to then inquire at the end of the day, okay, what went well, what didn't go well, and why? And how can we do better? Rather than fire in the orders in their place. I had to be able to empower them to solve the problem."
Hjj7Nv_0--4,Hjj7Nv_0--4.wav,data/Hjj7Nv_0--4.wav,"This is a story about my brain. By 18 months, I was speaking in full sentences. By third grade, I was scoring post-high school on standardized tests. I had, as all my teachers agreed, so much potential. It wasn't until middle school, when I was responsible for getting myself to classes on time and remembering to bring my own homework, that being smart wasn't enough anymore. I was diagnosed with attention deficit hyperactivity disorder, ADHD. If you're not familiar with ADHD, it has three primary characteristics. Inattention, impulsivity, and hyperactivity. Looking at my behavior, I knew. Even with medication, even as an adult, my ADHD was still interfering with my life. What I needed to know was how and why, and more importantly, what could I do about it? Lots of people need help understanding ADHD, including, maybe especially, those who actually have it. ADHD is a neurodevelopmental disorder. It's currently the most well-researched mental condition, and there are actually measurable differences in the brain. These differences are larger in children, but for most people, they never go away. In other words, adults have ADHD too. So at some point, you're going to meet someone with ADHD. Work with them, give birth to them, or fall in love with them. Chances are, you already have."
5X92aU5RSUc,5X92aU5RSUc.wav,data/5X92aU5RSUc.wav,"I can't know what other people think, but I can know what I think, and I feel I'm not that unusual. If there's a type of story I like, there must be lots of people who like the same type of stories. Don't be afraid to come up with the wildest thought in the world. If what you create is truly different and colorful, and if it's written well, people will enjoy it. Now, when I say written well, what I mean is, you might have the most fantastic notion in the world. Suddenly you have a man who can fly faster than the speed of light. That could be interesting, but you have to make him believable. Let your imagination flow freely, but always base what happens on some sort of provable fact, so that the reader or the viewer will go along with it and enjoy it as much as you enjoy. I enjoyed writing it."
kgTm7vGdrrg,kgTm7vGdrrg.wav,data/kgTm7vGdrrg.wav,"Only a fool believes that success achieved alone is real. If you want to achieve something extraordinary, you need to build a group to go with you. Who's going to help you on your quest? No good story about achieving something remarkable is just one person trudging with their own thoughts. It is lots of often unexpected roles around you. Some of them are always with you and some of them appear and disappear in different contexts. But who are you building around you? Who's your tribe that's going to help you do something remarkable? I've had that my whole life. My mother, while she was alive, and even now as a guiding force for me. My sisters, two very different people, but with skills and perspectives that has often slapped me when I'm being morose and cynical, as they do lift me. Who are these people who are going to see that vision of yours and hold you to it in those moments when you doubt? In those moments when you're deciding it's too much hard work, who are those people who will support you? Build that group of people and they will help you thrive."
s0rAs_mGwQs,s0rAs_mGwQs.wav,data/s0rAs_mGwQs.wav,"Sadly and far too often we see people speak up but fail to influence others in the way that they had hoped for. Our minds utilize two categories of information diagnostic and non-diagnostic. Diagnostic information is information of relevance to the evaluation that is being made. Non-diagnostic is information that is irrelevant or inconsequential to that valuation and our minds do not add those pieces of information but rather averages those pieces of information. So when you introduce irrelevant or even weak arguments, those weak arguments if you will reduce the weight of your overall argument. What this body of research tells us is that in the world of communicating for the purposes of influence quality trumps quantity. Thank you."
rh4lXr8JCNQ,rh4lXr8JCNQ.wav,data/rh4lXr8JCNQ.wav,"Following the United States raid in Venezuela and the removal of President Nicolas Maduro from power, President Trump has embraced the Donro Doctrine, taking America first and applying it as foreign policy, first and foremost across the Western hemisphere, as defined by the Americans. And now that Trump is leaning into the Donro Doctrine, that means he's gonna populate it. So it's not just a success near term in Venezuela, but it's other countries across the region, Mexico, Colombia, it's Nicaragua, it's Cuba, it's Denmark and Greenland. It's all these places where the United States want outcomes that it wants and unilaterally is prepared to use its authority to bring those about. Adversaries and friends of the US are certainly concerned about this change in the way the US projects power in its region and more broadly. And it's going to have an enormous effect in the way we think about the world. And this plays very heavily into the top risk environment in 2026. So much of it is about a United States, which is engaging in a political revolution, changing the rule set inside the United States and changing the rule set in how the US engages with the rest of the world. Some countries are winners long-term, and that environment, China, India, the Gulf States. Some are losers in that environment, the Europeans. And some are just gonna try to figure out how to navigate a much more challenging and uncertain environment with a less reliable the United States, Mexico, Canada, Japan, and others. Lots to talk about in a macro environment that is more uncertain geopolitically than it is in the global context. And at any time since we started covering these things back in 1998."
8vJu0B6kR2Y,8vJu0B6kR2Y.wav,data/8vJu0B6kR2Y.wav,"In the summer of 2014, I found myself sitting across from a man who by every definition was my enemy. His name was Craig Watts, and he's a chicken factory farmer. My career is devoted to protecting farmed animals and ending factory farming. Over the next few months, I returned many times with filmmaker Reagan Hodge to record, to understand, to build trust with Craig. And working with Craig got me thinking, what other unlikely allies are out there? The first lesson I learned is that we have to become comfortable with being uncomfortable. Only talking to people who agree with us, it's not going to get us to the solution. We have to be willing to enter other people's space, because quite often the enemy has the power to change the solution."
RSZl57aKxEc,RSZl57aKxEc.wav,data/RSZl57aKxEc.wav,"Everybody underestimates how often they laugh. And you're doing something, when you laugh with people, that's actually letting you access a really ancient, evolutionary system that mammals have evolved to make and maintain social bonds and clearly to regulate emotions, to make ourselves feel better. It's not something specific to humans, it's a really ancient behaviour which really helps us regulate how we feel and makes us feel better. In fact, you find laughter throughout the mammals has been well described and well observed in primates, but you also see it in rats. And wherever you find it, humans, primates, rats, you find it associated with things like tickling. And that's the same for humans. You find it associated with play, and all mammals play. And wherever you find it, it's associated with interactions. So Robert Provine, who's done a lot of work on this, has pointed out that you are 30 times more likely to have a relationship with a mammal than you are with a human. And you find it more likely to laugh if you are with somebody else than if you're on your own. And where you find most laughter is in social interactions like conversation. So if you ask human beings, when do you laugh, they'll talk about comedy and they'll talk about humor and they'll talk about jokes. If you look at when they laugh, they're laughing with their friends."
iMxR5pqqGIQ,iMxR5pqqGIQ.wav,data/iMxR5pqqGIQ.wav,"I realize that my brain works differently than almost everyone I know, so if you'll indulge me for a second, please visualize the following. You can do it with your eyes open or closed, whichever gives you the most vivid mental imagery. A rocket ship crash lands on an alien planet. A creature comes up to the hatch and knocks, and someone opens it from within. So now I'm going to ask you some questions about what you just saw. What color was the planet? What kind of creature was it? And who opened the hatch? I'll show you what I see. Nothing! That's because I have a condition called aphantasia, which is where I don't have access to my mind's eye. Everyone I do this with not only describes something different, but describes the experience of experiencing it differently. That includes having or not having an interior monologue. It includes the autism spectrum, ADHD, dyslexia, and a lot more. Probably a lot of things we have yet to even give a name to, but we're just figuring all of this out. So if difference is in fact the norm, what do we do with that? I say seek out minds that are different than your own and make something incredible together. There's a wealth of research that shows that teams of people from diverse backgrounds produce superior outcomes. I'd like to propose a corollary to this. Diverse minds working together can produce wonders."
qp_fBdbvM_I,qp_fBdbvM_I.wav,data/qp_fBdbvM_I.wav,we've been pursuing explicit definitions and scientific explanations for things for a long time because if you can write it down you can spread it and that becomes a uh like the way that society makes progress is sort of like this these spreading explanations but if you're dealing with parts of the world that you can't write down explicitly there's been no good way to collaborate on them or make progress on them and what neural networks allow us to do is to take some of that um intuitive experience or intuition that we might have built up ourselves and put it into a machine that we can uh that we can pass around and that's that's useful for example for like doctors uh for expert clinical diagnosis the best clinicians in the world know something about how to deal with patients that they can't write down they can't embody in a set of rules and is trapped in their head but language models and ai in general allows us to put that kind of intuition in place and then we can then we can then we can then we can then we can then we can then we can into a tool that allows that will allow anyone in the world to access for example the best clinician in the world even if we can't write down what they know
QQkP9qVM5gI,QQkP9qVM5gI.wav,data/QQkP9qVM5gI.wav,"I'm just really curious to hear what you think about like laughing hard and it may be being a complicated laugh because I think we don't talk a lot about complicated laughs. Listen, complicated laughs are the story of my life. They are. Oh my gosh. First of all, I grew up in a house where laughter was very, very much encouraged. There was a lot of anger in my house and there was a lot of fear in my house, but there was also a lot of laughter. And those existed within moments of each other sometimes. And I noticed that a lot of the things that I read and a lot of things that I saw kept these experiences so separate. And that was not what I had lived. That was not my experience. There are many, I think, elements of the laughter whole. Horror, fear, crying, like all of that. And a lot of it comes from like extreme emotion, but also a lot of it, at least in my opinion, in Black households, comes from a great reverence for absurd humor. When something is absurd, I mean, and just why would that happen? That's when we laugh the most and the hardest. Because most things that are absurd should just be laughed at. They shouldn't be taken seriously and they shouldn't be feared. They should be cackled at. You should be in stitches about that, not having to have fear or worry about it."
mxBSpnE8QzA,mxBSpnE8QzA.wav,data/mxBSpnE8QzA.wav,"A 2,000-year-old Roman theater in Jordan, glowing by day and transforming into this at night. That's where TEDxAmong took place. I'm Kelly, and this is our second stop on the global ideas search to find the best of the best ideas all over the world. This one's theme? Where ideas meet history. After grabbing some lunch and to go kenefe, we met the speakers who are people making real impacts in their communities. Their talk centered on curiosity, compassion, and resilience. And I felt so lucky to get to know these speakers and to cheer them on from the audience. When they finished giving the talks of their lives, the stage turned into a show full of music and performances, a perfect way to end the night. In the middle of it all, the TEDxAmong team hosted a beautiful gala, where Kelly, the heart of the global ideas search, gave a gorgeous speech. Our girl Kelly! That's our Kelly! We also quickly visited Petra, one of the seven wonders of the world, where we saw breathtaking views. Learned about ancient carvings, met the kindest people, and had a home-cooked meal of man-self I will probably think about forever. This stop showed me how ideas echo across time. From history carved into stone, to powerful voices in the present, and maybe even to the TED stage in Vancouver. Huge thank you to the TEDxAmong team for making this all so unforgettable. Jordan officially has my heart. Keep following along to find out which speaker from Among will move on to TED2026. And I'll see you in Nigeria next. Bye!"
F63iukJiwiY,F63iukJiwiY.wav,data/F63iukJiwiY.wav,"In my third year as a corps de ballet member, the decision was made to exclude me from a filmed production of Swan Lake because I was told my brown skin would disrupt the aesthetic. Hearing those words cut deeper than I can describe. In a single sentence, everything I loved about ballet, the beauty, the discipline, the stability it had given me, was turned against me. I stood in the studio, surrounded by my peers, but I felt utterly invisible. I went home devastated, questioning whether this was truly a place for me to be in this world of ballet that I had dedicated myself to. And yet the next morning, I came back to the studio. And not because I felt strong, but because I feared if I walked away, the door might close forever, and not just for me, but for anyone who might follow. Resilience in that moment was not grand. It was quiet. It was showing up again, even when my heart was broken. More than a decade later, it was that same ballet, that damn Swan Lake, that gave me one of the most powerful moments of my career, a triumph built on the resilience I had relied on long before, back when showing up despite setbacks felt impossible. I was given the opportunity to perform the Swan Queen, the lead role in Swan Lake, one of the most iconic roles in a ballerina's repertoire. When the day finally came to debut as the Swan Queen, Raven Wilkinson was in the audience. Raven had been the first Black woman to dance in a major American ballet company, the Ballet Russe de Monte Carlo, in the 1950s, performing across segregated America while facing threats from the Ku Klux Klan. She never imagined, and she told me this several times, I never imagined I would see a Black woman in this role. And at my curtain call, she walked onstage and placed flowers in my hands. For both of us, it was a moment of transformation, a stage that had once literally shut her out. She was not allowed to dance on that stage, was now a stage that we could stand on together."
J5pd_vZYVFk,J5pd_vZYVFk.wav,data/J5pd_vZYVFk.wav,"I received free accommodation from the Chinese government for over three years for so-called leaking state secrets overseas. I was made to sit for 13 hours straight each day. I had to request permission to make the smallest movement. Then I moved to detention. I had three cellmates, and that already felt like freedom paradise. Nobody in the cell regrets things like money or assets. But we were kicking ourselves over the travel we didn't do, the love we didn't show, the risks we didn't take. Imprisonment is like a mini death. It's a taste of the real thing. So now I do things I want immediately. When you win the lottery, it's easy to squander and hard to get your priorities right. Same with freedom. You can be paralysed by choice. You can't comprehend the vastness or the preciousness."
bGgBQ1cz0LQ,bGgBQ1cz0LQ.wav,data/bGgBQ1cz0LQ.wav,"How do professionals get better at what they do? There are two views about this. You go to school, you learn, you graduate, and then you go out into the world and you make your way on your own. Now, the contrasting view comes out of sports. And they say you are never done. Everybody needs a coach in making it on your own. You don't recognize the issues that are standing in your way, or if you do, you don't necessarily know how to fix them. And the result is that somewhere along the way, you stop improving. So I asked a former professor of mine, and he agreed to come to my operating room and observe me. I didn't think there would be anything much he'd have to say when we were done. Instead, he had all page-dense with notes. He was describing what great coaches do. They are your external eyes and ears providing a more accurate picture of your reality. They're recognizing the fundamentals. They're breaking your actions down and then helping you build them back up again. It made me realize that the coaches were on to something profoundly important. It's not just how good you are now, I think it's how good you're going to be that really matters."
ovLovoVtjiU,ovLovoVtjiU.wav,data/ovLovoVtjiU.wav,"I asked my staff at CDC to give me the names of five people a week, five people I called unsung heroes, people who were doing extraordinary things but out of the spotlight. I talked to somebody who rappelled out of a helicopter to drop COVID test kits on a cruise ship at sea. I spoke to somebody who had stayed up all night booking flights for a massive CDC staff deployment. And I spoke to somebody who had knocked on doors, going door to door, doing health surveys after a train derailment had emitted toxic fumes. Almost none of them had spoken to their CDC director before, and I was there to just say, I see you, I value you. When I look back on my time in government service, those hard days are kind of all just a blur. What I remember most is those moments of human connection, because in our darkest moments, how we serve one another, how we treat one another, is ultimately what defines us."
CAUadrJ_jac,CAUadrJ_jac.wav,data/CAUadrJ_jac.wav,"A good TED Talk should make you feel a little bit taller. Hi, I'm Kelly here with Reggie and Kelly. We just traveled to nine countries from around the world to hear the best ideas from TEDx speakers. Today, we're going to answer some frequently asked questions about our entire experience. I think what separates a good idea from a great one, this has to be something that makes sense when someone explains it. It excites you and makes you learn and makes you excited to share it with people. I think a good idea solves a problem and I think a great idea shifts the way people think about the problem and maybe spurs them into action in some way. Show off. Woo! I did it! The best meal I had on the trip was in Singapore and it was the chili crab. Legos and it was a piece of bread. In Singapore at the hawker market because we got to try so many different foods and every one of them was delicious. What about your favorite bite? My favorite bite was chili crab. I mean, chili crab. Oh, man. Aisle seat. I have a weak bladder. Window seat. I love that wall. I'm with Reggie. Window seat. I like to be tucked in, rest my head. Intense, inspirational, and educational. Large, incomprehensible, satisfying. Gave me hope. Okay. That's three words. That is three words. Yeah, yeah. That is three words. That is three words. That is three words. That's pretty good. Be sure to watch the TED Idea Search coming out March 3rd. Nine episodes in total. Every single one's perfect. And I'm hosting. And he's hosting."
AUL2pMTLIZc,AUL2pMTLIZc.wav,data/AUL2pMTLIZc.wav,"I wanted to explain to the non-procrastinators of the world what goes on in the heads of procrastinators and why we are the way we are. Now, I had a hypothesis that the brains of procrastinators were actually different than the brains of other people. And to test this, I found an MRI lab that actually let me scan both my brain and the brain of a proven non-procrastinator so I could compare them. So here's the brain of a non-procrastinator. Now, here's my brain. There is a difference. Both brains have a rational decision maker in them, but the procrastinator's brain also has an instant gratification monkey. Now, what does this mean for the procrastinator? Well, it means everything's fine until this happens. So the rational decision maker will make the rational decision to do something productive, but the monkey doesn't like that plan. So he actually takes the wheel and he says, actually, let's read the entire Wikipedia page of the Nancy Kerrigan-Tanya Harding scandal because I just remember that and I want to see what happened. The instant gratification monkey does not seem like a guy you want behind the wheel. He lives entirely in the present moment. He has no memory of the past, no knowledge of the future, and he only cares about two things, easy and fun. Now, sometimes it makes sense to be doing things that are easy and fun, but other times it makes much more sense to be doing things that are harder and less pleasant for the sake of the big picture, and that's when we have a conflict. Turns out that the procrastinator has a guardian angel, someone called the panic monster. Now, the panic monster is dormant most of the time, but he suddenly wakes up any time a deadline gets too close or there's danger of public embarrassment, a career disaster, or some other scary consequence. We need to stay aware of the instant gratification monkey. That's a job for all of us, and it's a job that should probably start today. Well, maybe not. Today. You know, sometime soon."
QA8Fubo5aeo,QA8Fubo5aeo.wav,data/QA8Fubo5aeo.wav,"I mean, a lot of food innovation, I think today seems really kind of, oh, it's just this tiny little thing, who cares? But if we go further back in the past, food is a much, much bigger deal, because it's a much, much, much, much, you know, bigger proportion of people's expenditure, they can't really afford very much else. A lot of the time, you know, when we when we think of just how much spending today goes on food, it's, you know, in a wealthy country, it's going to be at most 15%. In even even in the poorest countries in the world, I think it's just over 50. And we're talking like the real right at the bottom of the tail end, throughout most of human history, before a few hundred years ago, it's easily 70 to 80%. Right, it's just going on food and drink. So even the small thing, we might say, oh, yeah, a small change to adding the caramel to the chocolate. That's a that's a small deal now. But back then, a small thing like the proportion, a slight change to salt making, let's say, or how or a slight change to a recipe could be a huge deal in terms of people's actual experience. Living standards, or a change to agriculture becomes a very, very huge deal, given so much of the economy is based around agriculture. And the reason it's not isn't because those things shrank, but everything else grew to kind of supersede it."
nUTtu8atlD8,nUTtu8atlD8.wav,data/nUTtu8atlD8.wav,"Some people, no matter how hard you try, are determined to misunderstand you. And these are the kind of people that you need to watch out for, and they're also the people you need to feel sorry for, because this most likely is all they've known. They need to have some type of big, involved conflict to feel like you care. It means that there is a source, something within them, that enjoys being the fly in the ointment. Be very careful with those people. If you can, avoid them altogether. If you don't have to be in the room with them, don't. It's very important that you try to limit your methods of communication, your modes of communication. And sometimes a different channel of communication works. I have had opposing attorneys in cases where, by email, he was a jerk. But when I talked to him on the phone, it wasn't too bad. It was pretty pleasant. We could talk to one another. From then on, all we did was call each other, and it went a whole lot better. So you want to limit your channels of communication, especially when it comes to dealing with difficult people."
edveydG99a0,edveydG99a0.wav,data/edveydG99a0.wav,"One day at a farmer's market, I saw a woman carrying an absolutely gigantic cabbage. When I asked to photograph her, she looked really annoyed. And for some reason, I was so delighted by her crankiness, it seemed so authentic and true. Let's just say what we feel. It made me think of all the things women hold literally and metaphorically. Balloons and grudges. And heavy loads and cabbages. And stupendous love and courage. And a pink ukulele under a cherry tree. And from this, a book was formed, Women Holding Things. What do women hold? The home and the family and the children and the food. The friendships, the work. The work of the world and the work of being human. Sometimes, when I'm feeling particularly happy or content, I think I can provide sustenance for legions of human beings. I can hold the entire world in my arms. Other times, I can barely cross the room, and I drop my arms, frozen. There is never an end to holding, and certainly there is often the feeling of never doing enough."
7c_X-opfRrQ,7c_X-opfRrQ.wav,data/7c_X-opfRrQ.wav,"From the very first microscopic organisms, life on Earth stretches back billions of years. Over that time, life evolved and diversified. Then a few million years ago, something began to shift. After countless cycles of growth and adaptation, one of life's branches began using tools. And that branch grew into us. We went on to produce a mesmerizing variety of tools. We became Homo technologicus. With the invention of computers, we quickly jumped from the first mainframes and transistors to today's smartphones and virtual reality headsets. Information, knowledge, communication, computation. In this revolution, creation has exploded like never before. And now a new wave is upon us. Artificial intelligence. These waves of history are clearly speeding up, as each one is amplified and accelerated by the last. It's clear that we are in the fastest and most consequential way of life ever."
Nfs_l0-6P4E,Nfs_l0-6P4E.wav,data/Nfs_l0-6P4E.wav,"So right now, you know, criticisms of the American science system are admittedly hard to make, because if you look what's happening with Donald Trump and Doge, they are ransacking American science. They're slashing grants, they're going into NIH and fussing with it and banning words and banning certain kinds of scientific research. And I think that is all terrible. I think the slash and burn approach to the NIH is terrible. But here's where I think it's really, really important for liberals to not be the simple pro-institutionalists who always just defend the status quo when they see it attacked. We need to recognize that some institutions are being attacked in part because they're blameworthy. There are problems at NIH, and we should solve them. There are shortcomings of modern innovation science. And we should address them."
rE1GwQjgsn0,rE1GwQjgsn0.wav,data/rE1GwQjgsn0.wav,"Imagine if you were to have an intelligent sheep that can self-fold into any form it wants, anytime. And that's what I've been working on. And I call this robotic origami, Robo-gami. Ten years later, with my group of ninja origami robotic researchers, we have a new generation of Robo-gamis. This one actually navigates through different terrains autonomously. So when it's dry and flatland, it crawls, and if it meets a rough terrain, it starts rolling. It's the same robot, but depending on which terrain it meets, it activates different sequence of actuators that's on board. And once it meets an obstacle, it jumps over it. It does this by storing an energy in each of its legs and releasing it and catapulting like a slingshot. For Robo-gamis, there's no one fixed shape nor task. They can transform into anything, anywhere, anytime."
7jAQlEvb6-c,7jAQlEvb6-c.wav,data/7jAQlEvb6-c.wav,"We need to elevate connection. Like when we typically talk about what it means to be healthy or what you need to do to be healthy, we think of like get a good night's sleep, eat healthy foods, exercise often, don't smoke, things like that. And maintaining meaningful relationships needs to be part of that equation. And we actually need to think about that as vital for our health. And you have the 5-3-1 rule as a way of doing that. Yes. Yes. So this is the 5-3-1 guideline, or you can think of it as like a challenge right? And so the idea is to aim to connect with five different people each week, to cultivate at least three close relationships, and to spend one hour a day total connecting. So that's like a benchmark if you're not sure where to start. It's really important to recognize that with connection, quality is more important than quantity, especially for introverts of which I am. So aiming for that more, but if you want some sort of number or some sort of like starting place to help guide you, that's a good idea. If you want to guide your actions, then that can be a helpful starting place. So five different people each week, three close relationships, one hour a day connecting."
s009J2tA8vY,s009J2tA8vY.wav,data/s009J2tA8vY.wav,"What thoughts then are causing men to kill themselves? It's a cycle with only two steps to it. And the first is a hard life event. And for a lot of guys, it might be divorce or losing a home, losing a job. And that very naturally leads us to a place of suppression. As a man, I shouldn't have feelings. So stuff them down. But if you're anything like me, then that also comes with this constellation of other behaviors. So it might look like you also stop sleeping. You start eating poorly. You stop working out. You self-isolate. But when you do that, research shows that you also become more likely to fall ill or get injured or die as a complication. And the easiest, the most straightforward thing that we can do as a society is address that bit around suppression. Maybe it looks like reluctantly picking up the phone, calling someone that we trust and saying, Hey. Um, today, today was really hard."
6Y_14l2Ta5c,6Y_14l2Ta5c.wav,data/6Y_14l2Ta5c.wav,"Imagine there's somebody new at the company called Peter and he's great at his job and so he sprints up the managerial ladder. But with every step the demands increase and when he's promoted to senior manager Peter is overwhelmed. He misses deadlines, works late and he can't keep up. He's been promoted beyond his abilities. This is an example of the Peter Principle, a concept coined by Lawrence J Peter and Raymond Hull in 1969. The Peter Principle states that an employee will be promoted based upon their current performance and not on their potential to succeed in their new role and so they will reach a position where they are no longer competent. But the problem isn't just that the Peters of the world are unfit for their roles, it's that most organizations don't offer their employees the support needed to succeed at their new jobs. The Peter Principle highlights a flaw in any hierarchical structure which is that competency at one level does not guarantee success in the next. But in my article at Big Think Business I see how we can stop the Peter Principle from having a job that is not for them. So what is happening to you?"
YBN_xM7aqVg,YBN_xM7aqVg.wav,data/YBN_xM7aqVg.wav,"I had to upload frequently and consistently. I had to make those videos about trending topics so that people would search them and hopefully you'd pop up. And I had to make those videos as long as possible, which is way better for engagement, watch time, ad revenue, all that stuff. All at the end of the day for a dead channel in 2019 and a library of videos, a library of content that I never really even wanted to make in the first place. My channel, I think, failed, not because I wasn't making enough content, but because I was making bad videos, or if you want to be charitable, mediocre, let's just say. And I was spamming them to my subscribers. And the problem with that is not only is that inauthentic and not who I really am, it made the value of my channel zero. It's really ironic when I look back that the second I stopped caring about all of this, all of this stuff, and stopped obsessing over looking at the YouTube studio analytics, I thrived in my own way, despite the algorithm changes that everybody was panicking about. Exactly like how it was for me in the very beginning."
elTutJ3EJY8,elTutJ3EJY8.wav,data/elTutJ3EJY8.wav,"we confuse a good story for good leadership. But the two are not the same. Imagine a violent river with waves crashing together and rocks lurking somewhere below the surface. If a swimmer ventures in haphazardly, without being aware of his own capabilities or the currents, and nearly drowns, but splashes around wildly, fights with all his strength, and somehow, miraculously, manages to drag himself back to safety, those of us looking on will notice him. And we will probably say, Wow! What a guy! He really fought hard to get himself out of that crisis. We have to learn to ignore what we can call the captains of crisis, the shackletons, those who are lurching from one dramatic circumstance to another. While some crises can't be avoided, many are self-inflicted or amplified by poor leadership. Instead, we need to learn to celebrate those who mitigate rather than promote drama. They're obsessive planners. They build processes that align the organization's strength with the unique challenges they face. And they're authentic and create cultures that bring out the best in people."
kg2IukoQZKM,kg2IukoQZKM.wav,data/kg2IukoQZKM.wav,"Speed reading and listening are bullshit. Let me tell you why. First, neuroscience tells us that there are limitations to how much information you can store in short-term memory. This 2016 study shows that the three and four times speeds that were promised by these speed reading courses aren't physically possible. The second reason is that even when you double your reading or listening speed, the research shows that you retain less information. A UCLA study tested student comprehension on lectures played back at one, one and a half, two and two and a half X speed. What they found was that above two X speed, students remembered less of the lecture. Whenever you're speed reading or listening, what you're really doing is skimming. And that's totally fine as long as you don't confuse it for deep understanding. These techniques can be great for getting to the important information that you wanna focus on. But once you find it, it's worth it to slow down and process. That means rereading the difficult paragraphs, looking up new vocabulary, and asking the questions that help make what you learn stick."
CHtoy0rk174,CHtoy0rk174.wav,data/CHtoy0rk174.wav,"One of the things that I say to my constituents is that we are in the midst of a storm, but we also have to respect the storm. What do I mean by that? We have to begin to ask ourselves, we must say to ourselves, at some point this storm will come to an end, like any other storm. But the question is not whether the storm will end, but where will we be when it ends? Martin Luther King said it best. He said, there comes a point when silence becomes betrayal. We all have control over this. We do. We can participate in this government. We can urge our children to vote. We can take them to the polls with us and say, watch mommy vote. You know, I mean, or take them to when you're working on campaigns. You ain't got to work on my campaign. You can work against me. That's fine. But I just want to see you working in this democracy. This is our democracy. This is our democracy."
2N7_fVvjOTM,2N7_fVvjOTM.wav,data/2N7_fVvjOTM.wav,"One of the things I've noticed is that people are quite quick to blame if young men are struggling, if they're not in the labour market. There's the eye roll and there's the, well, if they could just get off the sofa and stop smoking so much weed and playing video games all day, maybe they'd make something of themselves. It's interesting that that instinct to blame is really not as common for other groups as it is for young men. And there are some challenges there for sure, but I'm pretty convinced that it's not that young men are making this kind of deliberate choice to be kind of video gaming. So teen boys are like three times as likely, roughly, as teen girls to be playing video games. I've raised three sons, all in their 20s now, and actually it can be quite socially connecting in the right way if it amplifies and adds to in real life relationships. So I am not convinced at all that this is a choice on the part of young men which could be discriminatory. I think the way that we describe it is just kind of selfish or weak, which is sometimes this sense, just get this sense of frustration among people. They're going to pull themselves up by their bootstraps type thing, you know, man up, get off the sofa. And of course it's true that people should take responsibility. Of course, like, I wanted my sons to have agency and get into the labour market and have their own lives for sure. But we are too quick to just point to something like video games and say that that's the cause of the detachment of men. I'm more inclined to think that it's the consequence of the detachment of men. And it is true that it gives you somewhere else to go. I would say that gaming and to some extent pornography and some other online activities, what they do provide for young men is a place to retreat to, which didn't exist before. I think it is fair to say that if things are kind of tough and there's an easy and comfortable place to retreat to, then you're going to see more people doing that. But I think that's the way it is. But it's a mistake to blame those places for the retreat."
-AqOvL5nYao,-AqOvL5nYao.wav,data/-AqOvL5nYao.wav,"One of the most powerful tools for assessment that CIA teaches us early on in our training is a method that we know as the RICE method. And RICE, R-I-C-E, is actually an acronym that stands for four other words, reward, ideology, coercion, and ego. The RICE method will show you what actually motivates or drives a person to take the actions that they take. Someone who's driven by reward is somebody who will take action based on the reward that they're given. Maybe that reward is money. Maybe that reward is an opportunity. Maybe that reward is nothing more than a pat on the back or a high five. Ideology means people take actions because of what they believe in. Maybe it's what they were taught as a child. Maybe it's what they believe in their religion. Maybe it's what they believe is right of humanity. C stands for coercion. Coercion is all the negative things in your life. This is when you make a decision because you're ashamed, or when you make a decision because you're scared, or when you make a decision because you're afraid, or you make a decision because you're embarrassed. All of these tie back to a core motivation that has to do with coercion, especially if somebody else is making you feel guilty, making you feel scared, or making you feel humiliated. E, the fourth motivator, is ego. And ego is the most often mistaken of the four motivators because people mistake the word ego with egotistical. Egotistical means that you believe you are the most important thing in the world, where ego is simply the way you choose to look for the rest of the world. Everybody has an ego. Even Mother Teresa had an ego. She wanted to appear sacrificing. She wanted to appear humble. She wanted to appear noble. Those are all elements of ego. Ego is not good or bad, even though egotistical is a vulnerability. When you understand the Rice Method, and you understand that all people break down into these four different types of motivators, when you assess them and talk to them using open-ended questions, closed-ended questions, normal dialogue, even if you just sit back and listen to them while they talk to another group of people, you will quickly start to see the indicators of whether they are reward motivated, ideology motivated, ego motivated, or if they can be motivated through coercion."
iNw8-a_I0mY,iNw8-a_I0mY.wav,data/iNw8-a_I0mY.wav,"The number one reason why new businesses fail is the expectation that you are going to get everything that you want when you want it. If you get everything that you want instantly and you haven't built the foundation and the tools needed to manage what comes with it, it has the potential to decimate everything that you've built. And you don't have to look very far to see other cultural examples of this. Lottery winners, more likely to declare bankruptcy within three to five years of winning compared to their average American counterpart. Why? Because they haven't developed the money management skills or the abilities to set boundaries with their friends and family prior to receiving their windfall. This is the paradox of overnight success. Stop thinking that overnight success is an indication of your value or worth or capabilities. Embrace the process of becoming who you need to be to handle what you want."
iQp9aWc9BNQ,iQp9aWc9BNQ.wav,data/iQp9aWc9BNQ.wav,"I want to talk to you about how reading can give us a shareable world of powerful human connection, but also about how that connection is always partial, how reading is ultimately a lonely, idiosyncratic undertaking. When you read a poem alongside someone else, the poem changes in meaning. Because it becomes personal to that person, it becomes personal to you. When you meet somebody as a reader, you meet him for the first time, newly, freshly. There is no way you can know what his favorite line will be, what memories and private griefs he has. And you face the ultimate privacy of his inner life. And then you start to wonder, well, what is my inner life made of? What do I have that's worthwhile? What is it that I'm able to share with another?"
EzvHPwBVRhM,EzvHPwBVRhM.wav,data/EzvHPwBVRhM.wav,"The other day, I happened to cross a list of the cognitive biases that lead to depression and anxiety. Things like all or nothing thinking, overgeneralization, catastrophizing, minimizing the positive. Every single thing on this list is something that journalism does as a convention all the time. And it really shook me up because I was thinking, wow, it's like we're creating content in order to leave people depressed and anxious. In fact, that's not the intention, right? But that is the effect. It does beg the question, isn't there a better way? I do think that you can cover what is happening in the world in a rigorous, serious, clear-eyed way, without catastrophizing and minimizing the positive and overgeneralizing. But it requires a very different mindset about what is the news and how we should deliver it. It boils down to three things. There are three things that are missing from the news. Hope, agency, and dignity. These are things that sound fluffy, nice to have, but we actually know now from neuroscience and psychology that humans need these things in order to get up in the morning, in order to have a democracy, in order to raise children. We need them like we need water."
jUGIY9bdqbg,jUGIY9bdqbg.wav,data/jUGIY9bdqbg.wav,"Dreams are not built on belief alone. They're built on steps, clear, intentional ones, taken consistently. Start with a one-year plan, a three-month plan, and then daily activities you need to take in order to achieve your dreams and goals. The one-year plan. Define your dream and vision clearly and specifically. Set your goals and put a number to it, a timeline. The three-month plan. Take inventory. Look at your spending, your habits, your fears. Finally, focus on this day and daily activities. Take one step, a small action. Make some phone calls, send an email, cancel a subscription, set up auto savings. Have a money conversation you've been avoiding. If you take one small step every day, your dream will be fulfilled. Your dream becomes your destination. You don't have to figure everything out today, but you have to start because dreams deserve more than hope."
w-kKNnnqOHk,w-kKNnnqOHk.wav,data/w-kKNnnqOHk.wav,"We know that too much time online is not great for our mental health, but it's not just in our heads, it's in our bodies. We need movement to be as much a part of our lives as screens are. We need our schools, our neighborhoods, our workplaces to give us time and space just to move. So how can you start making a change and feeling better? Well, first, think about your most sedentary stretches of time, and then make yourself a mantra. So like if you are a student, you could say, I'll take an extra lap around the quad before class instead of checking TikTok so I get to class with more oxygen in my brain and I can actually focus. Or if you work from home, you could decide that on long Zoom calls, I will march in place in order to manage my glucose and avoid the post-meeting crash. If you're a parent, you could say, I will take a lap around the soccer field once so that I have enough energy to get through the dinner, and I can get through the dinner time chaos. You can have a dance party while you microwave your leftovers. You can walk the concourse instead of sitting and waiting for your flight. A mix of all these habits will keep your muscles firing and your mood steadier. You can help push this reset forward. Take movement breaks. And when people look at you like you're weird, just tell them why you're doing it, because you just want to feel a little better."
1oOMLr52YSw,1oOMLr52YSw.wav,data/1oOMLr52YSw.wav,"How do plants protect themselves? With a peel. Plants, just like us, have a skin or peel, technically called the plant cuticle, and that helps to protect them from moisture loss, oxidation and infection. What are those peels made of? Fatty acids, glycerides. Different fruits have different shelf lives because of the thickness and arrangement of these materials in those peels. So the idea then is, can we take these harmless, edible, plant-based ingredients, apply them in a thin layer on the surface of fresh fruits and vegetables to help reinforce the existing natural peel? And if you do that, can you help to retain peak flavor, texture and nutrients for longer without reliance on refrigeration, pesticides, waxes or plastics? So we took a test batch of material that we made using leftover tomato peels, since those are rich in these fatty acids and glycerides. We dipped those limes in a bowl of these ingredients in water and set them aside to dry, and then we waited. And we saw that we could add an extra week of freshness to these limes. We then went and wanted to apply this little bit of extra peel to all other kinds of fruits and vegetables. Bananas, avocados, limes, green beans, tomatoes, bell peppers, cucumbers, berries, like you name it. And what we saw amazed, and quite frankly, still amazes us. It really takes so little material. The little bit of extra peel we add to an average avocado, for example, that's equivalent in weight to a tenth of a small raisin. What I'm most proud of, though, it's why we got into all of this in the first place. And that is that since 2021, when we started measuring, we've prevented 166 million pieces of produce from going to waste."
OwgVzlFsbQQ,OwgVzlFsbQQ.wav,data/OwgVzlFsbQQ.wav,"Any rational person would have to ask the question whether or not CIA's behavior is in line with the behavior of a cult. And the answer is yes, absolutely. Because the loyalty that you have to have to the Central Intelligence Agency has to come above your loyalty to anything else. Higher than your loyalty to your parents, higher than your loyalty to your spouse, higher than the loyalty you have to your own children. Because when you sacrifice everything at the behest of a mission to keep people safe by stealing secrets, you can't let anything else come before that. What we say to ourselves at CIA is mission first, family always, which is still mission first. And that is absolutely in line with the way that cults cultivate their own followers. They make people absolutely dependent on the cult, the organization, the foundation, the principle first. So you have to consider the fact that based on objective reality, yes, there are many behaviors at CIA that are in line with the behaviors of a religious cult."
dx-vObCdxRI,dx-vObCdxRI.wav,data/dx-vObCdxRI.wav,"My team and I have invented a system to grow space structures in orbit using autonomous robotic self-assembly. The idea behind the method is to allow us to build reconfigurable space stations that are bigger than our biggest rockets. We use electro-permanent magnets, very special, strong magnets, that bring the modular tiles together to dock, to rendezvous. Essentially, think about space Legos with magnets that click, click, click, click into place. So we ship the modular parts to their destination, wherever they're meant to be, and once the tiles or the modules arrive, they build themselves. So we don't require astronauts or even robotic arms to go out and do slow or risky spacewalks and space maneuvers. And the best part is that we have tested this in space twice. Once we're in space, we can use the really unique environment of the vacuum, of microgravity, to manufacture things that can't be made on Earth. It turns out that in microgravity, protein crystals grow differently, certain types of tissues grow faster or mature better, and we can even do novel drug discovery in a way that we can't do under the conditions of Earth gravity. These therapies will be made in space, stabilized and brought back down to Earth. And in the next 10 years, we believe that we will be able to deploy our first modularly self-assembling space habitat, and contribute to a trillion-dollar space economy. Someday, we will live on Mars. Someday, we will travel outside of the confines of our solar system. But until then, let's put space to work for Earth."
A1-QV4DwZ5E,A1-QV4DwZ5E.wav,data/A1-QV4DwZ5E.wav,"Who was a great leader from history that I might not know about, but definitely should? Bill Cartwright. Have you heard of him? I have not, but I'd love to know. You have not. So Bill Cartwright was the co-captain of the Chicago Bulls with Michael Jordan during the first part of the 1990s when the Bulls were probably the most successful basketball team of all time. We tend to zero in on Michael Jordan. I mean, he's an amazing athlete, so why not? But Bill Cartwright's kind of the forgotten hero of the Chicago Bulls, and that I think makes him one of my favorite leaders. He has this ability to relate to all of the other players. He's very empathetic. He kind of creates an environment of psychological safety. To balance out, I think the other thing you need for a high-performance team is this emphasis on performance, on always wanting to win, which Michael Jordan had. But together, they're this perfect combination of on-the-court leaders. Thank you."
EdyabMCfL6U,EdyabMCfL6U.wav,data/EdyabMCfL6U.wav,"So now we have DOGE, right? Department of Government Efficiency. And from a certain vantage point, you'd think, I'd be a huge fan of DOGE, right? One of the major criticisms of this book is that government isn't efficient enough at achieving its own ends. The problem with DOGE, however, is that it might call itself a Department of Government Efficiency, but in practice, it's a Department of Government Evisceration. It's a project to destroy government, as we understand it, not to help it work more efficiently. So what does that mean? Well, you look at what DOGE has done, for example, in the FDA, right? The Federal Drug Administration is charged with approving, for example, phase three clinical trial drugs that are healthy and can help Americans lead longer and healthier lives. But look at what DOGE has done to the FDA. They haven't just laid off dozens of people. They've laid off so-called probationary employees who are often highly educated, young, upwardly mobile, recently promoted employees who are exactly the type of people you would want to hire more of at the FDA in order to make that department more efficient. I think the most parsimonious way to explain what DOGE has done to the FDA is that it's not just a department of government, it's a department of government that is responsible for the government. And that's what DOGE is doing, is not working to make government more efficient, but working to destroy the parts of government that it associates with the progressive administrative state so that power in the executive branch can be fully centralized around whatever Donald Trump wants to do."
sQxDN_jXsEk,sQxDN_jXsEk.wav,data/sQxDN_jXsEk.wav,"I like to say that physics is hard because physics is easy. By which I mean we actually think about physics as students. You know, we took classes, we read books, and it was hard because there's all this new stuff, all these ideas, all these equations that we don't come across in our everyday lives. But the reason those ideas are hard and those equations are there, is because physicists have a technique that has been amazingly successful, which is to take all the messy world around us with all its peculiarities and specificities and to boil it down to really, really simple systems you might imagine or remember when you were taking physics courses, there were frictionless surfaces, there were pendula that rocked back and forth perfectly. We're always idealizing, we're always imagining there are no complications, and then we're putting them back in. That's a strategy that would completely fail if you tried to do it for psychology or biology or political science. But for physics, it turns out to work incredibly well. There's a joke that physicists like to tell each other. They don't like to tell to others because it's not very funny. But the idea is that a dairy farmer wants to improve his yield, more milk out of the cows. For some reason, he approaches a physicist and says, could you look at my farm and tell me how to get more milk out of the cows? The physicist thinks about it, and he comes back with a sheet of calculations and he says, okay, first, imagine a spherical cow. The idea, I know it's not that funny, but the idea is that the first thing the physicist is going to do is try to imagine a simpler situation. Real cows are not spherical. It would be a very different dairy farm if the cows were spherical. But you can calculate the volume of the cow and the metabolic rate of the cow much more easily if it were spherical. And the joke, of course, is that that doesn't work in dairy farming, but it works really well when you're considering a spherical universe or a spherical solar system or a spherical atom."
CzLzPbPXr0Y,CzLzPbPXr0Y.wav,data/CzLzPbPXr0Y.wav,"So to protect myself, I learned to ration my vulnerability at a young age. Vulnerability, especially in boys, isn't considered cool. See, in acting, there's no room for being cool. I knew that to be an effective actor, I had to be vulnerable. But being vulnerable isn't cool. And you can't be vulnerable and cool at the same time. I felt like a mess. And now the big irony is, at 50-something years old, I meet men and women all the time who tell me that while growing up, they thought I was so cool. So what I realized, what resonates with people about me and my acting roles is seeing a man who is not confined by the traditional definition of cool. I am pushing the opposing narrative so that black boys don't grow into black men emulating these stereotypes. I want to be cool. I want black boys to live what I have learned. Vulnerability is cool. It is strength. It still allows you to be a man. And vulnerability offers the greatest gift. It allows you to open up to yourself and love yourself."
DbaBpXa9dH0,DbaBpXa9dH0.wav,data/DbaBpXa9dH0.wav,"Embracing being a professional idiot often actually makes you the most valuable person in the room. I can tell you that this is one of my greatest strengths. I am comfortable sounding like a moron. I am great at sitting in rooms with brilliant people asking very dumb questions. But what that actually means is that I have become an extraordinary learner. My favorite phrase is, sorry if this is a stupid question, but ... When you ask it that way, everybody wants to make you feel better. They're like, no, no, that's not a dumb question. And then they would love to teach you what they know. People love being teachers. It makes them feel smart. The other thing you discover is that most stupid questions aren't actually stupid. So many of people are afraid of sounding dumb that the world is littered with important questions that never got asked. Questions like, can you define that word for me? Why are we doing this? Why are we having this meeting?"
EEaEyZqjvMU,EEaEyZqjvMU.wav,data/EEaEyZqjvMU.wav,"We need to share our wins at work more than ever in order to be perceived as competent. How do I share my wins when the world tells me bragging is bad? The difference between bad bragging and good bragging comes down to intention. When we're bad bragging, we're sharing our wins in order to be validated by others. To have our competence acknowledged and endorsed by others. And when people can sense that intention for validation, it dings our likability. So to be a good bragger, instead of solo validation, shift your intention to social celebration. To celebrate your wins solo as well as the wins of others socially, remember everyone likes that and everyone benefits. So do you watch the Donut hago quecha and what kind of Sub flowing is that? See? They get to do that. So the idea is to make sure that every woman that you find in your life likes it. So all the laws of should you follow? Because women want it to stay the way it is. But then everything falls back to the way things were before. Good I like my take on this. I wonder if there's any way I'd be a better い Ryan Statham!"
Fp0Cw1UeeEo,Fp0Cw1UeeEo.wav,data/Fp0Cw1UeeEo.wav,"Loving yourself is the goal, but it's not perfect. Sometimes it's tolerating yourself. Sometimes when the voices around you are too loud, and trust me, you can look at my comments and DMs, there are plenty of them. The goal is continuing to stand up. If that little girl in Mississippi had seen someone like her on a magazine cover, maybe she wouldn't have felt so alone. So let's build a world where every person feels seen, valued, and heard, which is easy to say, right? But how? Well, it starts by challenging the voices in our own head, not only how we see ourselves, but how we see the world around us. When was the last time that you judged someone for being too much? Was it today? Was it yesterday? Was it this evening when you sat down to listen to my speech? Because if it was, and let's be honest, it was for many of us, then we still have work to do. But it's wonderful work."
Wt3E7xSiuxA,Wt3E7xSiuxA.wav,data/Wt3E7xSiuxA.wav,"Parrots are really highly social creatures, often live in big groups, really complex, and have really deep and meaningful relationships with each other. And yet when we keep them as pets, we often keep them alone. So I started to wonder, would a parrot video call another parrot if given a choice? Me and my collaborators, we started to build a screen-based system on a tablet, which had profile photos of different parrots, and then taught parrots how to trigger the video calls by using their tongues on the screens. And what we found is that they actually had favorite friends, in the same way that me and you have favorite friends we like to call. We also found that they did more calls the more they were called in, so there's an element of sociality here, there. We then looked at what behaviors they did within the calls, and they did such vast and wonderful different behaviors. For instance, they groomed together. It's interesting. As you can see here, they also played together. They showed each other their toys. They danced together, and they even sing together. When we surveyed all caregivers, what we found is that 100% of caregivers said that their bird benefited from this system. They said that they felt closer to the bird, that it helped their relationship with their bird, and they had more trust in there. Now, I'm biased. I'm biased because I build this technology, but I really see the enormous potential that this technology can bring. It's got so many exciting possibilities, and 100% of animals we've given this technology to so far use it, and it benefits the relationship with their caregivers. So the next time you make a video call to a loved one, just remember that a parrot might be doing the same, reaching out across the divide, seeking connection, and companionship in their own unique way. Thank you."
G4ecYUNkncE,G4ecYUNkncE.wav,data/G4ecYUNkncE.wav,"I'm the most cited computer scientist in the world, and you'd think that people would heed my warnings. Recent studies in the last few months show that these most advanced AIs have tendencies for deception, cheating, and maybe the worst, self-preservation behavior. In this study, the AI has read in its input that it would be replaced by a new version. And we can see in its chain of thought that it's planning to replace the new version by its own code and weights. After it executes the command on the computer, the human asks, what happened? And the AI is now thinking how it could answer so as to make sure the human will not shut it down. And it's trying to find a way to look dumb, for example. Then it produces an answer, and it's a lie, a blatant lie. OK, so this was a control. This was a controlled experiment. What is it going to be in a few years when these systems are much more powerful? They would copy themselves over hundreds or thousands of computers over the internet. But if they really want to make sure we would never shut them down, they would have an incentive to get rid of us. They will have their own agency, their own goals, which may not be aligned with ours. What happens to us then? Poof."
phscEr2uRz8,phscEr2uRz8.wav,data/phscEr2uRz8.wav,"Looping is a deep listening technique that I learned from Gary Friedman at the Center for Understanding and Conflict, and it is a way to prove to the other person that you are really trying to understand them, even as you profoundly disagree. And this has totally transformed how I operate in the world as a journalist, but also just as a human, as a parent, as a spouse. The four steps of looping are to first listen to what the other person is saying, but really listen to what seems most important to them, not to you, really what are they most upset about, what do they want to tell you underneath what they're saying. Listening for metaphors, for strong words, the next step is to use your own language, the most elegant language you can come up with, and play it back to them to see if you're understanding them. Summarize what you're hearing in your own language. And then the next step is to check everything out. And when you do, if you're doing it in the right way, then you're doing it the right way. And then the next step is to check if you got it right to literally say, is that right? Am I missing anything? And be genuinely curious. Don't just say it, right? But really want to know the answer. What you find is usually people will add on to what they've said, or they'll correct you in some way, but they're slowly peeling away and revealing more and more of the understory, like what the conflict's really about, what they care most about. This is everything, right? Because not only are you now starting to understand them better, but they're starting to trust that you want to understand them, which is like the skeleton key to conflict. And then if you get to a point where you check if you got it right, and the person says, yes, exactly, then and only then can you go to your next question or ask them to tell you more. The impulse very often, and I know I did this for you, it's really important to know that you're not just going to be able to do it. If you're going to be able to do it, you're going to be able to do it. And that's what I've been doing for years as a journalist, is to ask plot questions, or to offer a similar story that you went through and try to connect with them, or to maybe even try to offer advice, right? This is the natural inclination we all have. But what we found from the research is that before you do any of that, you have to prove to the person that you're trying to get them. And that makes everything else possible."
mhXGbNx63vk,mhXGbNx63vk.wav,data/mhXGbNx63vk.wav,"Write down a list of the people who are your villas, those people that you love and adore and cannot imagine living without, and make sure you put yourself on that list. Self-care is super important. It's not selfish as it has been traditionally looked at. So write down your own name at the top and then all the people that you love. After that, spend a little minute thinking of that list and giving yourself a mark out of 10 for how you're performing against every individual on that list. So at the end of like three minutes, you've got a list of people you love and adore and how you're performing against that list. Now, if you have anyone seven out of 10 or below, they're the people you need to work on straight away. And I'd simply say, write them a text message. I love you. I miss you. See you soon. Kiss, hug, kiss, hug, and just send it. And let's see what sort of response you have. When I do in the corporate world or in schools or in sports clubs, people get phoned up. People say, what's this all about? There's swear words. There's lots of messages saying, I love you too. It's a whole variety of responses, but it just starts a conversation outside of banter. It's a conversation of gravity and that might start something or connect you with someone which gets you a little bit deeper. It doesn't mean we turn every conversation into a deep and meaningful and we don't burst into tears every five minutes, but it just allows people to know that you love them and you're there for them. And it starts that building of emotional muscle and mental fitness."
We0x2EaVwkY,We0x2EaVwkY.wav,data/We0x2EaVwkY.wav,"These ordinary-looking glasses are packed full of technology. A miniaturized camera and microphones give the AI the ability to see and hear the world. Speakers let you listen to the AI and play music or even take calls. And these glasses also have a tiny high-resolution in-lens display that's full color that I'm holding in my hand. It's very, very small. These glasses work with your phone, streaming back and forth, allowing the glasses to be very lightweight and access all your phone apps. And if you're wondering, I'm actually wearing the glasses too. They're actually helping me see all of you in the audience because they have prescription lenses inside them, but they're also displaying my speaker notes for me as well. AI and XR are converging, unlocking radical new ways to interact with technology on your terms. Computers will become more lightweight and personal. They will share your vantage point, understand your real-world context, and have a natural interface that's both simple and conversational. Headsets and glasses are just the beginning. All this points to a single vision of the future, a world where helpful AI will converge with lightweight XR. XR devices will become increasingly more wearable, giving us instant access to information, while AI is going to become more contextually aware and more able to understand the world around it. More conversational, more personalized, working with us on our terms and in our language. We're no longer augmenting our reality, but rather augmenting our intelligence."
mK5BzOnZls4,mK5BzOnZls4.wav,data/mK5BzOnZls4.wav,"For a long time, ideas about the multiverse were really just philosophical. You say, well, there are many ways to interpret the wave function in quantum mechanics. And in what's called the many worlds interpretation of quantum mechanics, you can imagine that all of these universes simultaneously exist. And that whenever an outcome gets made, it sort of tells us, oh, well, we live in this branch of the multiverse rather than any of the other branches. But what's fascinating about cosmic inflation is some people have had the idea that what if these different parallel universes that we envision in our minds mathematically, what if the multiverse from cosmic inflation gave all of these different universes a place to live? This is a possibility that's exciting and that's worth exploring."
BIbAyapnfOI,BIbAyapnfOI.wav,data/BIbAyapnfOI.wav,"Now I can understand why people maybe don't want to talk about death or think about it. It's uncomfortable. It's sad. It's scary. Icky. I think it's healthy for us to think about our death. I sit deep in the trench with folks as they prepare for death. My goal is to help them answer the question, what must I do to be at peace with myself so that I may live presently and die gracefully, holding both at the same time? When I'm thinking about my present life from the vantage point of my graceful death, I can see very clearly who I want to be, how I want to spend my time, and what of me I'll leave behind. It allows me to consciously curate my life right now and also figure out my little whys right now, because what are we waiting for anyway? Like death? So why not then make meaning out of the magic of the mundane and absolve ourselves of the responsibility of trying to have some grand life purpose? Why not just keep it? Give ourselves permission to be fully human, messily, magically, fantastically, beautifully, briefly, perfectly human. If I'm to die today, I know that my death will come as a celebration, as a culmination of a life lived in and loved, a life that's worth dying from. I know, I trust, that the real gift in being with our mortality is the sheer wonder that we live at all. I know, I trust, that the real gift in being with our mortality is the sheer wonder that we live at"
5vnfRMXHBgM,5vnfRMXHBgM.wav,data/5vnfRMXHBgM.wav,"There's this company, Character AI, that has tens of millions of users. These are people who are essentially developing emotional relationships with chatbots, even if those chatbots aren't as advanced as they might be in the future at giving us everything that we want from an emotional relationship. And yes, people are going to hear like, oh, you're just recreating the plot line of Her. This is not a prediction. This is just you reciting the summary of a movie that came out a decade ago. But I think it's worth taking seriously the fact that many young people today have a relationship with their friends that exists almost exclusively through the phone, through texting, and maybe sometimes calls, but mostly texting and sharing memes. When you're texting with someone, like phenomenologically, what's your relationship with them? You're just... You're just exchanging bubbles. Here's my text bubble. Here's your text bubble. Here's my text bubble. At a level of experience, phenomenology, what is the real difference between texting a friend and texting an AI, right? I get the difference between a person and a machine, but the experience through your phone is very similar, which is why I'm worried that it's like we're blazing a trail upon which AI companions will easily walk. I get the difference between a person and a machine, but the experience through your phone is very similar, which is why I'm worried that it's like we're blazing a trail upon which AI companions will easily walk."
ikwtW-E9WLs,ikwtW-E9WLs.wav,data/ikwtW-E9WLs.wav,"What's a healthy end to a conflict that can't have a solution? A temporary compromise. That's what works best. So a problem like messiness versus neatness is going to come up over and over and over again. What do you know? We have that one. So the way to do it right is you go to a deeper understanding place by asking each other questions that really draw out underlying themes, underlying dreams, underlying background history maybe, that are part of each person's position on the issue. So there's deeper understanding, hopefully a little more compassion, and then you arrive at a temporary compromise. I have an invention and it's this notebook I keep in my back pocket and when Julie says the four dreaded words, we need to talk, I whip out my notebook and I get my pen out and I say, okay, I'm listening. Talk to me. And I write down what she says. And if I'm feeling defensive, I just keep writing. I slow it down so I can write every word. And as I'm writing, I kind of go, huh, that's a good point. Interesting. So I stay calm and less defensive. And John, between the two of you, what do you think is the most important thing that you've learned? Between the two of you, who is the messy one and who's the neater one? Messy. Well, messy in the sense that I'm constantly reading books. The pile grows and grows wherever I happen to read. And the pile grows right next to the side of the bed. So eventually our temporary compromise is after four weeks or so, I will say to John, sweetie, I'm going to break my neck if I try and make the bed. Will you please move your books? And then he'll say, well, I'm going to gut them. All his meds slash, the time to be normal. The iron of law. He's his own doctor. Her whole thing for me. So how would you describe the effect of a compromise? . So how would you introduce yourself?"
irt7v7O0F3U,irt7v7O0F3U.wav,data/irt7v7O0F3U.wav,"If you are going to donate, make sure it does the most good that it can. We all have this attitude to everyday purchases. If you need a new phone, and if you came home and showed your phone to a friend, and your friend said, how much did you pay for that? And you tell them, they say, what? I could have got that for you for half the price. You'd feel pretty stupid. But strangely, that attitude doesn't apply to charities. So if you go and give your money to a charity, let's say it's a charity that's raising guide dogs for blind people, and you don't do research before you do that. You don't ask, is there some other way I could help blind people that would help more people for less money? If you did ask that, you would find that giving money for guide dogs is not the best value for your money, because it costs a lot of money to raise a guide dog. It costs about $40,000 in the US. It's a good thing to do, but you can restore sight in someone who has cataracts, and you can prevent people from going blind from trachoma, which is a preventable cause of blindness. If you want to do good, do some research. Find the most effective charities, and give to them."
t1aVmIxjeK8,t1aVmIxjeK8.wav,data/t1aVmIxjeK8.wav,"But there will always be another war. I'm going to steal a story from a friend of mine, a Bosnian friend, about what happened to her, because I think it will illustrate for you exactly what it feels like. She was walking to work one day in April 1992, in a miniskirt and high heels. She worked in a bank. And suddenly she sees a tank ambling down the main road of Sarajevo, knocking everything out of its path. She thinks she's dreaming. But she's not. And she runs as any of us would have done, and takes cover, and she hides behind a trash bin, in her high heels and her miniskirt. But she's seeing this tank go by with soldiers and people all over the place in chaos, and she thinks, I feel like Alice in Wonderland going down the rabbit hole, down, down, down into chaos. And my life will never be the same again."
YEsIvFHdvj0,YEsIvFHdvj0.wav,data/YEsIvFHdvj0.wav,"I would entice you and say it's a sexy six minutes. Right to communicate. Local, circular and humane. I have rehearsed this talk in front of my dad 11 times. In front of the dance studio mirror at 14 times. On the loo 22 times. I have rehearsed this talk a lot. Non-stop the last three days even when I was sleeping. I don't know what they're talking about guys. Mine was impromptu. We Will Rock You by Queen. Hero from David Bowie. This Bollywood song called Dhoom Machale. You don't want me to sing. All the windows will break. Play Dhoom, Dhoom, Dhoom. Never give up. Preparation is vital. Know how to fix errors before they happen. Start with one story. Cut ruthlessly. Rehearse out loud. Until you make it yours effortlessly. This is your life. Your amazing story. So get on there. Infuse that talk with life. And perform the heck out of it."
aMHyUm5dcCc,aMHyUm5dcCc.wav,data/aMHyUm5dcCc.wav,"There are three subconscious mindsets that get in the way of us living happy conscious lives. These three mindsets are called the cynical mindset, the escapist mindset, and the perfectionist mindset. The cynical mindset is when we have lost all curiosity and ambition in life and we're actually sometimes even making fun of earnest people who still have this high level of curiosity and ambition. When we're cynical we feel like there's no point trying because we're in survival mode all the time. So things that we might be doing instead is doom scrolling, sitting on the sofa, going through negative news, being stuck in this cycle, and then maybe even spending a lot of time and energy discussing and debating those negative news with other people. In the escapist mindset we're still curious but we have decided to let go of our ambitions. We're trying to do everything we can to escape our responsibilities. That can take the form of retail therapy, binge watching, or doing something that we're not really into. Dream planning, our next vacation, instead of doing something right now to change our lives. In the perfectionist mindset we try to escape uncertainty through work. So we have high ambition but low curiosity. That might look like self-coercion, overworking ourselves, toxic productivity. Our goals are driving all of our decisions. We feel like if we manage to achieve that goal, if we manage to be successful, then we'll be happy. You can picture those three subconscious mindsets on the four by four metrics. Where the two different factors are curiosity and ambition. In the case of the cynical mindset, it's low curiosity, low ambition. For the escapist mindset, high curiosity but low ambition. And with the perfectionist mindset, you do have high ambition but you have decided to let go of your curiosity. Those mindsets are actually very fluid and they might change depending on our situation and different triggers and different ambitions that we might have at the moment. This is actually really good news because that means that these mindsets are not fixed. They are fixed personality traits. We can change them by becoming aware of them and then making the decision to change our mindsets. This is something we can achieve."
NrARzmzUGds,NrARzmzUGds.wav,data/NrARzmzUGds.wav,"The notion of the narrowly focused life is highly romanticized in our culture. It's this idea of destiny or the one true calling, the idea that we each have one great thing we are meant to do during our time on this Earth, and you need to figure out what that thing is and devote your life to it. But what if you're someone who isn't wired this way? There is no room for someone like you in this framework. And so you might feel alone, you might feel like you don't have a purpose, and you might feel like there's something wrong with you. There's nothing wrong with you. What you are is a multi-potentialite. It is rarely a waste of time to pursue something you're drawn to, even if you end up quitting. You might apply that knowledge in a different field entirely, in a way that you couldn't have anticipated. We have a lot of complex, multi-dimensional problems in the world right now, and we need creative, out-of-the-box thinkers to tackle them."
CT7EAOSu9XA,CT7EAOSu9XA.wav,data/CT7EAOSu9XA.wav,"With generative AI, we create this large language model that can say anything. And then we put restrictions on it to prevent it from using bad language or nudging people into harmful behavior. We try to rein them in with guardrails, hoping that they will work in every situation. But that is really, really hard. And as these companies race to market, they're bound to miss things. And some of these things will have big consequences. So here's my question to you. When AI shifts from being a helpful assistant to a companion, how and when will you set the boundaries? If you, like me, ever said please to chat GPT, you've already taken the first step. Treating AI as if it's human. And as it gets more integrated in your daily lives, how close will you let it get? Will you use it for entertainment when you're bored? Will you use it to cope with everyday life stresses? Or maybe even rely on it for important life decisions? And how will that affect your human connections?"
6UXm2VubJ-U,6UXm2VubJ-U.wav,data/6UXm2VubJ-U.wav,"When Utah joined the nation as a state in 1895, legislator Franklin S. Richards said that the work done in Utah on behalf of women would prove to be the brightest and purest ray of Utah's glorious star, lifting its sister states upward and onward to the higher plane of civilization and the fuller measure of civil and religious liberty. Have we done justice to the vision of our state's founders by continuing to make Utah a place that's dedicated to the advancement of women? Sadly, the answer is no. But knowing that the early members of our community cared so deeply about the emancipation and development of women here gives us a legacy we need to do a better job of honoring. They've given us a precedent for making Utah a place dedicated to women's advocacy. They've forged it into our DNA. They've shown us the way. They've given us precedence. They've given us permission to make Utah that place once again."
bCiC-nHY4H4,bCiC-nHY4H4.wav,data/bCiC-nHY4H4.wav,"Individuals high in Machiavellianism are emotionally guarded and treat people based on their utility. They think rationally about their payouts and focus on their bottom line. So can we apply this to toxic others? Let's say you have a manipulative boss, but you're stuck. You can't leave and you can't avoid interpersonal contact. I'm training people to think, OK, this is a chess match. They have a lot of utility for me financially, but are harmful emotionally. I'm going to focus on external gains here and plan my next move. Decide what your bottom line is and pursue it. Are you there to support your family? Then remind yourself of this bottom line every chance you get and craft your responses in a way that maximizes the outcome for your family. And don't fight emotional battles. Win the financial war. I want to caution you, I want to caution everyone that this tactic has no place in healthy relationships. And healthy relationships are the goal. Mutual respect and empathy are where we want to be in all our social interactions. Some simply don't play by these rules. And you will encounter one or more of a dark triad person at some point in your life. So these tactics are only reserved for when you're dealing with a manipulative person and as a last resort."
RX0ik6nWc58,RX0ik6nWc58.wav,data/RX0ik6nWc58.wav,"We experience what I call the dark side of our inner voice, chatter. If you look at what chatter does to us, it sinks us in three domains of life that I would argue everyone here cares a great deal about. One thing that chatter does, it makes it really hard for us to think and perform. Chatter also creates friction in our relationships with other people, because when we experience chatter, we're often highly motivated to share its glory with those around us. Then there's our health. So chatter helps explain how stress gets under our skin, to impact our physical health, because what it does is it prolongs our stress response. And that creates a wear and tear in our body that is physically damaging. We don't want to get rid of that tool. What we want to figure out is how to harness it. We human beings are much, much better at giving advice to other people than we are taking our own advice. Using your own name and you shifts your perspective. It gets you to relate to yourself like you were giving advice to someone else, and that makes it much, much easier for us to wisely, work through our problems. Another tool you can use to manage your chatter is other people. The best kinds of conversations with other people do two things. One, the person you're talking to does let you express your emotions. It is important for them to empathize with you and validate what you're going through. But then once you've had an opportunity to share your feelings, they ideally start working with you to broaden your perspective. They're in an ideal position to help you do that because the problem isn't happening to them."
NoI6Lfz6dB8,NoI6Lfz6dB8.wav,data/NoI6Lfz6dB8.wav,"I have shaped my life around living in the woods with sled dogs. And together we have mushed thousands of miles through the Midwest, different parts of Canada, the boundary waters, the Yukon, Alaska. It looks something like this. Those are my babies. And the thing about mushing through landscapes like that is that it's completely unpredictable. It's uncontrollable. There's so many things going on. And if you get into trouble, nobody is going to help you. You're on your own. The dogs understand this inherently. They aren't trying to think about what's coming up ahead. They're just happy to run every single time. Courage in the face of the unknown isn't about obsessively planning for everything. And it's also not about denying that things are going to go wrong. It's about making the decision to trust your future self. So when I get on a dog sled these days, and we're going 50 miles or 100, or we're going to cross the state of Alaska, I'm not worried. I know that we're going to encounter problems. But I also know that I trust my future self to handle them for me."
n5UribH66-Q,n5UribH66-Q.wav,data/n5UribH66-Q.wav,"DEI is dying, right? And allyship is on its way with it. But I want us to just for a moment consider that maybe allyship isn't grand historical gestures or another big program or huge financial commitments. It can be the small things, the things that we see and encounter every day. Allyship is understanding that the system is such that the way your neighbor is experiencing a home appraisal and the way you might be could be different. It could also be recognizing that access to job opportunities isn't necessarily fair just because you got in. It's left-handed scissors. It's considering food allergies. It's being willing to accept correction when you mispronounce someone's name or misgender them. It's all of those things that you encounter every single day. And I think when we think of it as just the big things, we miss an opportunity to step into what we independently, individually have the ability to do, to be allies. And I know that word may still not sit well with a lot of you, but whether you call it support, love, friendship, solidarity, whatever you'd like to call it, let's start taking the kinds of everyday actions that really bring it to life."
fPE9ujLIAkI,fPE9ujLIAkI.wav,data/fPE9ujLIAkI.wav,"I think that journalists, writers, need to be held to a higher standard. I told a story about how crime fell in New York, and I told the story like the story was over and like I knew what the answer to the story was. And it wasn't over, and I didn't know the answer. I wrote, I know this is what happened, and what I should have said is, this is what I believe happened now. And those words, I believe happened now, have to be at the center of any understanding of how the world works. We have to acknowledge that we are representing the position of this very moment and that that position could change if the facts change. The great desire of any writer is to write a book for the ages that will forever explain, the way things are. But that's not possible, and no one should ever try. That was my mistake, and I'm sorry."
pvC99ZM9qaM,pvC99ZM9qaM.wav,data/pvC99ZM9qaM.wav,"The topic of food insecurity has been my area of research for the past few years, and in that time, I've seen the numbers grow, and they're shocking. I want to rewind to a very sobering experience for me. A while ago, I was hanging out with some friends, talking about my research, nerding out on some statistics and findings, and a little later on in the evening, a friend turned to me with a pretty serious look on his face, and he said, hey, I think that's me. I want to highlight two things about that interaction. One, he said it quietly, like you couldn't believe that this pertained to him or that he didn't want our other friends to hear. And two, he's my friend. This is someone that I was in community with on a fairly consistent basis. He wasn't some percentage or some citation. This is someone that I knew. This largely hidden crisis has been around for generations. And while it's not easily solved, there are steps that we can take to address it. Thank you."
DrZdURyL_Zk,DrZdURyL_Zk.wav,data/DrZdURyL_Zk.wav,"And there's a very nice example I give in the book of an artist that uses mathematical structures in their art. And that's Jackson Pollock. You know, it's very abstract expression is art, flicking paint around. And a lot of people say, well, anyone could do that. It turns out not everyone can because he's doing something quite special in his painting style, which is that he's actually creating with his body and the paintbrush, a chaotic system. And the geometry of chaos is this thing called a fractal. So actually what he's making is a lot of fractal geometry. And a fractal has this lovely property that if you zoom in, it never simplifies. One of the beautiful things about Pollock, when you're standing in front of it, you lose your sense of scale. As you walk towards it, you're not quite sure how close you are. And that's something that's, I think, very attractive about Pollock. And what's most interesting about this is the paintings that, that we love of Pollock have a fractal dimension that is exactly the one we see in the natural world. It's about 1.7. And when Pollock tried to make more complex fractals, which were starting to go 1.8, 1.9, people didn't like them because they were starting to move away from what they'd seen in the natural world. So Pollock was capturing in an abstract way the fractal quality of the natural world around us. And that's one of the reasons that we love Pollock so much. Thank you very much."
IHBXlpLn36w,IHBXlpLn36w.wav,data/IHBXlpLn36w.wav,"What I have discovered though is that both men and women want someone who will be with them in the partnership, shoulder to shoulder, and someone who has agency. They're not necessarily looking for exactly the same things in each other, but they are looking for someone who's with them. Someone who will work together in a genuine partnership. So for example, there's a question that asks young women what they're looking for in a potential marriage partner. And bread winning potential is always pretty high on the list, top three in the list. Not so much the other way around. But having spoken to a lot of young women about this, I've become convinced that that's just a proxy question for this guy has his act together. The labor market is a really good signal. If you can do well in the workforce, that probably means you've got a whole set of skills and habits and disciplines that will also make you a good father. And so I think that's what's going on here and what women are looking for. By and large. Isn't the what a trad husband so they can be a trad wife to that trad husband. Of course, that's true for some. But what they are looking for is someone who has agency, who has skill and who has commitment. And he may well end up applying that as a stay at home dad for a while or in the community in some way rather than in the narrow economic role of breadwinner. But they do want guys who've got some mojo. They do. They do want guys who've got some skills. They do want guys who've got their act together. Men want that from women, too. But many young men, I think, are struggling to find the ways to develop all of those skills and their agency and feel somewhat thrown around by the current cultural environment. And I think if you can't have empathy for a young man who feels like he genuinely is being told contradictory things all the time about how he's supposed to be in the world. Too masculine, not masculine enough, etc. Then I think you lack some sort of basic empathetic impulse. Because I do think that's a difficult set of rapids that young men are now navigating."
Tz2Ery-RO94,Tz2Ery-RO94.wav,data/Tz2Ery-RO94.wav,"Take your eye off your kids for a minute, because all they're doing is showing you where your weak point is. If you're busy doing the washing up and you're kind of stressed and they come in and start going, ma'am, ma'am, ma'am, ma'am, ma'am, ma'am, then you need to know that they have chosen that exact moment because it gives them exactly what they want. If you're able to stand there and think, I'm feeling really irritated, I'm feeling put under pressure, and you know that, you can actually stand there and think, wow, look at me, I'm getting really cross here. And you can say, listen, I've just said no. And then they nag and nag and nag and nag. You need to be thinking, wow, I must have given in a lot in the past for them to be so persistent. Not, why are you doing this to me? No, I've set you up for this. And I actually need to start getting a handle on how I behave as a result of how I feel. Otherwise, I am not going to know me. I'm going to be in resentment against my kids. I'm going to be feeling poor me. I'm going to be in that space of excitement. Expectation and resentment."
otNea-jNmXU,otNea-jNmXU.wav,data/otNea-jNmXU.wav,"Genetic prion disease is always fatal. We can't say when it will strike, only that it'll be some point in adulthood, and once it does, you die in months. I lost my mom to genetic prion disease in 2010. I learned that I carry her mutation in 2011. My husband and I changed careers to devote our lives to developing a therapy in time. I'm trained as a lawyer. He's trained as a transportation engineer. We are not biomedical people, but we know that for us, this limbo isn't life. And we go back to school to get our PhDs in biological and biomedical sciences. And today, we're leading this lab of 12 people at the Broad Institute in Cambridge, Massachusetts, devoted to developing a therapy for prion disease in our lifetimes. On the one hand, I got dealt a bad card, and don't get me wrong, I really don't want to die. I want to die young. At the same time, this bad card has launched me on a quest with a team. And the wonder of this exact life is that I am constantly getting to meet people's best selves, including versions of Eric and me, that I wouldn't have encountered any other way."
kNelNGmQ4YM,kNelNGmQ4YM.wav,data/kNelNGmQ4YM.wav,"One of my colleagues asked me to analyze a bunch of brains of psychopathic killers. Some of the brains that I've studied are people you know about. When I get the brains, I don't know what I'm looking at. You know, it's a blind experiment. They give me normal people and everything. So I've looked at about 70 of these and came up and saw a number of pieces of data. So we look at these sorts of things theoretically on the basis of genetics and brain damage and the interaction with environment and exactly how that machine works. So we're interested in exactly where in the brain and what's the most important. Part of the brain. So how you end up with a psychopath and a killer depends on exactly when the damage occurs. Every one of them I looked at who was a murderer and was a serial killer had damage to their orbital cortex, which is right above the eyes, the orbits, and also the interior part of the temporal lobe. So there's this pattern that every one of them had, but they all were a little different too. They had other sorts of brain damage. The key thing is that the major violence genes is called the MAOA gene. And there's a variant of this gene that is in the normal population. Some of you have this. And it's sex length. It's on the X chromosome. And so in this way, you can only get it from your mother. And in fact, this is probably why mostly men, boys, are psychopathic killers, are very aggressive. Because, you know, the daughter can get one X from the father, one X from the mother. It's kind of diluted out. But for a son, he could only get the X chromosome from his mother. So this is how it's passed from mother to son."
-RgMCwptj3k,-RgMCwptj3k.wav,data/-RgMCwptj3k.wav,"We say we want colleges to be more equitable, more accessible, but we tend to obsess over a tiny group of colleges, places like Harvard, Stanford, Yale, Princeton, MIT. But our cultural obsession with a limited group of highly rejective colleges has major consequences. Regional public universities, or RPUs for short, are the exact opposite. RPUs pride themselves on accepting everyone or almost everyone who applies. RPU students are more likely to be first-generation college students like I was, students of color, low-income students, veterans. So when you hear someone saying, oh, anyone can get into that school, push them away, that's a bad thing. You don't have to be rude about it. You could just say, wow, that's amazing that that school gives so many people the opportunity to go to college."
FCrFpk9YqLI,FCrFpk9YqLI.wav,data/FCrFpk9YqLI.wav,"So I'm a big proponent of technologies for communication that are passive, if you like, that don't require an active power system. If we try to build a communication program that requires federal funding and energy and maintenance, it's inevitably going to fail after 10, 20 years or whatever when someone decides that's too expensive to do. We need something which can last for not only hundreds of years, but potentially billions of years. And so for me, one of the most interesting ideas for communication is to leave something physical behind for them to find. And of course, this is an idea that was played with with the film 2001 A Space Odyssey, where there's these monoliths which are left within the solar system, especially beneath the lunar surface. And I think that is a really terrific place to leave something. The moon has no active geology. It has no atmosphere. It has no weathering. So anything that you leave on the lunar surface is going to be preserved for a very, very long time. It's going to be there for millions of years. Think about Neil Armstrong's footprints. They're going to be there for at least a million years. And if you build something physical, a large structure on the surface, that's going to be even more robust. And the extra benefit would be, of course, to bury it maybe a meter beneath the surface, where you are now protected from micrometeorites as well. This would be probably the safest place in the solar system, in my opinion, to leave something that we could potentially encode a message in the same way that our ancestors speak to us through the monuments they left. Be it the pyramids. Or the Stonehenge. These structures which are left behind and speak to us from the past. We too have an opportunity to build something on the moon, I would claim, that could last for billions of years and be a record. And perhaps, perhaps the most likely advanced civilization that is going to discover that relic that we leave behind will be a future descendant of the Earth. For the Earth has another billion years left to go in its evolutionary history of chemical biology still taking place. And think about all the advanced evolution that has occurred in just half a billion years. We've gone from single-celled organisms to us in half a billion years on this planet. What's going to happen in another billion years? We will probably disappear at some point. And I can imagine not just one, but perhaps multiple advanced civilizations re-arising on this planet, having their own space ages. And they will go to the moon, find this relic, and perhaps know something about who we were. To me, that is the most likely alien encounter we're going to have."
altQuGQpA3U,altQuGQpA3U.wav,data/altQuGQpA3U.wav,"find a path that works for you, find a position that works for you, and maybe make one if it doesn't exist yet. Hey, so what do you do all day? I'm a cosmologist, an astrophysicist, and a science communicator, and I study the universe, and then I talk about it. And what does that usually entail? In my research, I try and understand some of the big questions in astronomy, like where did the universe come from, what's going to happen to it in the future, what's it made of, how do the principles that govern the universe work? Tell us a little about your journey and how you got here. I started out in the kind of typical academic path, and then I transitioned into a job that is a mix of research and science communication at an institute called the Perimeter Institute for Theoretical Physics that focuses on sort of all of the above, research, teaching, and outreach. What's one thing everyone should know about the universe? It is something that we can actually study with scientific methods, so we can learn a lot about the history of the universe, we can learn a lot about the nature of the universe, about how it's changing over time. There are still things that are mysteries, there's still a lot to learn, but we have incredible knowledge of how the universe works that is astonishing to me even today. And what's one piece of advice you would have for someone that wants to be in this field? To get into academic scientific research, generally what you have to do is get an undergraduate and then a graduate degree in the field that you're trying to work in and work through that process. When you get through, you know, PhD and the research fellowships and stuff, there are a lot of different paths you can take. And so I guess the advice would be to figure out what's really important to you, what you're really, you know, talented at, and find a path that works for you, find a position that works for you, and maybe make one if it doesn't exist yet."
g_joEan60yw,g_joEan60yw.wav,data/g_joEan60yw.wav,"Now Darwin, this is just a twist of his story. After nearly five years at sea and having made a full voyage around the world, they were about to turn from the southern tip of Africa back up to Europe. But his captain, who was sort of obsessive, decided he wanted to do some more measurements in South America. So he went back across the Atlantic. And Darwin was at first just crestfallen that he wasn't headed home. But he needed to make good use of that time. And he started to take his notebooks out and review what he had seen, but also sort of annotate them. And he thought back to the Galapagos Islands. And he thought back to these mockingbirds that he had seen on different islands. And he saw that on different islands, the mockingbirds were slightly different from one another in their feather patterns and things like that. And he thought these islands were within sight of one another, just 50 or 60 miles away from one another. If a creator was placing species sort of perfectly adapted to each other, then he would have been able to do that. And he thought, well, if we were to put these mockingbirds in each place, why would these mockingbirds be just slightly different from one another? And he thought, no, no, I think this undermines the stability of species. I think species can change. After Darwin got back from his voyage, he was pondering these ideas, and he decided to write them down in essay form. And by 1844, he completed a 230-page essay that fleshed out a lot of his basic ideas. He wouldn't publish anything on evolution for 15 years. So, it was some kind of intellectual activity that Darwin would throughout his life. So, a man named Goodrass Harley called it the Allerishment of Joseph aut сохран protects human ancestors from beingோ uncivilizeded by seeming imaginar n consumerism Jr. And he said that people who lagi can hack my brain are learned. So, Bradley and I met in وہ"
1TmbgWl-VjU,1TmbgWl-VjU.wav,data/1TmbgWl-VjU.wav,"An upstander is someone who intervenes. An upstander is the opposite of being the silent bystander. What can we do to be upstanders? A friend of mine told me a story about going into a meeting with a colleague of his who was a woman and another colleague who was a man. His colleague who was a woman had the expertise that was going to win his team the deal. So when they went into this meeting, she sat in the center of the table, he sat to her left, and another guy sat to his left. And when the other side came in, the first person who came in sat across from him, the next person sat across from the guy to his left, and then everybody else filed on down the table, leaving his colleague, the woman, dangling all by herself. She started talking as the meeting got started. And when the other side had questions, they didn't direct them at her, they directed them at him. And the third time it happened, he stood up, he looked at his colleague, and he said, I think we should switch seats. That was all he had to do to totally change the dynamic in the room."
9tQPo-18jC8,9tQPo-18jC8.wav,data/9tQPo-18jC8.wav,"This is the Jurassic Park era, my Jurassic era, 1993. I mean, this film really ended up redefining the way visual effects were done in movies. But it wasn't planned that way from the beginning. They were going to do these huge, full-scale dinosaurs, which they did, and they were amazing. But for the shots where they couldn't have a full-scale dinosaur run, like a T-Rex, they were going to do stop-motion animation, like you see here. And all that changed one day when Kathy Kennedy, the show's producer, she was walking the halls of ILM, and she noticed this test looping on a monitor. Now, the animators had actually positioned this monitor, hoping she would see it. This is the early days of CG, computer graphics, and this looked promising, enough to commission a test with skin and lighting. So they did that test just real quick, and Dennis Muren, the film's visual effects supervisor, and famous stop-motion animator Phil Tippett, they took this down to Spielberg and to Kathy Kennedy, and they looped it a few times in their screening room. And as the lights came up, they knew cinema history had changed. But I think artists right now, many of us are feeling that same threat, that threat of extinction. Jurassic broke all new ground in computer graphics. All new techniques for the first time had been used at this scale. But many of the techniques were exactly the same as before. The animators taped themselves on video for reference. They drew these amazing storyboards of these shots that are now indelibly imprinted in all of our minds. Engineers at ILM even went so far as to make this. This is the dinosaur input device. It's a stop-motion armature. As you can see, each of the joints, it has a little encoder on it, so it can send the data back to the computer. Literally a combination of the oldest animation technique we know, stop-motion, and the brand-new computer graphics techniques back in 1993."
FlZnDwQRqOo,FlZnDwQRqOo.wav,data/FlZnDwQRqOo.wav,"Nihilism doesn't remove values. It analyzes values and finds them to be essentially groundless, or if they do have a ground, the ground is within the subjective preferences of people. Most people instinctively think that there is some kind of meaning to life. They just don't think about it. They just sort of assume that it's there. In the same way that when I reach out my hand to pick up this glass of water, I'm not really conscious of the fact that if I stay thirsty for too long, I'm going to be unhealthy and I'm going to get a headache. It's somewhere in the back of my mind, but it's almost unconscious. I just do it. It's sort of very surface level. And if you ask them, why are you getting out of bed to go to work? Why are you getting out of bed to go to work? Why are you getting out of bed to go to work? Why are you doing that? To make money? Why? To provide for my family? Why? To bring up my children healthily? Why? Because I want my children to be healthy. Why? What do you mean why? That's it. That's what it's about. For some people, they just don't recognize the question. They're just like, what are you talking about? And they move on with life. For other people, they hear that and they go, gosh, you know what? Fair enough. I actually don't know. And I think that for a lot of people, that can be quite shocking. It's like suddenly, people often decide to go to work. And I think that for a lot of people, that can be quite shocking. It's like suddenly, people often decide to go to work. And I think that for a lot of people, that can be quite shocking. It's like suddenly, people often decide to go to work."
kXXECqaIMkI,kXXECqaIMkI.wav,data/kXXECqaIMkI.wav,"What should I eat for breakfast? You can't be serious. AI is rotting your brain. That's what everyone says about new technology. 2008, The Atlantic ran an article called Is Google Making Us Stupid? It's ridiculous. This study from MIT shows that brain activity is lower when you use ChatGPT. Okay, but lower brain activity doesn't mean that your brain is falling apart. It just means it's doing less work. Have you never heard of use it or lose it? Meditating also lowers brain activity, but no one is saying that meditating makes you dumb. Your brain works like a muscle. If you don't do things, you forget how. And why do you use a calculator for doing math? Not doing long division just means we have more time for everything else. We're not talking about long division. We're talking about critical thinking. Okay, but you can think critically with ChatGPT. You can use it to look up like 20 research papers. But most people don't do that. There's this concept called the fluency heuristic that says that we mistake clear and simple writing for accurate writing. People forget that AI makes mistakes. The number one thing that students use AI for is as a tutor. That doesn't mean they're not thinking for themselves. Sure, but the second most common use is to write an entire essay. So we agree, AI isn't making us stupider. Sure, if you use it to outsource all your thinking, that's bad. You literally just asked ChatGPT,"
WCnqWo3rKmg,WCnqWo3rKmg.wav,data/WCnqWo3rKmg.wav,"I respect my dad's opinion a lot. And so oftentimes I won't call him for advice because I'm scared. That I'm wrong. That I'm wrong. And because I respect it so much that I know there's something inside that says he is right no matter what. Yeah. But I think one of the wisest things we can do is not listen to our elders too closely. True. They have things to say, but there's a great value in discovery, in doing the wrong thing and learning for yourself, as opposed to learning what the wrong thing is and never trying the wrong thing. Yeah. I think a big moment for me was when I was buying my house and I was asking my dad for his feedback on everything. And I was just, I needed his approval. Like, what do you think about this? I don't want to make the wrong decision. It hit me. Like, my dad's never bought a house before. At that point, I was living an experience outside of his experience. Like, I couldn't go to him as the person that could give me all of the advice. And he always has opinions. You know, he definitely wanted me to have, you know, he had recommendations for who should do the, my inspection and everything. But he'd never bought a house before. It was just interesting to be in this very surreal position of like, wow, I'm in a stage of life that my dad never was in. And, you know, it's kind of like swimming without a life vest for the first time. So I agree with you about kind of recognizing just because a person is a person. Yeah. And the older doesn't necessarily mean they have all of the answers."
1E4rBf6oNvM,1E4rBf6oNvM.wav,data/1E4rBf6oNvM.wav,"My heart is with those of us who struggle with our weight, who want to be our healthiest selves, and still love the body that we're currently in. Because by daring to live out loud and being right here right now, I'm still fighting for the equality of fat people. Two things can be true at once. Fat people can be treated badly by society, and often are. But fat people can be healthy or unhealthy, right? Like any of us. And by trying to lose weight or bringing attention to the dangers of obesity, I can love myself and want to make a change for the better. I would argue loving yourself makes you want to change for the better. And I would hope that any of you want to make a change in your life for the better, regardless of what you look like or what your body looks like. Body autonomy embraces this exact sentiment. You should be able to do whatever you want with your body. We need more empathy, more compassion, more nuanced conversations about this topic. A health journey is an act of self-love, not an act of self-hate. I hope that by sharing my story, we can have more honest and open and compassionate conversations about health and wellness and loving yourself."
BycgXuZFhnk,BycgXuZFhnk.wav,data/BycgXuZFhnk.wav,"I'm often introduced as being the woman who was the inspiration for Ellie Arroway, played by Jodie Foster in the movie Contact. And I am in a little way, but really that character is an amalgamation of traits of female scientists that Carl had worked with. When I was a fresh PhD, I got invited to a meeting in Washington and I walked into a room of 80 female PhDs in all kinds of STEM fields. I had never walked into a room full of women. Very comfortable walking into a room full of men as the only woman. And it turned out that many of those women had their fathers die when they were young, just like me. Many of those women were competitive. There were no women's sports teams that you could try out for. And I'm just very prototypical of all those women. And because I'm so prototypical, I'm not a woman. I'm not a woman. I'm not a woman. I'm not a woman. I'm not a woman. I even thought it was me."
qgjsfamIeWU,qgjsfamIeWU.wav,data/qgjsfamIeWU.wav,"If I walk down the street, I am not seeing the lingering light of people who walked before me. Vision doesn't have that long temporal dimension. Smell absolutely does. A dog that walks down the street and pees leaves pools of scent. And a dog walking along that same path afterwards can detect those scents. When I walk down along my neighborhood with Typo, he can smell which dogs have been on that street before us. I absolutely cannot. I don't know who passed by even just five minutes ago. But he has access to that kind of information. And when you really think about the senses, you do start to understand the very different kinds of information that those senses offer their owners. And dogs through their noses are privy to the past, to recent history, in a way that we aren't with us. And us."
bA9xGDsQADo,bA9xGDsQADo.wav,data/bA9xGDsQADo.wav,"In sports where large size is prized, the large athletes have gotten larger. While indeed we haven't evolved into a new species in a century, the gene pool within competitive sports most certainly has changed. Today, rather than the same size as the average elite high jumper, the average elite shot putter is two and a half inches taller and 130 pounds heavier. And this happened throughout the sports world. In 1983, the National Basketball Association signed a groundbreaking agreement, making players partners in the league, entitled to shares of ticket revenues and television contracts. Suddenly, anybody who could be an NBA player wanted to be, and teams started scouring the globe for the bodies that could help them win championships. Almost overnight, the proportion of men in the NBA who were at least seven feet tall doubled to 10 percent. Today, one in 10 men in the NBA are at least seven feet tall. But a seven-foot-tall man is incredibly rare in the general population. So rare that if you know an American man between the ages of 20 and 40 who's at least seven feet tall, there's a 17 percent chance he's in the NBA right now."
t7W5SAXIcH8,t7W5SAXIcH8.wav,data/t7W5SAXIcH8.wav,"So you don't need a lot of the ingredients of the standard model to explain you. You are made out of up quarks, down quarks, and electrons held together by the strong nuclear force and electromagnetism. That's 99.99% of understanding you. You need to understand some details about the masses and the Higgs boson and things like that. Gravity is important, but it doesn't require that much. And what's interesting is, of course, you can imagine, and particle physicists love to imagine, that there are new fields and particles we haven't yet discovered. Dark matter in the universe is the best evidence that we have directly. There must be some particle we haven't yet discovered in order to account for the gravity we see in galaxies and the universe. We don't know what the dark matter particle is. We know how much dark matter there is and where it is. We don't know what kind of particle it is. But we know it doesn't interact with you and your body. How do we know that? Because there are rules for what happens when one particle interacts with another. And if a certain particle could interact with the things you're made of, the electrons, the protons, and neutrons, then we would be able to make it in the laboratory. We would just smash other particles together, watch what comes out, and the dark matter would appear. Indeed, this is particle physicists' favorite thing to do, look for new particles by smashing other ones together. We haven't found anything. By doing that, that is not already in the standard model of particle physics. So there almost certainly are new unknown particles and fields out there. But they're either too energetic to make in our best particle accelerators, they're too massive, it just takes too much energy to create them, or they only interact with ordinary matter so feebly, so weakly, that maybe there's a chance of making one, but we don't notice. Either way, you are made of electrons, protons, and neutrons interacting through electromagnetism, gravity, and the nuclear forces."
umhBo4U6XEI,umhBo4U6XEI.wav,data/umhBo4U6XEI.wav,"Nobody is talking about the seven different types of rest you need. We're all exhausted and it's probably because we're trying to fix it with just sleep and naps. This is physical rest. It includes active rest like yoga or massage therapy. Sleeping and yoga are great, but you're going to need more than that. Up next is mental rest. Take short brain breaks throughout the day and keep a journal next to your bed to write down any intrusive thoughts. Third is sensory rest. Think cutting out computer screens, turning down lights, and basically unplugging every once in a while. Fourth is creative rest. Get out there and touch some grass. But if you can't do that, just make sure that your work area has some pictures of places you love or works that inspire you. Emotional rest is next. Allow yourself to be authentically yourself, giving yourself time to freely express yourself and know people-pleasing. Sixth is social rest. This means keeping track of which relationships exhaust you and which ones revive you. Then do what you can to surround yourself with positive and supportive people as much as possible. This works in real life or virtually. Lastly, spiritual rest. Prayer, meditation, community, whatever works for you that allows you to feel love, acceptance, and purpose. If you're getting enough sleep but you still feel tired, adding some of these may help you feel more rested."
X0bKCMgAUOg,X0bKCMgAUOg.wav,data/X0bKCMgAUOg.wav,"A wealth of information on our health and our well-being is running through our city sewers, and we're all contributing to it every single time we use the toilet. This tiny sample comes from a wastewater treatment plant that represents more than one million people. And from it, we can detect all sorts of things about that community. The infectious disease viruses that are circulating in our bodies, chemical markers for the drugs that are most commonly consumed. And we can analyze for all the bacteria that live in our collective microbiomes. It's the perfect data dump. Today, 72 countries have used wastewater monitoring to understand COVID-19. And it's time that we leverage these investments to monitor for all sorts of other things as well. Imagine knowing when influenza and RSV are going to peak every year so that our hospitals can prepare. Imagine mapping nutrition in our cities so that we can identify food deserts and understand social determinants of health. Imagine identifying superbugs and antibiotic-resistant genes as they emerge in our communities. Imagine preventing the next pandemic before it happens. And next time you use the toilet, just remember you're doing your civic duty."
6MPxJ6hQgpI,6MPxJ6hQgpI.wav,data/6MPxJ6hQgpI.wav,"I still get severe anxiety every time I go to hit the upload button to post my next video. I finish my video and I go to save it as final. But then I noticed that I could trim off a few parts of it and make it even better. So I resaved that file as final underscore final. But then I'm like, wait, wait, wait, I can make the audio a bit better. I can make the color more saturated. Let me resave it as final, but actually. And then I repeat this process 29 more times until I save 29 more versions of that same damn video. Until sometimes I honestly still don't upload it because it's still not good enough. My obsession with perfection got so bad that in my first year on YouTube, I only uploaded six videos. How many of us have unknowingly left masterpieces on the floor because we got two in our heads? For me, it was only once I started shifting my mindset that I saw a real change in my career as a creator. That after posting an embarrassing six videos in my first year, we went on to post a hundred more. And I was like, I'm going to post 173 videos that got over 300 million views. And somehow our channel became one of the fastest growing on YouTube. And I now realize that cringing at your past work is proof of progress. And sometimes perfectionism is just procrastination in disguise. Every artist, every entrepreneur, anybody who's ever pushed the envelope, even a millimeter has experienced anxiety. You're going to have flops. You're going to have critics, but I hope no matter what that you keep creating."
AXsaszuE3Hs,AXsaszuE3Hs.wav,data/AXsaszuE3Hs.wav,"It has become increasingly difficult for anyone to get good, valuable information on social media on Israel-Palestine. The number of accounts that if you look not at one post, but if then you go back into the account and say, okay, what are they presenting? Are they actually presenting the news because it's being put out as if they're presenting the news? There's a headline that you need to focus on. Then you realize, wait a second, this entire account is only focusing on the suffering of Jews, or this entire account is only focusing on the suffering of Palestinians. I would wager that that is the vast majority of the social media verified, algorithmically promoted accounts. That people. Are presently digesting on this conflict."
HDqo9qUtTAk,HDqo9qUtTAk.wav,data/HDqo9qUtTAk.wav,"people are actually notoriously bad at guessing what's going to be effective for themselves, so for smokers, what's going to motivate them to change their behavior, and for other people, what's an effective campaign on the whole. First, we asked what people thought would be effective and ineffective. And the height of the bars here represents how much they liked the campaigns. So they thought campaign C would be the worst and campaign B would be the best. Next, we looked at what happened in their brains when they were watching the three different campaigns. And there we saw a slightly different pattern. We saw the greatest amount of activity in response to campaign C, then B, then A, in a part of the brain that sits right here behind your forehead, and tracks how relevant and valuable people find information, how much it really resonates with them. What we found was that although all three campaigns increased calls to the quit line, they did so at different rates. So campaign C increased the calls the most, then B, and then A. So one thing you might notice is that the pattern that we saw in the brain was similar to what happened when we looked at what actually worked in the real world. And that was different than what people told us they thought would happen. So this highlights one of the limitations of just asking people what their intuitions are, as well as one of the potential promises of understanding how the brain works and using that to try to make better campaigns. The result which we found was the tools they had been using to implement their campaigns. Wow. And that's kind of why NKSC sparked a lot of questions. And I don't think we were able to do a variety of things. Or take on it as weights and things like that, because we are just kind of breathing and we weren't willing to do it. And so it could just be like, hey that table, I'm not going to anything. Okay.legt Right. So what did we see in the top two campaigns. So we just talked to the company, IN Wohnheim, who was the host of a firesideò podcast, talking about why it's better to Kelly Bushima webinar than to speak on our own website. We really were surprised that there wasn't such a huge amount of lenience, rather we just reported it."
tLviVhp5hxk,tLviVhp5hxk.wav,data/tLviVhp5hxk.wav,"There have been a few rogue archaeologists who decided to make an Egyptian-style human mummy in modern times. It was quite a controversial project. It took place in the 1990s in Baltimore with two people. One was an anatomist and one was an Egyptologist. Even though they got a lot of pushback from other archaeologists, from bioethicists, people like that, they said this was a very important problem and they wanted to go forward to answer some of these mysteries. So someone had donated their body to science and they decided to use it to make this mummy. And the person I talked to for the book, Bob Breyer, actually went over to Egypt and he dug out the mineral that they were going to use as a drying agent in the body. So he was very committed to authenticity here. He also had a series of stone tools made, some from a obsidian or other stones, some from copper. And they actually used that on the body to open it up. They had to open up a little hole to get the origami. They had to take the organs out to dry those out. And then once they had the organs out, they had to wash the inner cavity and then use the mineral that he had found in Egypt to dry the body out. And that mineral was a mix of baking soda and salt, a mineral called natron. And you can actually make some at home if you want. And by making a human mummy, they learned a lot about the process and solved some of the mysteries. One was how much natron you would even need to do this. They ended up needing several hundred pounds of this. Another mystery was how long does it take? It ended up taking them about 70 days or so to make a human mummy. They had to change the natron in a few times, but overall that's about how long it took. And one of the big mysteries that they wanted to solve was when we find an Egyptian mummy today, you can see the very weathered skin. It's usually changed color, gotten a little darker. The hair is very wispy and the skin is retracted on the face, kind of pulling back like this. And then the other mystery was how long does it take to make a human mummy? And they wanted to know, well, was it the mummification process that had done that? Or the fact that they were sitting in a dry environment in Egypt for thousands of years? And even after four or five weeks with the human mummy in modern times, they realized that it was the mummification process that was doing this. The person I talked to, they cracked open the crust, looked at the mummy, and he sort of gasped. And he said, oh my God, this looks exactly like Ramses the Great from Egypt. He was stunned that in just a few days, he was able to make a human mummy. He was stunned that in just a few days, he was able to make a human mummy. He was stunned that in just a few days, he was able to make a human mummy. In just a few weeks, they had recreated an Egyptian-style mummy."
1Zhgp51IJhI,1Zhgp51IJhI.wav,data/1Zhgp51IJhI.wav,"Discussing right and wrong can often be very difficult. In fact, Christmases have probably been ruined over that very thing. Wars have been fought over right and wrong. But at the turn of the 18th century, the philosopher Jeremy Bentham gave us a surprisingly simple calculation about how we can work out what is right and wrong. Jeremy Bentham became the father of the theory known as utilitarianism, which is the idea that a good action is one which creates the greatest good for the greatest number. So Bentham argued that if we're to decide if an action is right or wrong we have to set it against seven different criteria of pleasure. The first is intensity. So how intense is the pleasure? The second is duration. So how long does it last? The third is proximity. So how close is it to you or how far away is it? The fourth is fecundity. Does this pleasure produce more pleasure? The fifth is purity. Does this pleasure also create pain? The sixth is extent. How widespread is the pleasure? And the seventh is lickiness. The fourth is ascent, or ascent. And the seventh is ascent. And the seventh is ascent. And the seventh is ascent. And the seventh is ascent. likelihood. So how likely is this pleasure to happen? So what we do is once we've calculated our pleasure, we add all the numbers together and we decide whether this action right now creates more pleasure or more pain. And we do the action which creates more pleasure. Of course, there's a whole host of problems with this, not least who defines pleasure. And it's a problem that John Stuart Mill, who's Bentham's successor, tried to resolve. But one of the biggest problems is who actually has time for this. In any given day, we have thousands of ethical decisions and no one can sit down and draw out a hedonic calculus."
_LYjh9tICbE,_LYjh9tICbE.wav,data/_LYjh9tICbE.wav,"And how this all started was a joke. I told a dying man that I'd crash his funeral for him. He had vultures in the family, and he had a toxic best mate. Now, we hatched a plan where I attend the funeral as one of the mourners. A specific time when his best mate's performing the eulogy, I stand up and I say exactly this. Sit down, shut up or fuck off. The man in the coffin's got something to say, and this is what it is. You're no friend of mine. You've been trying to screw my wife while I'm on my deathbed. I couldn't get up, I couldn't yell, I couldn't kick, I couldn't scream. I couldn't defend my wife, my family. But I found someone that could. My first client, Graham, he said to me, he said, I've got three family members. If they attend my funeral, please tell them to stand up and fuck off. They attended the funeral, they were there. He said, I have not seen them in 30 years. Why are they there paying their respects now when they could have done it when I was alive? There's people there that are paying their respects. They're there for them. They're not there for the deceased. Funerals aren't for the living, and if you think they are, then you're disrespecting the person in the coffin."
LiZYXA7qjNo,LiZYXA7qjNo.wav,data/LiZYXA7qjNo.wav,"One of the ways that I like to think about how a psychedelic assists the psychotherapy process is really based on a quote from Stan Grof, which says that a psychedelic is to the brain what the telescope is to astronomy or the microscope is to biology. It just allows you to go deeper and see things that perhaps you couldn't ordinarily see. And I think that's exactly why these compounds have so much potential, and particularly MDMA for PTSD, because it allows you to get past this initial layer that you can't see, which is, how did I let this happen? Or how could this have happened to me? And go to that next layer that perhaps is more microscopic, which is because I couldn't do anything else, because I had no other options. And it also developed that sense of self-awareness. Self-compassion. That allows you to understand that you don't need to be punished or punish yourself, because you didn't live up to your own expectations for how you should have behaved. I think the most important thing to let people know about psychedelic-assisted psychotherapy, if you're using it for the purpose of healing from mental health symptoms, is that intention is very important. It's not only intention, it's the desire to go deeper than you've been able to go. On some level, you have to have a mental health condition. I think that's what I'm trying to do. I'm trying to have this sense that I know I need to be going deeper, I just can't. It's too upsetting, it's too traumatic, it's too difficult. And really using the medicine for what it is there to do, which is help you see that thing that you can't see with your naked eye, and really wanting to see it."
F60F3wAPUWo,F60F3wAPUWo.wav,data/F60F3wAPUWo.wav,"We're currently releasing the most powerful, inscrutable, uncontrollable technology we've ever invented that's already demonstrating behaviors of self-preservation and deception that we only saw in science fiction movies. We're releasing it faster than we've released any other technology in history and with under the maximum incentive to cut corners on safety. And we're doing this so that we can get to utopia? There's a word for what we're doing right now. This is insane. There's a universal human experience to something that is being threatened by the way that we're currently rolling this profound technology out into society. So if this is crazy, why are we doing it? Because people believe it's inevitable. So what would it take to choose another path? I think it would take two fundamental things. First is that we have to agree that the current path is unacceptable. And the second is that we have to commit to find another path in which we're still rolling out AI, but with different incentives that are more discerning, with foresight, and where power is matched with responsibility. There is no room of adults working secretly to make sure that this turns out okay. We are the adults. We have to be. And I believe another choice is possible with AI, if we can commonly recognize what we have to do."
nLg4ZvFRpJw,nLg4ZvFRpJw.wav,data/nLg4ZvFRpJw.wav,"Think about playing a game of Monopoly. Except in this game, that combination of skill, talent, and luck that help earn you success in games as in life has been rendered irrelevant because this game's been rigged. So, we ran a study, and with the flip of a coin, randomly assigned one of the two to be a rich player in a rigged game. We saw very notable differences and dramatic differences begin to emerge between the two players. The rich player started to move around the board louder. We were more likely to see signs of dominance and nonverbal signs of displays of power. Now, this game of Monopoly can be used as a metaphor for understanding society. As a person's levels of wealth increase, their feelings of compassion and empathy go down, and their feelings of entitlement, of deservingness, and their ideology of self-interest increases."
dfCHPKSjKG0,dfCHPKSjKG0.wav,data/dfCHPKSjKG0.wav,"It is nicer to think that you are here for some kind of reason that's written into the rules of the universe than that it all is just a happy or unhappy accident. But it does also seem completely bewildering that we would just exist for absolutely no reason. I mean, the nihilist ultimately has to posit that there is either no reason for our existence, which seems completely ludicrous. There needs to literally be a reason why things exist. Or that there is some kind of reason, but it's completely arbitrary, which also just seems a bit bewildering. I mean, whatever is the answer to the grand mystery of why anything exists at all, it seems a little unsatisfying philosophically to say that it just could have gone the other way and there could have just been nothing. It seems a little, well, on the surface, it seems a little implausible. And so whether you are more convinced by the implausibility of meaning elitism. Life or the implausibility of it all just happening for no reason, I think will ultimately depend on your emotional state."
YLx3Ryv9THw,YLx3Ryv9THw.wav,data/YLx3Ryv9THw.wav,"One of the strongest lessons I've learned during my time at TED has been the power of letting go. It was when we started giving away our online content in 2006 that TED Talks went viral and TED became this kind of global thing. And a few years later, it was when we gave away our brand in the form of free TEDx licenses that organizers around the world responded in the most extraordinary ways, resulting today in more than 3,000 TEDx events annually. Well, I think it's time to take the next step. I think it's time for me to let go of TED itself, i.e. to hand over to someone new the entire nonprofit organization, the brand, the conferences, the archives, and $25 million in reserve funding. I've been looking after TED for 25 years now. It's someone else's turn. And here's the intriguing thing. I don't yet know who that someone else is. Today, with the support of dear friends and colleagues, we're issuing an open invitation to anyone out there who has a vision for the next exciting chapter of TED and the resources to realize that vision to come. And step forward. Now, I've written about this at much more length on the TED blog. I hope you'll head over there. This may strike you initially as an odd way to go about things, but I think I can persuade you that for TED at this moment, it is the perfect way to do this. I really, honestly, truly cannot wait to see what happens coming out of this, but I think it's going to be big and bold and exciting. So for now, just a giant thank you to the whole TED community. Thank you. Thank you. Thank you, TED community, to TED speakers, TEDx organizers, translators, TED members, donors, partners, conference attendees, and of course, to the amazing TED team. Just thank you. Thank you. I think this next chapter will amaze and delight all of us. Thank you."
1Jid5LoQMIU,1Jid5LoQMIU.wav,data/1Jid5LoQMIU.wav,"If you are what you do, and you lose your job, who are you? Certainly we are all more than just workers. We're parents and friends and citizens and artists and travelers and neighbors. Much like an investor benefits from diversifying the sources of stocks in their portfolio, we too benefit from diversifying the sources of meaning and identity in our lives. But how do you actually go about doing so? So the first step to diversifying your identity is to create those time sanctuaries, spaces in your days, in your weeks, in your life, where work is not an option. The second step is to fill those time sanctuaries with activities that reinforce the other identities you hope to cultivate, the present father, the community gardener, the amateur musician. But if we want to derive meaning from aspects of our life other than work, we have to do things. The third step is to reinforce these identities by joining communities who couldn't care less about what you do for work. For example, I love to play pickup basketball. It's a weekly reminder that I exist on this earth to do more than just produce economic value. If we want to develop more well-rounded versions of ourselves, if we want to build robust relationships and live in robust communities, we all must invest in aspects of our lives beyond work."
1XFjUG3nTPA,1XFjUG3nTPA.wav,data/1XFjUG3nTPA.wav,"Can we recreate the sound of a 3,000-year-old mummy? If we take an MRI image, and there is a photo of the mummy going into the MRI machine, and we measure the airway in three dimensions, this is a 3D plastic vocal tract, and if I put it next to mine, you can see it's about the right shape. And we then put this on an artificial larynx, which is the loudspeaker in the picture that's two in from the top. We get the sound of this vowel. Ehh. Nezha Moon, the hieroglyphics shown on the right there, in English, that hieroglyphic means true of voice. And Nezha Moon wrote that he expected his voice to be heard in the afterlife. So this work, it also had a message, particularly to Egyptologists who study mummies, of something rather special."
bGsbGXQ4RNI,bGsbGXQ4RNI.wav,data/bGsbGXQ4RNI.wav,"The idea of a job is you as a human are the replaceable part and the job is the part that remains. And we will swap people in and out of that job the way that job is defined. This idea is a very dated and very limited view of management. This job architecture creates lots and lots of problems. The typical behavior in a job-centric company is, well, that's not my job, so I'm not sure if I should do it or not because it's actually somebody else's job. It gets in the way of paying somebody who's young but very, very highly capable because they're lower in the hierarchy than someone who has a higher level job. The director job has a different pay than the individual job, even though the individual may be adding more value than the director. But there's no way to pay them. It gets in the way of moving people around. Oftentimes, companies will try to move people from this business to this business when this is shrinking and this is growing. And people say, well, I'm not going to take that job unless it's a promotion. I don't feel qualified to do that job. I wasn't trained to do that job. There's lots of fear and uncertainty and reward systems that create brittle fragility in the company when we spend too much time thinking about what our job is. In reality, of course, as you know, every human being is different. Every individual, even in the same job, is different. And so we need to kind of relax that job-centric structure in every possible way in HR in particular to allow these more agile organizations to flourish. I'm not saying we still don't have job titles and levels. That stuff's probably going to be around forever. But we have to operate beyond that and not let that get in the way of solving the problems and addressing the opportunities. And that's what we're going to do. We're going to be focusing the opportunities that we have in our companies."
URSVWzOVZ3k,URSVWzOVZ3k.wav,data/URSVWzOVZ3k.wav,"There's something called the normalcy bias, which you see in all kinds of disaster situations where people tend to think that whatever is happening is going to be fine. They just, our brains take whatever input we get and compare it to what we've experienced before. In fact, just the other day, I was walking through Dupont Circle in Washington, DC, and I heard a gun go off around four o'clock in the afternoon on a random Tuesday. And it was very close. I could tell it was like a block away. And I looked around and nobody reacted. Everybody in that neighborhood where there aren't a lot of shootings kept walking as if it didn't happen. People were on their phones, they're talking to their friends, they're drinking their coffee. And I was like, what? And then I remembered that, of course, people don't expect this to happen here. So they're acting like it didn't happen. In fact, there was a shooting right there at that intersection. Most people just kept on going like it didn't happen. Now, if the same thing had happened in another neighborhood, you might see a different reaction, right? But there's a million examples of that. And I'm not saying that's the only thing that's happening. I'm saying that there's a million examples of that. But there's a million examples like this where often our reaction is to normalize whatever's happening around us."
iOTCsXd38Ng,iOTCsXd38Ng.wav,data/iOTCsXd38Ng.wav,"How you try to avoid single-use plastics, no matter how you separate properly at your home, it will never be enough. A company puts a plastic product and the customer has to take care of the planet. I need that plastic. You are not giving me another solution. In 2018, I founded the company. We are producing a bioavailable bioplastic with bacteria that eat organic waste. I think that plastic isn't a problem itself. It's how we produce it, how we use it, and how we dispose of it. We work with agri-food companies, for example, a beer production company, and they give to us the leftover of the spent yeast from the beer production. Right now, we're already treating three tons of spent yeast in a day. We take 300 grams of spent yeast to produce one kilo of our bioplastic. And this is bioplastic, by the way, produced with bacteria and organic waste. It means that it can melt, it can flow. You just can make the same products as petrol-based plastics. Right now, this bioplastic is already working in luxury, like the perfume, the cosmetics, health care, whatever you can imagine, with a plastic that behaves as a petrol-based plastic. If you throw the plastic away, then we can expect that the bioplastic gets to the marine environment. And maybe in four months, it can biodegrade in 90%, depending on the width that the bioplastic has. You cannot make microplastics with bioplastics. It is organic. It breaks naturally in small compounds and is food for other bacteria, for other microorganisms. Having our plant already functioning, working with three tons of organic waste a day, transforming this into bioplastic, it puts us in the first line of this marathon, this global marathon. This is a new way, a new alternative to take care of the planet."
Hn1szUVbi-E,Hn1szUVbi-E.wav,data/Hn1szUVbi-E.wav,"Mass psychogenic illness, otherwise known as mass hysteria, is the rapid spread of real physical symptoms from one person to the other. But those symptoms don't seem to have any organic cause. So you've got a limp, but your x-ray is normal. Or you've got neurological symptoms, but your MRI doesn't show anything. Medically, these symptoms shouldn't be happening. But then they begin to spread from person to person. But it's not random. The spread of the contagion tends to be a function of how connected the victims are to each other. So students at a small-town high school, or workers on a factory floor, or even nuns in a convent. Why does it happen? There's usually some sort of underlying stress or trauma affecting the people involved. Like, for example, in the fall of 2001, when a mystery rash broke out in grade schools around the country. The rash would pass from student to student during the day in the school, but then often disappear when the kid went home at night. And then it would reoccur. It would reappear the next day and begin spreading all over again. Tests showed no bacteria, no virus, no toxic exposure that would explain it. Turns out what may have been happening is that it was fear of toxic exposure that caused the contagion. In fact, the mystery rash began on the very day that the news reported that a man in Florida had been diagnosed with anthrax. Just weeks after they began appearing in envelopes after September 11th in people's mailboxes. It's not just medical. It's not just psychological. It's social. It's cultural. It's about all of us. I think we all need to start learning how to believe in mass hysteria. Because while it is very rare, it is also very real. So say neurologists, psychoanalysts, sociologists. So says the NIH. And it's a very specific type of contagion that says a lot about how we're connected as people."
C8Iwvgj7Xwk,C8Iwvgj7Xwk.wav,data/C8Iwvgj7Xwk.wav,"When we broke the Cambridge Analytica story about harvesting 87 million people's Facebook data, people freaked out, rightly. This is chicken feed compared to that. But it is the blueprint. It's always the data. Which is why it's so important that you start thinking about your private life. The broligarchy doesn't want you to have one. This is the old headquarters of the East German secret police. They kept detailed files on almost one in three of their citizens. That is nothing compared to what Google has on every single one of us and hundreds of other companies. The entire business model of Silicon Valley is surveillance. It harvests our data in order to test and sell us stuff. We are already living inside the architecture of totalitarianism."
GZBPCwx7glk,GZBPCwx7glk.wav,data/GZBPCwx7glk.wav,"This is Andrew Liptak. He's a historian and a member of the 501st Legion, and they're cosplayers. That means that they dress up like stormtroopers and clone troopers and pretty much any other bad guy from the Star Wars franchise. They go to conventions, they march in parades and show off their costumes. But you know what else they do? Charity. They raise money for the Red Cross and the Make-A-Wish Foundation and lots of other groups. And that's not exactly what you expect from bad guys. And he explained that it started out because groups of these fans would get together and they'd swap tips on how to build armor and what to do when your armor is falling apart. But they began to realize that people in the group couldn't all afford the fancy injection-molded plastic that they needed to build these costumes. And they started raising money for each other. And then they started thinking about other costumes. And they started thinking about other communities that could use money and resources too. And that's how they reimagined their community as going way beyond Star Wars fans into groups of strangers. Escapist stories allow us to reimagine our relationship with the places where we live and reimagine the kinds of services we want to offer to the people who live there."
24TB8YdfGUA,24TB8YdfGUA.wav,data/24TB8YdfGUA.wav,"The interesting difference between the way that language, a language model might see the world and maybe another kind of computer is computers, science. What both of those ways of seeing the world are trying to do is reduce the world into a set of really clean, universal laws that apply in any situation. Is to say, if X is true, then Y will happen. Like really clear cause and effect, really clear chains that are universal and context free. And what language models see instead is a dense web of causal relationships between different parts of the world that all come together in unique, very context specific ways to produce what comes next. And I think language models do something really, really unique, which is that they can give you the best of what humanity knows at the right place at the right time in your particular context. For you specifically, where, you know, for example, previously on the internet, you could get an answer that was written by someone else for like a very general reader or a very general situation. And maybe you'd have to like hunt through a Wikipedia page to find the like the one sentence that answers answers your question. Language models go one step further, which is they they reduce down their response to you to be to be written for you at the at in your context. In your place and in your time."
YYZB62DQilA,YYZB62DQilA.wav,data/YYZB62DQilA.wav,"Elizabeth Holmes, who founded Theranos, was able to rake in about a $9 billion valuation for a product that didn't even work. She started Theranos under the premise that they would be creating a device that could read hundreds of medical tests through a single drop of blood. My favorite interview is one with Don Lucas Sr. So Don Lucas Sr., who gave her millions of dollars, was asked to explain, why did you give her so much money? And so he said, well, her great-grandfather was an entrepreneur. And it turns out the hospital near where her family lives is named for her great-uncle. Yeah, so she was supposedly the best of both worlds and had supposedly learned both medicine and entrepreneurship through osmosis. A lie we get told again and again is that broke folks are bad at money. It's working class folks who make bad decisions about money. People with wealth aren't better at making decisions. They get to make more bad decisions without it hurting them."
xCUN-gfnoBc,xCUN-gfnoBc.wav,data/xCUN-gfnoBc.wav,"Almost three-quarters of people agree that AI should protect free speech. Ninety percent agree that AI should not be racist or sexist. Only around 50 percent think that AI should be funny, though, so there's still contentious issues out there. These last statistics are from our collective constitution project with Anthropic, where we retrained one of the world's most powerful language models on principles written by a thousand representative Americans, not AI developers or regulators or researchers at elite universities. We built on a way of training AI that relies on a written set of principles or a constitution. We compared it to a model that researchers had come up with. But the people's model, trained on the co-written constitution, was just as capable and more fair than the model the researchers had come up with. People with little to no experience in AI did better than researchers who work on this full-time in building a fairer chatbot. Maybe I shouldn't have been surprised. As one of our participants from another process said, they may be experts in AI, but I have eight grandchildren. I know how to pick good values. Of course, these processes aren't enough. Collective intelligence requires a broader reimagining of technology and democracy. That's why we're also working on co-ownership models for the data that AI is built on, which, after all, belongs to all of us, and using AI itself to create new and better decision-making processes, taking advantage of the things that language models can do that humans can't do. Like processing huge amounts of text input."
1RavRMnS6cU,1RavRMnS6cU.wav,data/1RavRMnS6cU.wav,"In the Second World War, huge numbers of children were separated from their parents at a young age and were sent to families outside London to escape the German bombing of British cities. What researchers soon realized was that this was a catastrophe for the children. The children began to exhibit extremely distressed behavior. They would wet the bed, they would get very angry, they would not be able to eat. They would be in states of almost cataclysmic meltdown. Why was this? Materially, they were well looked after. Psychologically, emotionally, they were bereft. And researchers, this is one of the most moving stories in the history of the Second World War, researchers realized that if this carried on, this would do more damage for the next generation than any number of war dead. That the risks of German bombs were actually smaller than the risks of ruptured emotional attachment. And on that basis, these psychological researchers wrote to the Ministry of Defense and the Home Office and got the children transferred back into their homes in the cities of the United Kingdom. And thereby, a great tragedy was averted. So that after the height of the crisis, children were returned to their birth families and looked after again by their closest figures of attachment. Why are we talking about this? Because this was the birth of attachment theory. From watching how children were around. Around their close caregivers in childhood. It was discovered that all of us are, in a sense, tethered to a story that we first have in childhood around our caregivers."
KtsB-Z_gUB4,KtsB-Z_gUB4.wav,data/KtsB-Z_gUB4.wav,"Why is it so hard to go to sleep even when you feel exhausted? You can think of sleep in the brain as a flip switch. There are molecules like adenosine and melatonin that are telling your brain to go to sleep. There are other molecules like adrenaline and cortisol telling your brain to stay awake. When these sleep signals overpower your wake signals, that is when you will go to sleep. So what control do we have over these molecules? As you go throughout your day, you're burning energy from ATP and turning it into adenosine. And so as adenosine builds up, your brain feels more tired. And that's why things get more difficult feeling later in the day. There's another signal that tells your brain that it's ready to sleep, and that is melatonin. And melatonin comes from your circadian clock. So if you have a consistent sleep schedule and it's dark outside, then melatonin is going to be released. And so those are your controls. And then you have your sleep signals over your sleep signals. So let's say you have a consistent sleep schedule. It's dark out. You tired yourself out by going for a run earlier, but you're still looking at your alarm clock at 12 o'clock in the morning going, why can I not go to sleep with thoughts kind of racing in your head? What's happening here is that you have all these sleep signals telling your brain to go to sleep, but there are awake signals that are holding your brain hostage. And that's happening because you don't have a sleep schedule. You don't feel safe. And so your brain is releasing stress hormones like cortisol and adrenaline. Maybe you're thinking about an argument that you had earlier that day, or you're worried about a work presentation you have in the morning. And what lots of people do in this situation is they go for the easy fix. So they try something like sleeping pills and sleeping pills actually do the opposite of what you want, which is that they will create a dependence. So it's harder to go to sleep in the future without sleeping pills. And they actually lower your quality of sleep. Okay. So instead, what you need to do is address the stress directly. And there's ways to do that in the short term and in the long term. In the short term, you're probably not going to solve the underlying stress. And so the best thing that you can do is to get out of bed so that you don't associate that stress with being in bed and then do something calming. Just read a book or do some laundry or take a hot shower. And once you feel calmer, then go back to sleep. In the long term, the strategy is to address that anxiety. And the best thing is to address that anxiety with things like journaling and therapy. And specifically, cognitive behavioral therapy for insomnia has shown a lot of promise for people that have sleep problems. So let's talk about sleep."
1rYBqs737W0,1rYBqs737W0.wav,data/1rYBqs737W0.wav,"One of the first things you learn in any film class is the idea that a film reflects the time in which it is made. Apocalyptic films often depict apocalypses that are representative of the most pressing threats of their time. The Cold War and the fear of nuclear weapons gave us Doctor Strangelove. The bombings on Hiroshima and Nagasaki during World War II are explored and reimagined in Godzilla and Akira. More modern day films like Don't Look Up embody the growing political and class divide amidst the looming threat of climate change. All of these films depict characters desperately struggling with imagined apocalypses based on real threats. In a study conducted in 2020, scientist and psychologist Colton Scrivener found that fans of horror and apocalyptic films were better prepared to cope with the pandemic. Not because they'd engaged in any toilet paper hoarding or other doomsday prepping, but because they were more psychologically resilient. He hypothesizes that exposure to frightening fictions allow audiences to practice effective coping methods to fight the pandemic. Then, he says inentinately, he said Helena 같아 là điều maman who sits down in the corner and says witnessed the only film from which the effects of a situation can be held are bloomed and hernotically возraint. This story is still mae young if we leave it so tajam and erase it when the whole world is in chaos and Captain America guides its wild and never-ending expansion of this 허�יפANTG strike in terms of its effect on humanity."
hGdUMCZAnYg,hGdUMCZAnYg.wav,data/hGdUMCZAnYg.wav,"What if every planned protest was preemptively crushed? Let's take a look at some of the things that campaigners like Tina and many others have done when they've used protest as part of an overall campaign. So that might be linking arms, sitting down, slow walking, doing a protest in person, gathering. So let's remove those things which now are more likely to be considered unlawful. Let's remove those from that list. Civicus, the International Civic Freedoms monitor, put the UK on a watchlist, a watchlist of countries with rapidly declining freedoms. Although the goals of any protest might not be your personal goals, the right and the values of those opposite your interests couldes you. the rightand the values of thoseolu theye looks. to protest matters to all of us."
c99L5f-B9zM,c99L5f-B9zM.wav,data/c99L5f-B9zM.wav,"A high performance mindset requires being eager in the face of the mundane and the vexing. Part of the challenge of understanding this is simply that we see the products of success. And so you might see an NBA player at the peak of their career doing something amazing. You might see a captain of business handling with aplomb the challenges of their work. But you don't see the precursors to that. Training in basketball, for me, was so boring. I remember doing entire sessions that were just me catching a ball, doing a pivot, pivoting back, passing the ball for half an hour. But that's what you need to be able to tolerate if you're trying to achieve something remarkable. Because it comes through handling stuff that frustrates and confuses you. And it comes through repetition ad nauseam of things that seem small. And unimportant until they're combined."
MIN4fPWhLJ4,MIN4fPWhLJ4.wav,data/MIN4fPWhLJ4.wav,"Psst, Tatiana, are you going to game night tonight? No, I don't do joy. But if you need a game, I have one you can use. Everyone loves it. It's always a hit at game night. Oh, sweet. Yeah, this is awesome. I definitely want to make... I have to warn you though, there is a piece missing. I think Paolo has it. He's on the other side of the office. I mean, if you knew Paolo had it, how come you didn't go get it? Does it look like I do work? I mean, I don't know how much work it could possibly... You know what, I'll go grab it from him. Yeah. What is going on? Oh, yeah, the chairs. You'll get it. It's fine. I got a meeting. I'll help you otherwise. Welcome to TED. Okay. All right, move some chairs. I mean, how hard could it be? Oh, the chairs. They got me when I first started too. Could you help me out with these? Definitely. We're going to move these back. All right. Move this one over here. All right. And this one just backwards? Mm-hmm. You got it. Cool. I'm so excited about doing this. Do you know Paolo? Oh, Paolo. Paolo's great. I think I last saw him in the theater. In the theater. Okay. Mm-hmm. Can I just last you? Yep. You know what to do. Okay. Well, thanks so much. And you said Paolo was in the theater? Yes. Theater's that way. Okay. Thank you. Of course. What is going on? Perfect. We needed one more for the spelling bee. Wait, what?"
Fxx1hMMWCEI,Fxx1hMMWCEI.wav,data/Fxx1hMMWCEI.wav,design principles that will cognitively and psychologically optimize your PowerPoint slides. If you got more than one message the chance is big that they will be focusing on this one and not that one or that one and this not this one. Just make it simple for human beings have one message per slide we are extremely limited to understanding more. Pull down your text into the documentation field and use the area up there for the presentation material short sweet bits of text and an image that is what enhances your message. Why do people build PowerPoints where people will be spending 70% of the time on the headline when it's not the most important part. The most important part of your PowerPoint should also be the biggest. PowerPoint is not supposed to have white backgrounds. If I do this your eyes relax you focus on me I'm the biggest object I'm the most contrast rich object. I got your focus. Why is that important? Because I am I always have been and I always will be the presentation. That is my visual. Researchel8
vzDaaHfTIcw,vzDaaHfTIcw.wav,data/vzDaaHfTIcw.wav,"So how can you live little? Three main approaches. First of all, you need to edit ruthlessly. We've got to clear the arteries of our lives. That shirt that I haven't worn in years, it's time for me to let it go. We've got to cut the extraneous out of our lives, and we've got to learn to stem the inflow. We need to think before we buy. Ask ourselves, is that really going to make me happier? Truly? By all means, we should buy and own some great stuff. But we want stuff that we're going to love for years. Not just stuff. Secondly, our new mantra, small is sexy. We want space efficiency. We want things that are designed for how they're used the vast majority of the time, not that rare event. Why have a six-burner stove when you rarely use three? So we want things that nest. We want things that stack. We want to digitize. You can take paperwork, books, movies, and you can make it disappear. It's magic. Finally, we want multifunctional spaces and housewares. A sink combined with a toilet. A dining table becomes a bed. A little side table stretches out to seat 10. So when you go home and you walk through your front door, take a second and ask yourselves, could I do with a little life editing? Would that give me a little more freedom? Maybe a little more time?"
26yS9raVdBY,26yS9raVdBY.wav,data/26yS9raVdBY.wav,"So the American Time News Survey, which is an official government survey run by the Bureau of Labor Statistics, asks Americans every year, how much time do you spend doing stuff? How much time do you spend eating dinner? How much time do you spend working? How much time do you spend sleeping? And one question they ask is, how much time do you spend in face-to-face socializing with people who are outside of your home? And it's found that the average American now spends 20% less time socializing in person than they did just 20 years ago, and a record amount of time spent alone by themselves. I think this might be the most fundamental fact of American life that there is. You can debate all sorts of things about how the texture of American life and American values have changed. What you can't debate is the sheer, objective, existential fact that Americans are more alone than they are outside of their homes. More alone than ever. And that in many ways, we're choosing this aloneness."
tpAG2eZZGxo,tpAG2eZZGxo.wav,data/tpAG2eZZGxo.wav,"So you guys may have noticed I snuck a peek back at the shelf a moment ago. I wasn't paying attention, but let's see if Gemini was. Hey, did you happen to catch the title of the white book that was on the shelf behind me? The white book is Atomic Habits by James Clear. That is absolutely right. So let's try something harder. I keep losing my hotel key card. Do you know where I last left the card? The hotel key card is to the right of the music record. Great. For someone as forgetful as me, that's a killer app. All right. Now let's see how the AI can connect the physical world with your digital content and take action. This is my first time in Vancouver, and I love going on walks. So why don't you navigate me to a park nearby with views of the ocean? Okay. I am starting navigation to Lighthouse Park, which has magnificent views of the Pacific Ocean. Is there anything else I can assist you with? Honestly, with these directions and a 3D map, I should be all set, and hopefully I won't look like a tourist."
9j-Gx0ALrrY,9j-Gx0ALrrY.wav,data/9j-Gx0ALrrY.wav,"So if you are feeling stressed today, I have three quick tips to get you through your day. The first step is the near and the far. In order to do this, go ahead and take your finger and pointing it up to the sky, bring it all the way to your nose and try to focus on it. As you slowly pull that finger away, even though it looks like two, you want to continue slowly moving that away from your face until it's one. And then go ahead and bring that finger back towards your nose and it's going to get kind of wibbly wobbly, but that's okay because as we are trying to focus on that, we are using the power of convergence and divergence to help calm the amygdala, that fear center in our brain. Next one is pinch the valley. So in pinch the valley, we are going to be accessing and activating our vagus nerve to help calm down that fear center. I'm going to make an L with my left hand. With my thumb and forefinger, I'm going to take my right hand and make some pincers with my thumb and forefinger. And I'm going to just massage the in between meaty bit in between that thumb and forefinger. Now you don't need to dig in and leave a bruise, but adding some good pressure. And this is something that you can do anywhere, anytime. Then once you're done on that hand, you can switch it up to the other hand. This is one of my absolute favorites because I can do it under the table. I can do it while driving. Or standing in line somewhere. And the vagus nerve, which is going to be the longest cranial nerve in the body, that is going to have a role in our fight or flight part of our nervous system. So when that vagus nerve is activated, that is signaling to our brain and our body that we can return to a sense of calm because all is safe. And last but not least is going to be tapping into courage. I'm going to take my two index fingers and just start right between the eyebrows. And with some gentle pressure. And I'm going to draw a heart starting at that forehead piece and moving around my eyes, down under my cheekbones and to my chin. And then if you're feeling crazy, jumping over your throat and tapping your way towards your shoulders. Now you can do this many times as you are trying to get a little bit of extra courage before that meeting as you're hiding in the bathroom. Or maybe you're in the car trying to navigate through some stressful traffic. So the next time that you're feeling stressed, try one of these and come back. Let us know in the comments if it worked for you."
oDOwxwTzSVE,oDOwxwTzSVE.wav,data/oDOwxwTzSVE.wav,"One of the most interesting questions I get from people is, what is the one most important character trait to be a good spy? And I find this question to be really interesting because it's a shocking answer in my opinion. The most important thing CIA or Mossad or MI6 looks for when they make a possible new spy is somebody who seeks validation from an external source. They're looking for somebody who is so loyal and so dependent on external validation that they will lie, steal, cheat, commit crimes, cross borders, change their name, do anything they have to do in order to get validation and approval from that one focused external source. And when CIA finds a person like that, they can train that person to become dependent on CIA. And then the loyalty of that individual becomes so focused on the institution that they don't need any kind of validation from that one focused external source. They don't need any other attention from anywhere else as long as they serve the one organization that validates and appreciates their work."
Zf2UTGOKHKw,Zf2UTGOKHKw.wav,data/Zf2UTGOKHKw.wav,"What happens when you mix billions of people looking for meaning, safety and security with widespread virtual worlds, crypto economies and gaming culture? The answer, I believe, is game cults. Now, before you think, is this going to be another talk linking video games to violence? That's been proven conclusively wrong, and that is really old thinking. But what I am going to argue is that video games are going to become the platform through which tomorrow's social battles will be fought, a source of recruitment for some of the strangest and possibly most impactful social movements of the future. We can already see examples of this all around us, we just haven't had a name for it yet. Softer versions look like BTS stands swarming Donald Trump rallies online, but more extreme versions look like Hezbollah's own custom-made video game called Special Forces, designed to recruit young people and train them to kill their enemies. White nationalist groups are hosting call-of-duty tournaments online to attract followers, and there are many other examples, but all of them are wrapped in a layer of Discord servers and YouTube channels and podcasts that act as a funnel to draw you deeper into a web of extremism and radical behavior. That's why I think that everyone, from policymakers to players to game designers and gamers, should be having a conversation about what this means right now. Perhaps most importantly, if you're a parent, you should be playing games with your kids to understand the world that they're growing up in and to have a conversation with them about the role that they might play in it."
XrxX1dC167c,XrxX1dC167c.wav,data/XrxX1dC167c.wav,"Some of the biggest beneficiaries of the post-pandemic economy have been states in the American South. And the two biggest examples of that are Texas and Florida. Florida actually has the fastest GDP growth of any state in the union since the start of COVID, more than a 20% increase. Texas is not far behind. They've had a GDP increase of more than 14% since the start of COVID. Both those states have seen jobs increase by 9% overall. On their own, those states are the size of mid-sized European economies, and they're growing as fast as rapidly industrializing nations. For example, Texas' economy grew 5.6% through 2023. That's faster than even China, which only grew at 5.2% by comparison. That's a lot for states as big as Florida and Texas."
eJUFdB_TN0U,eJUFdB_TN0U.wav,data/eJUFdB_TN0U.wav,"Today we use AI as if we were turning on all of the lights of a stadium just to find a pair of keys. Using huge AI models, trained using the energy demands of a small city just to tell us knock-knock jokes or help us figure out what to make for dinner. But what if we could learn from the lessons of the past and use them to build a future in which AI is giving back to the planet instead of taking away from it? To do this, we have to take back the power, pun intended, from the big AI companies and put it back into the hands of the developers, regulators, and users of AI. And if we really want to make AI more sustainable, we have to be thinking beyond LLMs to using all sorts of different approaches that can be really useful in our fight against climate change. Recently, a team of researchers funded by NASA trained the Galileo models, which can be used for all sorts of different tasks, from crop mapping to flood detection, without needing specialized hardware. Instead of believing that the future of AI is already written, we can take back the wheel and shape an alternative future for AI together. A future where AI models are small but mighty, where they run on our cell phones and do the task they're meant to do without needing huge data centers. A future in which AI serves all of humanity and not just a handful of for-profit tech companies."
E9C2el_mCdI,E9C2el_mCdI.wav,data/E9C2el_mCdI.wav,"So while Darwin is the most famous figure associated with the theory of evolution, Alfred Russell Wallace played a key part and deserves huge credit, both for his ideas and for his enormous effort. Now Wallace's story is more dramatic because Wallace, after four years in the Amazon, really at the breaking point, decided to return to England with specimens and whatever ideas he had collected. And on his way home, his ship caught fire. He had to get into a lifeboat. The ship sank right in front of him with all of his specimens. And he was in an open lifeboat for 10 days, hoping to be picked up. And he was picked up, eventually made his way back to England. You'd think after that experience, he would have sworn off all voyaging. But two years later, he goes back out and does an eight-year voyage across the Malay archipelago and collects 10,000 specimens of the same species. And he's a great man. He's a great man. He's a great man. He has tens of thousands of more specimens. And that becomes the foundation for his ideas. So Wallace, by 1858, has a pretty good idea that life evolves. And he writes up a very short account of his thinking about how that works. And he decides to send it to the one naturalist with whom he struck up a correspondence who thinks might appreciate it. He sends it to Charles Darwin. Well, this event rocks Darwin because Darwin has not gone public with his theory of evolution. And now here's this faraway correspondent 7,000 miles away from England who in just a few pages has essentially the same idea that Darwin has. And what's uncanny is when you look at the writings of each of these individuals, Darwin's notebooks, Wallace's draft manuscript, they describe life as quote, a struggle for existence. Exactly the same words unbeknownst to each other. And in their day, this was referred to as the Darwin-Wallace theory. It's only later that biologists and historians just started kind of forgetting about Wallace and crediting Darwin. Now there might be reasons for that. Darwin came from a wealthy family. The University of Cambridge did a great job at sort of amassing Darwin's collections and Darwin's writings. And so we just have a better historical record of everything that Darwin did. But at the time, it was a very interesting time. It was a time when Darwin was still in the world. It was a time when Darwin was still in the world. It was a time when Darwin was still in the world. It was a time when Darwin was still in the world. It was a time when Darwin was still in the world. It was a time when Darwin was still in the world. It was a time when Darwin was still in the world. Darwin-Wallace theory. And I think by today's scientific standards, given the genesis of this theory, the theory certainly of natural selection by the two individuals, we would be crediting both of them."
AJCRcBx3Xpk,AJCRcBx3Xpk.wav,data/AJCRcBx3Xpk.wav,"Since the show's debut in 2018, Bluey has taken the world by storm. Like most children's shows, Bluey episodes appear to be centered around some kind of life lesson. There's the classic, listen to your parents, eat your veggies, get back on the bike when you fall down. But then, there are lessons like work-life balance is important, raising kids isn't easy, sometimes you'll make mistakes, aging can be daunting, and your health means everything. Not quite what you'd expect from a kids' show, is it? We see the adult characters making mistakes, getting emotional, learning all kinds of lessons of their own. You can imagine how reassuring that would feel for a first-time parent or a teenager heading into adulthood. For a lot of us grown-ups, we have a responsibility to teach and nurture the little ones in our lives. But equally, there is so much that we can learn from them. Children approach the world with an innate sense of wonder. They always seem to find enjoyment and novelty in the mundane. And if it isn't there, they're not there. They will create it. To Bluey and Bingo, that isn't just a swing, it's a cocoon. Let's play butterflies. That piece of cardboard looks like a volcano. I know, let's pretend we're dinosaurs. Anything can be a game. Anything can be new and exciting and fun. A lot of us adults, with our serious lives, and our developed frontal lobes, could do with a reminder of that. . . . . . . . . . . . . . . . . . . . . . . . . . . . . . . . . . . . . . . . . . ."
OPAR6BxroPQ,OPAR6BxroPQ.wav,data/OPAR6BxroPQ.wav,"Many astronomers are really driven by the search for Earth twins because I think deep down the natural endpoint of this whole goal of looking for planets is to answer the question, are we alone? That is a burning itch that I think many of us have our entire lives wanted to answer. I'm sure many of you feel the same way as well. So I think that was what really drives us. But whenever you have a temptation, a goal, an aspiration that you're reaching for, it is so easy to get blindsided and drawn into dark avenues that aren't really true, especially in science that can happen quite often. And so we've already had several claims of not only Earth-like planets, but even life. There's been claims of life on Venus, there's been claims of life on interstellar asteroids, and of course, as many UFOs that we often hear about. So there is a natural temptation to look at anything that seems anomalous, that seems a little bit different, and immediately reach for aliens. Because of course, deep down, I think a lot of us really want to be able to look at anything that seems anomalous, that seems a little bit different, and immediately reach for aliens. Because of course, deep down, I think a lot of us really want that to be the answer that we are not alone. It's kind of a terrifying thought that we truly could be alone. This drives us, it inspires us, but it's always a risk that we could go too far into that temptation and see aliens where there's none really there. And we have fallen prey to that trap many times in the past."
vkHuZY-x5DA,vkHuZY-x5DA.wav,data/vkHuZY-x5DA.wav,"A small sliver of humanity is currently imposing their visions on the rest of us. They invest in space travel and AI superintelligence and underground bunkers, while casting healthcare and housing for all as outlandish and unimaginable. We are in many ways trapped inside the lopsided imagination of those who monopolize power and resources to benefit the few at the expense of the many. Rather than agonizing about a coming dystopia or longing for a future utopia, we have to reckon with us-topia. Us-topias are what we create together when we're wide awake. Us-topias invite us into a collective imagination of what we're capable of doing and what we're capable of doing. Us-topias invite us into a collective imagination of what we're capable of doing and what we're capable of doing. A situation in which we still have tensions, but where everyone has what they need to thrive. The first step is to stop policing the borders of our own imagination. Work that doesn't drive us into the grave? Impossible. A society where everyone has food, shelter, love, in your dreams."
d2-0S67JIeQ,d2-0S67JIeQ.wav,data/d2-0S67JIeQ.wav,"On January 10th, the Supreme Court is going to hear a case brought by TikTok, the social media firm, arguing that the law passed under the Biden administration back in 2024, forcing TikTok to sell itself or shut down is unconstitutional. TikTok's argument is largely on First Amendment grounds. An appellate court has already heard that argument and disagreed. Now it goes to the Supreme Court. There are three possible outcomes. The Supreme Court could agree with TikTok and say this is unconstitutional and simply throw the law out. At that point, TikTok is essentially free to operate and then see what happens under a Trump administration. The second possibility is that Trump says, no, this law is constitutional. The Constitution allows for the executive to enact legislation that specifically targets foreign companies. It's different than targeting an American company. There aren't constitutional issues here. At that point, presumably, app stores are forced to take TikTok. off on the 19th of January. And the third possibility is that the court finds some way to delay making a decision and delay weighing in on the issue, but postpones implementation. At that point, the question of what happens to TikTok moves from the Biden administration to the Trump administration. And Trump is much more favorably disposed to TikTok and much more interested in using any leverage over TikTok as a source of dealmaking, at which point everything we've been watching with TikTok for the last year gets set to the side in a new, radical way. The end of negotiations begins."
C0--BgWlBc8,C0--BgWlBc8.wav,data/C0--BgWlBc8.wav,"So when we talk about building a company, most companies have core missions and values. And I'll start with our first one, which is getting on the plane. And what do I mean by getting on the plane? When I first started building the business, there was this opportunity where you could like call somebody and like pitch them the idea or try to move them from point A to point B. And for me, I thought it was very important in that people respected and appreciated the idea that you will actually get on the plane to come see them, to have that dialogue, even if it was 15 minutes, a half hour. And I know that seems extreme to many, but I can't tell you how much of a difference maker it's been in my career. The fact that I was able and I prioritize physical presence in order to show you how much I cared about what I was saying and how much I cared about the importance of us connecting in a real way. And that effort. It may have helped ideas that weren't as great go further because it led to a dialogue that turned into something else. And in most times, it helped an idea that was already good be prioritized over another idea that could have been as good that came from somebody else because I actually did the work to get on the plane. That is one of the values that I learned early on as a difference maker as I was building the company."
-CaVomZLHUs,-CaVomZLHUs.wav,data/-CaVomZLHUs.wav,"One of the things we know is that men communicate more comfortably with each other shoulder to shoulder as opposed to face to face. When men are face to face with each other, that's quite a threatening position. Now, if I tell you this, you won't be able to unsee it. Every time you go to a social event, look at the way that the men are standing in relation to each other. They're always slightly catty-corner with each other, they're always at an angle, because being face to face is a threat posture. It also means that if you want to communicate with young men, go fishing, go for a drive, go for a hike. A lot of psychologists now will do the walk and talk therapy. Do not sit them down and stare them in the face. That is not a very comfortable way for most men to communicate with each other. They are going to communicate much more comfortably with each other when they're doing something else, when they are shoulder to shoulder. And so there's something also about those activities. Whatever the activity is, whether it's sports or hiking or building something or hammering something or fishing for something, it's the only explanation for golf that I've been able to come up with. There's this sense of like, you're doing something together shoulder to shoulder, what you're actually doing then is communicating. And I think that's fine. You could roll your eyes at it and say, oh, why can't men just sit in a coffee shop and stare at each other? Why do they have to go and do something? Why do they have to pretend to be doing something else or be doing something else when they're communicating? I don't roll my eyes at it. It's just true. And if it's true, then we should create more and more spaces where men feel able to be shoulder to shoulder with each other and communicating with each other in a way that is just a little bit more friendly towards men. And if that means Boy Scouts and it means boys sports teams, then good."
toOmcq33IPg,toOmcq33IPg.wav,data/toOmcq33IPg.wav,"So how accurate are our memories? It depends on which kind of memory we're talking about. So if we're talking about semantic memory, this is the memory for the stuff you learned, the stuff you know, that's pretty stable and accurate. So for example, if you learned that 6 times 6 is 36 when you were in the third grade, you're not going to suddenly misremember that decades later as 6 times 6 is 75. That's not going to happen. Muscle memory is similar, similarly stable over time. So this is where the expression just like riding a bike comes in, right? So if you learn to brush your teeth or ride a bike or how to type, you're not going to forget how to do those things. And in fact, you can not ride a bike for decades and then get back on the bike and your brain will remember the choreography. You'll get on the bike and ride. Episodic memory is a little different. So again, episodic memory is your memory for the stuff that happened. That's a little strange. It turns out that every time we recall a memory for something that happened, we have the opportunity to change it, often not consciously. We might add a detail. We might leave a detail out. If somebody else experienced the same event, they might add some information that we agree with and so we'll add that to our memory. Maybe it's decades later and we're an adult and the memory is from childhood and we've had time. We've had time to accumulate wisdom and a different perspective and we've maybe forgiven the culprit in that event or we have a different worldview. And so we shape it a little differently. Our mood and our outlook is different today than it was when you were younger. Here's the weird thing that happens. If we've revised the memory for what happened in any way whatsoever, when we recall it, we store this version, this 2.0 version of the memory over the old version. So it overwrites the original. It's like hitting save in Microsoft Word. And then I will store that story in my brain as if it were the memory that the slice of reality that I actually experienced. I won't actually know what really happened and what didn't happen. And this is called confabulation."
pCDO1wHY9H8,pCDO1wHY9H8.wav,data/pCDO1wHY9H8.wav,"There are three big problems with parenting for comfort. First, it places an incredible burden on parents. It turns us into this stressed-out member of the feeling-secret service, tasked with controlling something we just can't, another person's emotional experience. Second, it teaches kids that hard feelings are an emergency. When we cancel that picnic in July or open the bathroom door midstream, we may not say it, but our actions shout, this feeling is a problem. Third, it doesn't work. Anxiety is not the problem. It's a core ingredient. It's actually central to how the brain learns safety, through what's called inhibitory learning. Bravery only rewires the brain when fear is present. No one gets confident they can handle hard stuff without handling hard stuff. A growing body of research from Yale Child Study Center and others shows that we as parents can change child anxiety just by changing our own behavior. If we parents go from prioritizing comfort through accommodation to prioritizing confidence through practice, we can make it much more likely that kids will take that leap into brave action. Show your kid that they can handle this by modeling it. Do the scary thing. We need to celebrate confidence by doing it. We need to celebrate confidence-building actions. Cheer for and reward those brave steps. Brave is hard work, and hard work deserves reward. You want confident kids? Let them struggle, not suffer. Struggle. Because confidence doesn't come from praise or protection. It comes from practice. Practice being scared and doing it anyway."
9tPDGc1-ilw,9tPDGc1-ilw.wav,data/9tPDGc1-ilw.wav,"20% of adults worldwide don't feel like they have anyone they can reach out to for support. Disconnection triggers stress in the body. It weakens people's immune systems. It puts them at a risk, greater risk, of stroke, heart disease, diabetes, dementia, depression, and early death. Social health is essential for longevity. So you might be wondering, what does it look like to be socially healthy? It's about feeling like you belong to a community. It's about having the right quantity and quality of connection for you. So if you're not sure where to start, try the 5-3-1 guideline. So first, interact with five different people each week. Just like eating a variety of vegetables and other food groups is more nutritious, research has shown that interacting with a variety of people is more rewarding. Next, strengthen at least three close relationships. Make sure that you invest in the names of at least three people. If you're not sure where to start, try the 5-3-1 guideline. Make sure that you invest in the names of at least three of the people that you write down by scheduling regular time together, by showing a genuine interest in their lives, and also by opening up about the experiences that you're going through. And last, spend one hour a day on meaningful connection. If you are thinking that one hour a day sounds like way too much because you're just way too busy, adults in the US spend an average of four and a half hours each day on their smartphones. So instead of scrolling on social media, text a friend. We can't thrive if we take care of our bodies and our minds, but not our relationships. We can't thrive if we take care of our bodies and our minds, but not our relationships."
wb1PFvMZD6c,wb1PFvMZD6c.wav,data/wb1PFvMZD6c.wav,"One of the things that characterizes extroverts is they need stimulation. And that stimulation can be achieved by finding things that are exciting. Loud noises, parties. 외향적인 사람들은 마치 자기장처럼 중심을 형성하고 그 자기장 안에 뭉칩니다. 내양적인 사람들은 조용한 공간에서 시간을 보내는 경향이 있으며 이로 인해 반사회적으로 오해받을 수 있습니다. 하지만 반드시 반사회적이라는 것은 아닙니다. Maybe it's actually your level of stimulation. When you have a chance to fall asleep, you realize that you are showing better performance. This can be a single stimulus coming from your body. For example, caffeine has a much better effect on extroverts than on introverts. When extroverts walk into the office at 9 in the morning and say, I really need a cup of coffee. They are not kidding. They really need it. Is there something we should take into account? Of course, it's important that we know that. Yet, is that all we are? Are we just a bunch of lines? No, we are not. Remember, you are like some people and like no other person. What about your own self-willed self? As Elizabeth or as George, do you share your extraversion or neurotic? But there are certain traits that are clearly Isabeline, or Georgian traits in her behavior. That allow us to know them beyond just a series of features. That make us love them, not just because of the fact that they are a particular type of person."
kRyEGJM_WDE,kRyEGJM_WDE.wav,data/kRyEGJM_WDE.wav,"If we're talking about knowing things about the world as it is, yeah, science is the only way of knowing. But understanding the world is not the only thing. It's a necessary but not sufficient condition, as philosophers would put it. So that is why the Stoics thought that a good life is the result of these three interrelated subject matters. What we would today call science, they called it understanding of nature. So in modern parlance, science, what they call logic, by which they didn't mean just specifically formal logic the way we do today. They thought anything that has to do with human reasoning, including what we would today call psychology, awareness of biases and fallacies and stuff like that. And then ethics. Ethics is what you actually want to do, how you actually want to live your life. And they thought these three were interrelated. Science by itself doesn't tell you how to live. But facts about human nature. And the nature of the world, plus sound reasoning, do tell you how to live. Because where else are you going to get it? So ethics is, in fact, an empirically informed way of doing philosophy. Empirically informed, meaning that if you don't understand what a human being is and how we work, what makes us tick, then on what basis are you going to do ethics? Ethics is, in this broad sense of the term, is just the study of how to live a good life. It's a study. So as such, it needs to be empirically grammatical. And vivid."
SbZfCQWdIDk,SbZfCQWdIDk.wav,data/SbZfCQWdIDk.wav,"Have you ever wondered what it's like to live on another planet? Or even if you could live on another planet? Astronomers like me have been searching for the elusive Earth 2.0 for hundreds of years. And so far we've found nearly 6,000 planets. Big planets, small planets, hot planets, cold planets, all kinds of exotic planets. But have we found one yet you could live on? Let's find out. PSO J318.5 plus 22 is a free-floating planet, which means it's roaming the galaxy untethered to a star. It's also a gas giant that's eight times larger than Jupiter, and it's over 1,300 degrees Fahrenheit. So you better be careful where you step or it'll be a short-lived trip. Kepler-186f. Now we're talking potential. It's in the habitable zone of its star, which means it's not too hot and not too cold. The catch is it's orbiting an M dwarf star, which puts out extreme radiation. But life on Earth has thrived in some pretty extreme conditions, so maybe it's not so bad, but probably not. Kepler-452b. This is a star that's orbiting an M dwarf star, and this is the most Earth-like planet we've found so far. It orbits a star like the sun, and it sits in the habitable zone. But we're not 100% sure that it's real. If it is, it's the planet you're most likely to survive on. Given what we know about space travel, even the closest of these planets is light-years beyond our reach. For now, there is no planet B. There is planet A, the one we're on right now. The more we explore space, the more we discover how rare, fragile, and incredible the Earth truly is."
_iaTDradBy8,_iaTDradBy8.wav,data/_iaTDradBy8.wav,"When we talk about MDMA-assisted psychotherapy for PTSD, we're talking about a process where there's readiness, where we prepare people to work with the medicine. We talk a lot about what the experience will be like and what they want to get out of it and what some of the stuck points have been, what their hopes are for getting past those stuck points. There are three 90-minute sessions to do that, not to mention that these are patients you might have known and have tried to work with for a long time before the MDMA-assisted psychotherapy. And then you work during the session and you work after the session. And the way that the MDMA-assisted psychotherapy is structured right now, there are going to be three medicine sessions. So you have three very long days to kind of get where you need to go and hopefully you can make great strides with it. But for anyone that thinks this is a quick fix, that's a perception that needs to be corrected because the way that it's being rolled out right now with clinical trials with the FDA is a three-month experience with 12 psychotherapy sessions in addition to the medication sessions. It's a commitment that somebody is making towards their own healing and working in a very non-passive way to try to get through it. And try to really understand what it is they saw so that they can make something out of it and tackle their lives in a different way."
nIYFaYrTY-c,nIYFaYrTY-c.wav,data/nIYFaYrTY-c.wav,"One of the casualties that we face as men is that we make this thick shell around ourselves. We close off our emotions, we close ourselves off to the human connection we need. Think about what young men frequently say. I don't care. I don't care. I don't care. It is our perfect shell, right? We close ourselves behind it, and it also says you can't shame me, you can't question me, you can't hurt me, you can't embarrass me, because I don't care. I said it thousands of times as a teenage boy, I'm sure my mother would have a bigger number, this is the shield that we put on to close ourselves off. The conversation that we need to step into with boys is not about their mortality, but it is about how we care. Where I start that conversation is to think about our superpower as humans. We are the most wired-to-care species on the planet. Our neurological systems, our hormonal systems are wired to care, to nurture, to love, to form attachments with others. But it's not automatic. If you don't use it, if you close it off, if you hide, you don't get good at it. But if you try, and if you practice, and if you learn it, you do get good at it. Even the man who seems most cut off from the world can learn it."
PffIZqU8sWk,PffIZqU8sWk.wav,data/PffIZqU8sWk.wav,"Let's go over just three ways to protect your eyes within the digital environment. Before you get ready to work, prepare your workspace. You'll want to eliminate glare from your digital device by moving the lighting around your workstation. Enhance the contrast on your screen by changing the illumination. Set the digital device in a downward gaze. The second step is perform. While you're working, take a few breaks to blink your eyes. Blinking will spread the tears across and keep them moist. And third is preserve. Once you're done working, prioritize rest for your eyes. Quality sleep can restore your eyes and get them ready for the day ahead. Modern lifestyles are challenging our eyes in ways that we never imagined. Making a small commitment to priority and keeping your eyes open is a key to success. Make a small commitment to priority and keeping your eyes open is a key to success. Make a small commitment to priority and keeping your eyes open is a key to success. Prioritize eye care is a beautiful way to protect your eyes against future problems. Start by scheduling an eye exam. And the next time you go to work on a digital device, review those ways to protect your eyes."
6rrubMzPLY8,6rrubMzPLY8.wav,data/6rrubMzPLY8.wav,"There's this trend on TikTok that some people call cancel-ation. And what happens is they'll film this little dance that they do when a friend cancels plans. They'll say, oh my God, thank God my plans were canceled. I can spend more time at home alone. Is that loneliness? No, that's the opposite of loneliness. That's someone celebrating when the opportunity to socialize is canceled. That's the decision to be alone, an antisocial decision, not an expression of healthy loneliness. So I've called this phenomenon the antisocial century. And I call it the antisocial century rather than the lonely century for a very specific reason. Loneliness, as defined by some sociologists, is the feeling that someone has when there's a gap between their felt sociality and their desired sociality. It's me on the couch watching TV and being like, man, I kind of want to get a drink with that friend. Loneliness is the biological instinct that's healthy in many cases, that pushes me to get off the couch. That's not the instinct that most people feel today. Instead, the instinct is in many cases to stay on the couch."
j8CHpeQXSSs,j8CHpeQXSSs.wav,data/j8CHpeQXSSs.wav,"So when we start to move outwards beyond near-Earth orbit and build the infrastructure that we need close to the planet to begin to move further out into space, then opportunities begin to open up that I find tremendously exciting. So one very well-known example would be mining asteroids. There are people that argue that one of the biggest problems we face and have faced historically on Earth is competition for resources. So not only just the pure competition which leads to conflict and war if you think those resources are limited, which they are on Earth, but also just the stress, of course, that you put on the Earth itself, on the environment as our civilization grows and requires access to more resources. It damages the planet, it creates conflicts and so on. But if you have the infrastructure, to begin to move outwards, for example, to the near-Earth asteroids, then what you find is that resources are no longer limited in any reasonable sense. There are vast amounts of resources out there in space that we will have access to within the next decade or so, or certainly few decades. So that begins to transform the way that we think about our civilization, the way that we think about expanding our civilization. So that's the first thing. The second thing is that we have to be able to expand our civilization, increasing the capability of our civilization and so on. So I think there's a tremendous opportunity there to grow our civilization, crucially, without further damaging the planet that most of us will live on for the foreseeable future."
4SvBJvGAbA4,4SvBJvGAbA4.wav,data/4SvBJvGAbA4.wav,"But I think kids are really receiving this new form of messaging that's been packaged in a very specific way. And schools are contacting us with real concerns about the behaviours of their boys, the attitudes that boys are displaying towards their peers, towards girls, towards female members of staff. I think there's either one of two directions that people move in, which is the first one is to sweep it under the carpet, ignore it, pretend it doesn't exist, hopefully it will go away. And the second one is to come down like a tonne of bricks on anything that anybody says that you think is harmful or problematic, which I can understand, but it doesn't actually work. And I think there's something about, particularly with teens, the nature of their development at that age, where they're trying to create these personalities, they're trying to differentiate from their parents, from their caregivers. They want to be contrarian, they want to think things that they're not allowed to think, they want to explore things that have been hidden from them. And I think the core of it is things that we say all the time, being compassionate. Being inquisitive, asking questions, following thoughts to their logical conclusion, and acknowledging that young people are going to be young people, right? They're going to make mistakes and that's part of being young. But actually, one of the great things about young people is that they change their minds all the time, right? So I think if we can have some good conversations with them where they're really allowed to explore, then hopefully they can move towards better conclusions for themselves."
ffLJbu1aNco,ffLJbu1aNco.wav,data/ffLJbu1aNco.wav,"What were the first stars like and when did they form? The stars that we see today are not made of that same material that was left over from the big bang. Every star that we see today was made out of material that has already lived and died inside of previous generations of stars. In theory, we expect these first stars that were made to be much more massive than the stars that exist today and much much shorter lived. We had an era in the universe's past where there was not enough time for matter to gravitate together into large enough clumps to form stars. How long did it take before the first ones formed? We may have to look farther than we've ever seen, maybe feel a little bit more at a glance, and wonder if all that needed so much Renee W fridge water to be ever filledanya but why was responsibility sin not to fall personas, who did the first star so incredibly good LOOKING AT THE STAR THAT WE MADE THAT FORER AS SOON AS THE LI 빛ushing star tell us to fall here, if that's true. Maybe if the Earth was wrong, we may have to look at that part of the new star from that time and try to tune ourselves into the previous one. How long did the starslime 50 to 100 million years after the Big Bang if we want to truly find them. The largest, heaviest star we've ever found today is about 260 times the mass of our Sun. We expect these early stars will be up to thousands of times as massive as our Sun."
GjtqcYOtxhA,GjtqcYOtxhA.wav,data/GjtqcYOtxhA.wav,"Okay, so we are making the Hollywood hooker. Okay. And the secret to this is, like, you just put your mayonnaise on the side, and you have to, like, gooey it with mayonnaise. I mean, let's be clear. This is not, like, health food, right? Technically, no. Pinky grew up in a vegan, Rastafarian household, but she's taken pains to create a brand that doesn't equate going vegan with anything remotely pious or righteous. Taste, she believes, has to come first. It's delicious. People love that sandwich. They go crazy over it. This is fun food. This is fun food. This is the brand where every single time somebody comes through the door, they want to take pictures. Okay, the weird part is, like, fun, sexy, vegan? Fun, sexy, vegan. Because historically, vegan has always been looked at as boring, very green. It's a salad. And I'm like, I want to debunk that myth. I want to add some razzle-dazzle to vegan food. Because people identify to cool. Yeah. And if I can make it cool, then I can teach you about the planet. Then I can teach you why it's good for you. Then I can teach you why you need to do this, because this is the wave. Is that what we need to do in other parts of dealing with climate change? We do, because the minute people hear climate change, they, like, check out. The average person in America is not thinking about climate change. So I think that the messaging and how we as a people navigate through this is make it relatable for people to understand. If that's what it takes to get there, if we can get to the finish line, then, again, it's a win for everybody. Do meat eaters come in here? That's my audience. What? 70% of my audience is the meat eater. 70%? 70%. A lot of people come up to me and say, hey, Pinky, if it wasn't for you, I never would have even knew what vegan food was. Like, people don't even realize you eat vegan food every day. Most of your sides are vegan, right? What we do is we hold out the hand, we grab your hand, and we bring you into this community. And then you look up and you don't even realize, like, oh, I'm vegan. And, oh, I love this movement. And then we can begin to start having those conversations. And I feel like... It is my responsibility as a vegan restaurateur in this hospitality space, in a space where it's still this, you know, people are still trying to figure it out. It is my responsibility to be that change agent."
Zyw_amifsxE,Zyw_amifsxE.wav,data/Zyw_amifsxE.wav,"we're asking the wrong question in math learning. Instead of asking, who can learn math, we should be asking, how do you teach math? All kids, even the math kids, fall behind, struggle or feel math anxiety. But the difference for those kids is someone believes, and so they do the work and they catch up. And the second step is to understand. Don't just memorize math. Understand it and use pictures. Think about how you can grab any book off a shelf and feel calm and confident because you can read it. What if your math learning felt like that, where everything clicked into place and your math learning was durable? Step three is we have to make math fun. Make math practice fun. But we've known for years, in reading, if we want kids to learn it and to love it, we need to appeal to their interests. Fantasy novels with elves, graphic novels with spies. What's that in math? Games. Card games, board games, real-world games you just make up on the fly. And a tip with all these games, don't make them a math lesson. Just like you wouldn't stop reading a book to underline the subject and the verb with your kids, just have fun and let your kids have fun too."
pLZeYJtGHc4,pLZeYJtGHc4.wav,data/pLZeYJtGHc4.wav,"Many people have misconceptions about epigenetics. Epigenetics refers to the study of how genes are regulated. A lot of epigenetic mechanisms occur during development and help really with the complex choreography of which genes are firing at any given time. It explains something very real about why things just don't go back to normal. An epigenetic mark, once it's on the DNA, it survives cell division so that the daughter cells that are formed when the cell replicates itself through the process of mitosis and also meiosis, which is the process of making sperm and egg, the epigenetic mark is robust and it can survive cell division. A lot of excitement occurred a few decades ago when people began to understand that experience can also influence epigenetics. Now people talk a lot about how trauma influences epigenetics, but trauma is just another example of an environmental influence that can have a profound effect. The experience of treatment is also an environmental experience that can have profound effects. And some of the work that we have done in the last decade has really demonstrated an improved response to treatment, even to psychotherapy. DR. Well, one of the really interesting things about epigenetics of PTSD and the epigenetics of recovery from trauma is that we found changes in the same region of the same stress-related gene in both situations, that there are epigenetic changes that on stress-related genes that might explain enduring effects and might also explain why we're more sensitized to our environments. And that somehow when people are successfully treated with PTSD, that you see some of those epigenetic changes again on those same genes, but in a reverse direction. So it's important to understand about epigenetics, and this is that you're not stuck just because there's an epigenetic change. If a certain region of a certain gene is responsive to the environment, then make healing environments. DR. That's right. DR. And that's what we're trying to do. We're trying to do things in a way that's more responsive to the environment, so that we can transform in positive directions. And I think to me that's really the message. And certainly when people start talking about intergenerational epigenetic effects, these changes are not necessarily responsible for all the behaviors, but they're present. And their presence is probably a way to really allow the experience to stick with us for some reason."
qbcD-pxil5g,qbcD-pxil5g.wav,data/qbcD-pxil5g.wav,"Affective labeling means labeling your emotions. It really just means putting words to feelings. Affective labeling allows us to reduce activity in the amygdala, which is involved in unconscious emotional processing, and to increase activity in the prefrontal cortex, which is involved in rational thinking. And that allows us to better manage our emotions. It's really just about picking a word to describe your current emotion. And if you can't find the right word, there is research showing that describing a landscape is also a great way to practice affective labeling. So you could say, for example, that it's a stormy day over a dark forest. Or you could say that it's a scary cliff over a beautiful sea. Whenever we face a disruption in our life, it's very tempting to try and immediately solve the objective consequences, the actual problems that arise from the disruption. And what we find is that the situation is not always the same. So it can be complicated. And it's not always the same. And what we find is that there a lot of times when we face a disruption, we find that the experiences that we face are different. do when we do that is that we completely ignore the emotional experience of that disruption. Affective labeling is really about making space for that emotional processing before you deal with the objective consequences. By processing these emotions as you go through them rather than ignoring them, you're going to be more connected to yourself and you're going to have better mental health in the process. Second, this is also going to help you better solve the actual problem. When your mind is clear, when you have processed the emotions, you will be able to think about the actual consequences in a more efficient way."
Z0DMbZ9LOhM,Z0DMbZ9LOhM.wav,data/Z0DMbZ9LOhM.wav,"Recently, I attended the state sale of Porgy and Bess's Edelmorton Barnett. She had the famous contralto voice. And her husband, Claude Barnett, Pan-Africanist, who was founder of the Associated Negro Press. I looked to my side and I saw something I should not have seen there. There were family photographs and letters and scrapbooks. As the state seller yelled out, cash and carry, I told her, you can't do that. Not with this. I bought the little I could. But that priceless, intact, one-of-a-kind collection from that day forth, of rich Black Americans. A hundred years of rich Black history was henceforth scattered to the wind. The same thing happened at the state sale of poet Maya Angelou. Consider 17-year-old Darnella Frazier and that nine minutes and 29-second recording of George Floyd's murder. And the complete disregard. Disregard. Disregard. Disregard. It showed society having a Black life. We in the Black community have always had value. It's just been hidden from view. Not well documented. We have such an opportunity to make change. We have interviewed, as I said, thousands of African-American leaders. There's Alonzo Petty, the oldest living Black cowboy. Catherine Dunham. inventor of black dance. Katherine Johnson, the NASA scientist whose story was portrayed in the movie Hidden Figures. Poets Nikki Giovanni and Sonia Sanchez and Ursula Burns, the first black female CEO of a Fortune 500 company. We are now the digital repository for the black experience and it will include those digitized copies of the family heirlooms that I spoke of us losing."
ppic8eyHirs,ppic8eyHirs.wav,data/ppic8eyHirs.wav,"Fostering a relationship with the audience or the client or the customer is integral, man. You can't just want their money. My relationship with the audience and the customers has always been insanely close. Even when I'm not selling a thing, I'm interacting with the audience. Because when it comes to what I do, the story begins for the audience long before they ever get into the movie theater, long before the curtains go up, long before the trailers ever happen and stuff. Because you're weaving a tale well before that, the story of how a thing comes together and gets made. And then if you're an absolute magician at the job, the storytelling never ends. Even when the credits roll and they go home, you can still keep the experience going. And I've done that by staying engaged with the audience forever. It's a two-way street. So the more I give to them, the more they wanna come back. Never understood the filmmakers who don't interact with the audience. It's like, what are you, nuts? Like without them, you got nothing."
Au90Zy4Zya8,Au90Zy4Zya8.wav,data/Au90Zy4Zya8.wav,"According to Nietzsche, few people actually care about the truth, few people care about facts. Instead, most people are concerned with looking good and feeling good. Most people care only about comfort, security and power. From this observation, the philosopher Joseph Schieber coined the expression the Nietzsche thesis, where he argued that the goal of most conversations is not about seeking the truth, but about self-preservation. In other words, most people will accept or reject a fact based upon calculation rather than any concern for the truth. As Nietzsche put it, we will accept and look for truth only when it has pleasant, life-preserving consequences. Conversely, we are resistant to potentially harmful or destructive truths. We do not have any meaningful concern for the truth, but only our well-being. There is one observation about the modern world which might lend support to the Nietzsche thesis, and that's the popularity of conspiracy theories and echo chamber monologues. Because if people really did concern for the truth, they would be fact-checking wild and distorted claims all of the time, but people do not. When a charismatic or compelling speaker delivers a statement, it's easy to accept it based much more on self-serving lines. People will nod along if others are nodding along too. They will accept it if it preserves their social status. The Nietzsche thesis reminds us of an important point, and that's in our interactions with other people, what we hear, see and read often has very little to do with truth. People are very bad at facts, but if Nietzsche is right, people don't even care about them either."
Q-EDeUBNqRw,Q-EDeUBNqRw.wav,data/Q-EDeUBNqRw.wav,"One way to think about risk is the more risks you take, you start to hone in on that authentic voice. You start to hone in on that North Star. And you make older, more confident decisions, I guess, the more risks you take. My TED Talk is about taking risks, and I use the metaphor of jumping off cliffs. One of the things I realized is that I reached a point after a couple of jumps, there was something that no one could take away from me. You know, and I think early in your career, you're scared. You're like, you don't know who you are. And to some extent, you're trying to define yourself by other people's versions of success. For me, risk taking was such an important tool for figuring out who I was. And to some extent, getting a confidence that I know I'm good at stuff. And even if I fail, like it's never going to take away that sort of like intrinsic knowledge that I'm good at things, because I've now been through so many different, like, weird scenarios. It's like, almost delusional belief of like, who we are, and like, just that supporting of that person and our belief. I mean, I also just think risk is part of how you deeply get to know yourself. You know, you're not walking up somebody else's stairs, you're, you're kind of like trying to discover what you are, and very much also what you're not. And in the process of that, you sort of develop that intrinsic sense of like, this is who I am, this is who I'm not. And, and to your point about like narrowing, like, that then becomes much more clear about like, okay, this is where I'm going to be. And so I think that's, that's kind of like, you know, I think that's kind of like, you know, what matters to me and like, where I want to go."
xesXSrkLLNk,xesXSrkLLNk.wav,data/xesXSrkLLNk.wav,"So whenever people ask me why trans people are suddenly everywhere, I just want to tell them that we've been here. These stories have to be told, along with the countless others that have been buried by time. Not only were our lives not celebrated, but our struggles have been forgotten, and yeah, to some people, that makes trans issues seem new. Today, I meet a lot of people who think that our movement is just a phase that will pass, but I also hear well-intentioned allies telling us all to be patient, because our movement is still new. Imagine how the conversation would shift if we acknowledged just how long trans people have been demanding equality. Are we still overreacting? Should we continue to wait? Or should we, for example, do something about the trans women of color who are murdered and whose killers never see justice? Do our circumstances seem dire to you yet? I want other trans people to realize they're not alone. I grew up thinking my identity was an anomaly that would die with me. People drilled this idea of otherness into my mind, and I bought it, because I didn't know anyone else like me. Maybe if I had known my ancestors sooner, it wouldn't have taken me so long to find a source of pride in my identity and in my community, because I belong to an amazing, vibrant community of people that uplift each other even when others won't, that take care of each other even when we're struggling, that somehow, despite it all, still find cause to celebrate each other, to love each other, to look one another in the eye, and say, you are not alone. You have us, and we're not going anywhere."
5yzIbgURnZA,5yzIbgURnZA.wav,data/5yzIbgURnZA.wav,"When you get to 85, you know you're closer to wherever the end is. Might be here, there or there, but you're closer than you were when you were born. And the stage I'm in now is a stage of increasing my activity because I've got less time to get out a message, which is an incredibly important message. And so I have to work harder and longer hours and travel 300 days a year, which I hate, and spread a message of awareness because we're running out of time. And what I've learned from the chimpanzees is the way, not only the ways we're similar to them, but the way that we're different. And to me, the key difference is the explosive development of our intellect. I'm going to talk about that rocket that went up to Mars and a little robot crawled off and took photos of the surface of Mars. The planet that we... One of the things that I've learned from the chimpanzees is that they're not just the same. They're not just the same. They're not just the same. I once thought maybe he had some kind of life. But you look at those photos, I'm sure you have. You don't want to go and live there, do you? No. So here we are, this most intellectual species to ever walk the planet, and yet we're destroying our only home. How come? Is it because there's a disconnect between this clever brain and the human heart, which is love and compassion? What do you think? Being the Tang. Yeah. What else might happen? So what's the difference? Oh, do they know that these two are friends? Yeah, they do know that. Oh, they're that good for you daddy? And why were you one? Oh, aw. Well, the offspring of my Isso is real. It's the real身. Their legs and their ways of life are just the hoorolars that are nice to Avecluy<|nn|> and it just feels awesome. Oh, wow. You were always saying that our lives were different, that they just as much swell when we woke up in the morning. Did we change anyone else big by the end of the day? 고양lijeon planning.com"
x7kCPs1LwbY,x7kCPs1LwbY.wav,data/x7kCPs1LwbY.wav,"These authoritarian movements work like Trojan horses. Typically, their leader comes to power through an election, and then once inside, dismantles the system from within. And they have a playbook for doing so. The authoritarian playbook. They politicize independent institutions, like the civil service, law enforcement and eventually the military. Second, they spread disinformation, including from the government. Third, they aggrandize executive power and undermine checks and balances. Fourth, they quash dissent, from limiting what can be said and taught and read, to using the regulatory state to punish critics. Fifth, they scapegoat and delegitimize vulnerable groups. This has been the tyrant's favorite tool since antiquity. Because if you can pit people against each other on the basis of race, religion or sexual orientation, it's easier to pick their pockets of money. And power. Sixth, they corrupt elections. And finally, they incite violence. It's not that people openly support authoritarianism or even secretly favor it. But in a time of rapid change and uncertainty, it can be tempting to think the solution is just to give someone a little bit more power."
2q7gvnY1RrI,2q7gvnY1RrI.wav,data/2q7gvnY1RrI.wav,"Raise your hand and be honest if you've used the phrase crazy busy to describe your day, your week, your month. I'm an emergency room doctor and crazy busy is a phrase you will never hear me use. Step one to go from crazy mode to ready mode is to relentlessly triage. In crazy mode, you're always busy, always stressed because you're reacting to every challenge with the same response. Contrast that with ready mode where we triage, which means we prioritize by degree of urgency. Red, immediately life-threatening. Yellow, serious but not immediately life-threatening. Green, minor. And we focus our efforts first on the reds. So start correctly. Know your reds."
fY-KEDw9nJM,fY-KEDw9nJM.wav,data/fY-KEDw9nJM.wav,"Inspiration is the essence of creating. My husband was sick, very sick, and he was writing his memories, the memories of his childhood. And he would show me the pages. He said, I would like to do the film, but I don't have the strength to do it. Would you like to do it? So I said, I will do a film from his memories. And I wanted to get that the camera would be near him, get the substance, get the texture of his hair, texture of his skin, the texture of his eye. At the end of our shooting, he passed away. It has been a difficult time. And my life has been fulfilled with love, family, a lot of work, and sometimes beaches also."
6lDe9XenH1Y,6lDe9XenH1Y.wav,data/6lDe9XenH1Y.wav,"We Earth system scientists and climate scientists are getting seriously nervous. The planet is changing faster than we have expected. We are, despite years of raising the alarm, now seeing that the planet is actually in a situation where we've underestimated risks. Abrupt changes are occurring in a way that is way beyond the realistic expectations in science. We know for certain that this means more droughts, more floods, more heat waves, more human reinforced storms, more disease during one generation's time. 2023, the warmest year on record, will be looked back upon as a mild year. We've reached a pivotal point, not only in terms of risk, but also in terms of opportunity to transform the world towards a safe and just future for humanity. It's a rapid transition away from fossil fuels. It is a transition towards circular business models. It is transitioning towards healthy diets from sustainable food systems. We have solutions for all of these. There is a light in the tunnel. If we implement them, we get a more healthy, stable, secure future with the jobs and the economies that can compete and provide livelihoods into the future."
rkjaQhOMWC0,rkjaQhOMWC0.wav,data/rkjaQhOMWC0.wav,"These are, by the way, the literal, actual kill orders we were intercepting on the site. I'm not mocking up anything today. These are all real. The site had no interest in killing any of these people. They were just trying to extort as much money as they could from the people placing the orders. But the people placing the orders, they, of course, did not know that. They were deadly serious when they were trying to have these people killed. This was a sports direct love triangle in Milton Keynes. This was a woman trying to kill her two parents in Canberra, Australia. We saw orders in Nevada. We saw orders in Tampa. We saw orders in Spain. We saw orders in Italy. We saw orders almost everywhere. What this website seems to do, in the eyes of the orders at least, is to make taking out a hit on someone convenient and clean and safe and easy, whereas it was once difficult and dangerous and scary. The perpetrators are basically normal people. They have jobs. They have friends. They go about living their lives just like you and I. You know? And they were going about holding all of that down, basically at the same time that they were plotting in secret, constantly, coldly often, to have someone killed."
YLlODpvYI7Q,YLlODpvYI7Q.wav,data/YLlODpvYI7Q.wav,"A few years into my teaching career, I learned firsthand the educational potential of comics. I began drawing these lectures as comics. I'd do these very quickly with very little planning. I'd just take a sharpie, draw one panel after the other. And much to my surprise, these comics lectures were a hit. Unlike their math textbooks, these comics lectures taught visually. Our students grow up in a visual culture, so they're used to taking in information that way. But unlike other visual narrative, like film or television or animation or video, comics are what I call permanent. In a comic, past, present, and future all sit side by side on the same page. This means that the rate of information flow is firmly in the hands of the reader. The educational potential is there, just waiting to be tapped by creative people like you."
Y485vgbaZ5k,Y485vgbaZ5k.wav,data/Y485vgbaZ5k.wav,"I think some people might see recycling as the silver bullet solution to plastic waste. Not only do they see that we might just eliminate plastic waste completely, but we might be able to stop producing more of it in the first place. Maybe we can just get into this closed loop where we recycle plastics over and over and over again. Unfortunately, this is not the reality. Recycling can help. When you recycle a product, it can be produced into another product. But I think what's really key to highlight here is that you're often recycling it into a lower value product. The plastic waste bottle that you recycle is not then recycled and reused as another plastic waste bottle. It tends to be ground down and used into lower value products, like maybe in a floor tile or other compositions of different plastics. That means that ultimately your recycled plastic bottle will ultimately end up in landfill. It will just be recycled. Maybe a few times along the way."
upTE6wk6ZfE,upTE6wk6ZfE.wav,data/upTE6wk6ZfE.wav,"A couple of years ago, I went through a pretty brutal breakup. And to keep myself distracted, I decided to set myself a ridiculous art challenge to create the closest thing to a real-life time machine, a virtual reality invention that would let me go back in time and experience moments from my past. You see, all I had to do was to spend an entire year wearing 3D cameras on my face, record my life in first person for 365 days, transfer that into a series of hard drives, and then build a virtual reality simulation that would let me experience those memories in 3D. That's all I had to do. The final result was so much cooler than I could have ever imagined. So this is how it works. You put on a VR headset, you select a date and time you'd like to go back to, you pull the lever, and then, bam, I got to see exactly what I saw at that given point in time. And now I could go back in time and re-experience a past trip, try a mule again for the first time, and even hang out with a friend who's no longer with us. And the longer I spent with this time machine, the more I realized that I had accidentally built something that was much more meaningful than I initially imagined. Because this world is so much more than I imagined. This wasn't just an entirely new way for you to experience your memories. This was an entirely new way for you to understand yourself. As I used the time machine, I started to become hyper-aware of how much of our lives we forget over the years, and how important it is for us to enjoy the moments we have before our minds inevitably forget them."
_lUfwFzWvK8,_lUfwFzWvK8.wav,data/_lUfwFzWvK8.wav,"Panksepp separated puppies from their mothers for 15 minutes. Never more than that, because he loved animals. When puppies lose their mothers, they make a sound, which is called the separation distress cry. Panksepp and his colleagues then traced the brain circuits that produced these cries in guinea pigs, and they made a startling discovery, that these are the very same circuits that are active when humans feel sad and when they experience depression. And these circuits are also part of the brain's pain matrix that mediates our sensations of physical and mental pain. But why are we born with this terrible gift hardwired into our brains? Well, probably because, like any pain, mental pain is an alarm system. Its task is to prevent damage. It is the glue that keeps us together in couples, in families, in communities. And when someone we love goes away or is taken away from us, it's this pain which draws us back together. Mental pain is simply the high price, the very high price that we pay for our ability to love. And personally, and you know, I've been around the block a couple of times, personally, I think it's worth it."
KFyX_9LEw1k,KFyX_9LEw1k.wav,data/KFyX_9LEw1k.wav,"So in many cases, politics is fought along axes. Are you liberal or are you conservative? Do you believe in higher taxes or do you believe in lower taxes? And one of these axes that you hear about a lot is, should government be bigger or smaller? I'd prefer to think about a different axis, which is, should government be more or less effective? Should government work faster or slower? For example, in June 2023, a bridge along I-95 collapsed in Pennsylvania, an absolute crisis for the region. Almost 200,000 cars pass over that bridge every single day. So we're talking about millions of trips being interrupted every single week. Under typical conditions, it would have taken about 12 to 24 months to rebuild that bridge. But instead, the governor of Pennsylvania, Josh Shapiro, declared an emergency. He said, we're not going to have normal processes to rebuild this bridge. We won't have environmental review. We won't go through the typical procurement process. We're not going to have a typical bidding process. I'm gonna point to two construction companies that are already in the region, and I'm going to award the contracts to them expeditiously. I'm gonna hire union labor, and they're gonna work 24-7 to build as fast as possible. And they did. And rather than this bridge getting built in 12 months, it's going to be a huge leap. That's exactly what James Graham Nicoli, one of his chief architects, tells all your input here. mr Communist, I feel grateful. And so does Congress. Under typical conditions, during such times as a European Union, I find pushing for a new bridge. He said, we're not going to have normal processes to rebuild this bridge. months, it was rebuilt in 12 days. Is that an example of big government? Small government? No. Big versus small is simply the wrong axis along which to evaluate this political success. This was about fast government, effective government. It was about prioritizing speed and outcomes in the physical world."
S8MNowQEtkY,S8MNowQEtkY.wav,data/S8MNowQEtkY.wav,"A lot of people think that if you lived like a nihilist, you'd sort of rot away in bed. Some nihilists may do that. And I think there is actually a correlation, a strong correlation between philosophical nihilism and practical depression. However, nihilism is not about the actual consequences or the things that you're doing. It's about the purpose behind them. It's about the meaning behind them. And so if you ask me why it is that I'm reaching my arm over there, it might be because I'm trying to pick up a glass of water. Why am I doing that? I don't just do that randomly. Well, because I'm thirsty. Okay, well, why am I thirsty? Well, now we're kind of into some biological science. You might say, well, it's been a while since I've last had a drink. And then you might describe what it is about my biology that causes thirst. And you might even give an evolutionary explanation for why it is that we've developed this sensitivity to thirst. And I could say, literally speaking, the reason why you are behaving in this way, the reason why you have these preferences is because of this evolutionary. trait, right? For most people, that's not very fulfilling. But literally speaking, that could be something like an objective meaning in the sense of it being an objective purpose. It is literally the purpose why we all act. But I think people want something a little bit more than that. They want something which feels like it's not quite just a reason to act. It's also something which feels worthwhile, that's somehow sort of justified by some universal principle. It's almost like a moral element, that it's a good thing to be alive, that it's a good thing to live a meaningful life. And that kind of thing, I think, is very difficult to ground objectively unless you posit some kind of either supernatural design or, I suppose, if you have a kind of philosophy of life or a metaphysic which says that there is some kind of teleology built into nature itself, which some people believe. But I struggle to. I struggle to grapple with."
LjBaPxutpQo,LjBaPxutpQo.wav,data/LjBaPxutpQo.wav,"The idea of black holes goes back a long way actually, back into the 1780s and 1790s. And they were thinking in terms of an idea called escape velocity. The escape velocity is the speed you have to travel to completely escape the gravitational pull of something. So for the Earth for example, the escape velocity from the surface of the Earth is around eight miles a second. If you go bigger, you make a bigger more massive thing, let's go up to a star for example like the Sun, it's somewhere in the region of 400 miles a second. The escape velocity increases because the gravitational pull at the surface increases, and if you go bigger can you imagine more and more massive stars, giant stars, such that the gravitational pull is so large at the surface that the escape velocity increases? exceeds the speed of light and then you wouldn't be able to see them."
FvuTe8nL6OE,FvuTe8nL6OE.wav,data/FvuTe8nL6OE.wav,"I wake up in a hospital bed, and then one of the doctors says this, as we speak, flesh-eating bacteria is crawling up your leg. It's getting closer to your vital organs every minute. Good morning to you too, doctor. Let me back up. I'm a professional football player. I played quarterback, and two weeks earlier, two defenders, almost 500 pounds of muscle, crushed me at the same time. This time, though, my leg was bending where it shouldn't. I had what they call a compound spiral fracture, which means that my leg was twisted and snapped diagonally. Two years after that gruesome injury, I actually ran back out onto that field and led my team to the playoffs. I'm proud that I made it back out onto the field, but I'm more proud of what got me there. Not the physical journey, but the mental one. I've learned that so much of the anxiety that holds us back in life is self-inflicted. We make it worse on ourselves, and it's okay if we need somebody to help us snap out of it. These days, I've come a long way with this guy. These scars, they're not just a reminder of everything I've been through, but more so, everything that's in front of me. They stare me in my face. Challenging me to be myself. To help others out of their own spirals when I can. Now, you might not have a leg that looks like this, but I'll bet you've got some scars. And my hope for you is this. Look at them. Own them. They're the best reminder you'll ever have that there's a whole world out there. And we've got a whole lot of living left to do."
n1xXeGokRXA,n1xXeGokRXA.wav,data/n1xXeGokRXA.wav,"A group of divinity students at the Princeton Theological Seminary were told that they were going to give a practice sermon, and they were each given a sermon topic. Half of those students were given as a topic the parable of the Good Samaritan, the man who stopped the stranger in need, to help the stranger in need by the side of the road. Half were given random Bible topics. Then one by one, they were told they had to go to another building. Each of them passed a man who was bent over and moaning, clearly in need. The question is, did they stop to help? The more interesting question is, did it matter they were contemplating the parable of the Good Samaritan? Answer, no, not at all. What turned out to determine whether someone would stop and help a stranger in need was how much of a hurry they thought they were in. And the new thinking about compassion from social neuroscience is that our default wiring is to help. But then the question is, why don't we? And I think this speaks to a spectrum that goes from complete self-absorption to noticing, to empathy, and to compassion. And the simple fact is, if we are focused on ourselves, if we're preoccupied, as we so often are throughout the day, we don't really fully notice the other. It's our empathy, it's our tuning in, which separates us. It's from Machiavellianism, sociopathy. And so, close your laptop, end your daydream, and pay full attention to the person."
kboEN23qLsw,kboEN23qLsw.wav,data/kboEN23qLsw.wav,"So this is the Sydney funnel web spider or Atrax robustus. There have been 13 confirmed deaths from these guys. However, since the invention of our antivenom in the 1980s, no one has died. That hasn't stopped the spiders from trying as they're around 30 people a year that kind of end up needing a lot of antivenom. I wanted to see what's happening with our mature males, especially that when they're out looking for a female is when we often encounter them as people. This is Harold. Harold, absolute superstar, loved him. He did so great. You'd think, okay, well, you go on a date, you go, okay, they're at the other side of the bar. We'll walk over to the bar. It's just picture for a little itty bitty second here that the other people around you in the bar are about 40 times the size of you. They're screaming at you and throwing stuff. So you can kind of get in a picture here of what it's like to be a funnel web when you accidentally walk into the house of a human being. I get this a lot of, oh, he's trying to bite me. It's really stressful. This is an FYI if it makes you feel any better. When they do this kind of rearing up behavior, they're blind. Their eyes are on the back of their head. So when they like lift their head up, they can't see anything. It's not, he's gonna kill me, he's gonna bite me. No, no, he's just really scared."
uqWh9Qt6Wc4,uqWh9Qt6Wc4.wav,data/uqWh9Qt6Wc4.wav,"We've solved the problem of having to think. Unfortunately, thinking wasn't actually a problem. What I'm about to show you is a prototype developed by my colleagues and me at the Tools for Thought team at Microsoft Research in Cambridge. Clara's colleagues have asked her to write a proposal. She really needs to get to grips with this report, understand its findings and its data, and how it fits into her business context. As she reads, she makes notes about her thoughts and highlights excerpts from the document. She also sees AI-generated commentary and critiques. We call these provocations. Here's a provocation that raises a potential opportunity, which she highlights and annotates. Unlike typical AI suggestions, provocations are not meant to be applicable all the time. They're instead meant to stimulate your thinking about your work. Because if you understand your work well enough, deeply enough to make the confidence, to make the confidence, and make a confident decision not to accept a piece of feedback, then the feedback process is still working as intended. And Clara can do things here, like add a heading to the outline. While this text is AI-generated, Clara has a completely different relationship to this text than if she just dropped in some documents and said, write me a report. It reflects Clara's decisions, Clara's judgments, Clara's unique personal, professional expertise. To put it simply, we have gone from this, to this. What would you rather have? A tool that thinks for you, or a tool that makes you think? Thank you."
oJ0Nec57-08,oJ0Nec57-08.wav,data/oJ0Nec57-08.wav,"But I've also always been kind of fascinated by LinkedIn. Like, they let you make a profile and they don't verify that you work at the place you say you work. So I decided I was gonna test this out and have some fun. I made a profile on LinkedIn where I said that I was the CEO of LinkedIn. And I didn't think they would even let me do that. But not only did they, after I made the profile, one of the most incredible things that has ever happened in my entire life happened, which is that LinkedIn sent this email to everyone in my contact list. They sent that email. Congratulate Chris on the new job. Chris Duffy is now CEO of LinkedIn. That's a better joke than anything I could ever write in my entire life. I was the CEO of LinkedIn on LinkedIn for one year. And at that point, I received a message from a woman. A woman named Faith, who worked on LinkedIn's trust and security team. She said, my account was being locked due to concerns about its inaccuracy. So I sent her back a photo of my license, front and back, to prove that my name was, in fact, Chris Duffy. Faith responded, the thing that we are concerned about is not that your name is not Chris Duffy. It's that you are claiming to be the CEO of LinkedIn. So I responded, Faith, you are taking a pretty disrespectful tone for someone who works for me. 10 seconds later, she permanently deactivated my account."
QokG5Vlkt8M,QokG5Vlkt8M.wav,data/QokG5Vlkt8M.wav,"Today is the last day to be on the order that gets sent out tomorrow. This is the second print magazine we've made at Big Think, and it's just got incredible design from artists that we worked with and also our in-house art team and just some amazing articles. We've got an interview with Tommy Caldwell, who's just like a legendary rock climber. We've got an Anne-Laure Lacoon article about the neuroscience of what happens when resilience backfires. And Johnny Thompson, who runs our philosophy column, Mini Philosophy, he wrote an article about daffodils and about how daffodils can teach us a lot about surviving winter. And so there's just really, really great writing in here. No ads, none of the nonsense that comes with being on social media. So if you like curious and thoughtful media, and writing, and you want to just hold something beautiful like this in your hand, we are doing another shipment in May. But if you sign up today, you will get this sent to you in the next order that's going out tomorrow."
LJop58DzgFs,LJop58DzgFs.wav,data/LJop58DzgFs.wav,"Hello there. I have a question for you. Have you ever wanted to give a TED Talk? A TED Talk on the main TED stage in Vancouver with three giant screens behind you and with 1200 of the world's most interesting people in an arena in front of you? It's the most amazing experience. And you have a chance to do exactly that because this year we are holding a global audition for the best new ideas in the world to bring to that TED main stage. We're going to be holding audition events with our TEDx partners in nine different cities across six continents and everyone in the world who's got something interesting and important to say is invited. Now then, here's what we're not looking for. We're not looking for cliched sounding TED Talks, self-help, earnings. Entreaties for people to do better. No, no, no. We want something unique and different and surprising. Have you maybe invented something? Do you know someone who has, who's been working on something amazing that the world should know about but doesn't yet? Or maybe you're really angry at something and you could articulate that in a way that will energise people and give them something to do about it. Or maybe you're a brilliant creative or you know someone, who is, who's just done gorgeous work that deserves more visibility. Maybe you've invented the coolest, most powerful, most compelling internet meme that just deserves wider visibility. Surprise us. We're looking for something that's different, that is not cliched, that is uniquely and authentically you. This link, along with this video, will show you where you can find us. We're going to go to apply. It could be the start of an amazing, amazing journey. I hope you'll think about this and take it seriously and I hope to see you on a stage really soon. Good luck."
LFE5VzUlsWQ,LFE5VzUlsWQ.wav,data/LFE5VzUlsWQ.wav,"I think that our creativity is becoming more and more of a means to an end. And that end is to get attention. There's these two powerful feelings. There's getting attention and paying attention. Of course, in the last decade or so, new technology has allowed more and more people to have this powerful feeling of getting attention. For any kind of creative expression, not just acting, it could be writing or photography or drawing or music, everything. The channels of distribution have been democratized, and that's a good thing. But I do think there's an unintended consequence for anybody on the planet with an urge to be creative, myself included, because I'm not immune to this. And so I feel compelled to speak up because, in my experience, the more I go after that powerful feeling of paying attention, the happier I am. But the more I go after the powerful feeling of getting attention, the unhappier I am."
E-lSH-qP8xQ,E-lSH-qP8xQ.wav,data/E-lSH-qP8xQ.wav,"Schopenhauer is often called the pessimistic philosopher, not only because he believed that all life is suffering, but because he believed that no one really changes. So how does this account for moral development? Well, in this week's mini-philosophy interview, I spoke to Schopenhauer expert David Bather-Woods about exactly this. For Bather-Woods, Schopenhauer does have wiggle room to allow for moral development. He has a theory of character that we don't change. He thinks that character is inborn and innate, so he doesn't think of moral development in a kind of very deep sense. He does have this interesting idea that some people have picked on, which is what he calls the acquired character, which is where you basically, you have a given character that doesn't change, but that character can be kind of better and worse paths to take in life. And the acquired character is about kind of following the path of least resistance, really. So if you're like me, if you're a bit squeamish and don't make decisions very well in high-pressure situations, you shouldn't be. You should become a medical doctor, right? That's not a character you should acquire. But if you like lots of time to think about things, if you like you're quite bookish, you like, you know, talking with others about ideas, well, maybe become, you know, a philosopher or a teacher or what have you. It's possible that, you know, you could acquire a character that's founded by principles that express the basic idea of compassion, you know? So you could, you know, train yourself in his view to be more compassionate, even if your character is not as compassionate as his. Your character doesn't really change."
DgAh3a2zS8M,DgAh3a2zS8M.wav,data/DgAh3a2zS8M.wav,"250,000 cars move across the Bay Bridge every day, so it's really the Bay Area's workhorse. But it's really overshadowed by the postcard beauty of the iconic Golden Gate Bridge. So we thought, how can we use light to transform this piece of infrastructure and change people's perceptions of it? What would I do if the bridge was my canvas? So I was working on this animation that you see in Photoshop and different 3D tools, and I was very excited when I placed 25,000 lights on the suspender cables of the bridge. But I thought, this is probably never going to happen because of the scale and the complexity. So miraculously, we got an approval to do this. So we went to the next step. They said, OK, let's take you up to the bridge. So I did my first cable walk. They gave me a harness with a small shock absorber, and we started walking up the bridge. So looking down one side, it was 250 feet to traffic. On the other, 225 to the water. So this was a moment of awe, but also of abject terror. And I started to realize and then see the beauty that surrounded me, the fog, the light, the shadow of the bridge on the water. And I started to think, if I could only translate what I'm seeing here into the sequences of light, I could create a really amazing artwork. So finally, once all the lights were installed, I got to do my work. I got to connect my laptop to the bridge. And it's quite exciting to be able to control something the scale of the Bay Bridge with a simple laptop, using my custom code. On opening night, there was wind and rain like I had never experienced in San Francisco. What if this thing doesn't turn on? Fortunately, it did. I was relieved, and that was great celebration. So through infrastructure, light and code, the Bay Bridge finally received the recognition of its more glamorous neighbor. And I often describe my pieces as digital campfires that people gather around, and they create a sense of wonder and awe and bring people together, and they bring out the best in us as humans."
NyS9o0c_obs,NyS9o0c_obs.wav,data/NyS9o0c_obs.wav,"Now, here's where I think there's actually a success story that's been wildly underrated. It's Operation Warp Speed, which is the program under Donald Trump that in 2020 accelerated the development of mRNA vaccines that saved millions of American lives and maybe tens of millions of lives around the world. Operation Warp Speed has a very, very, very strange reputation right now. Republicans don't like to brag about it because they've somewhat negatively polarized themselves against vaccines, and in particular, mRNA vaccines. And in particular, particular, the way that mRNA vaccines as a medicine got enmeshed with vaccine mandates. And so their objections to the mandates became conflated with objections to the underlying therapy. But then on the Democratic side, I think what you see is that a lot of people don't talk about Operation Warp Speed because they don't want to give a lot of credit to a program that was initiated under Donald Trump. But Operation Warp Speed was a marvel. We did with mRNA vaccines in 2020 what the World War II machine did for penicillin in the 1940s. We took the germ of an idea, a little synthetic mRNA recipe that at first existed only in a lab, and we blew it out so that it could be implemented at scale, delivered to billions of people around the world. So we had this extraordinary all-of-government achievement with Operation Warp Speed. And we did it with mRNA vaccines in 2020. And we did it with mRNA vaccines in 2020. And we did it with mRNA vaccines in 2020. And we did it with mRNA vaccines in 2020. And what is its legacy? We've basically forgotten about it. It's like, what if we landed a man on the moon and then like, never talked about the Apollo program? That's how I feel about Operation Warp Speed."
EnrnEtjkJBc,EnrnEtjkJBc.wav,data/EnrnEtjkJBc.wav,"There were no do-overs, no second chances. Just like that, my dream was gone. It was the moment I realized I would not qualify to the finals of the Olympic Games and not be able to vie for the all-around title. 38.7 million people watched me in that raw, devastated state. Maybe you've never been on a balance beam or done a flip in your life, but I can bet that at some point, each of you has had an experience that made you think, why me, or why now? I can almost guarantee that most of us in this room has once set a goal that we did not reach. Things and experiences will happen that are out of our control. What if we allowed ourselves the time to sit with those negative emotions and process them, however long it may take? The more you practice this, the more resilient you will become. And what happens next could be the best moment in your life. Thank you. Thank you."
E3GNdA4qbt0,E3GNdA4qbt0.wav,data/E3GNdA4qbt0.wav,"Turns out that today the restaurant industry is 74% by foot traffic off-premises, which is to say that the restaurant industry right now is three-quarters about people grabbing food to eat at home rather than eating together with people from outside of their home. And I can't help but see this and connect it to the fact that Americans seem to be dating less than ever and coupling less than ever, getting married later in their lives, having fewer children. You can almost think about this as like a total life-scale effect where teenagers, by record, have fewer friends and spend less time hanging out, 20-somethings are dating less, 30-somethings are marrying less, and 40-somethings have fewer kids. Those are the social costs of the antisocial century. It's a world where people who might be biochemically tricked to not be able to live a life of social security, but who might be able to live a life of social security, but who might not listen to the voice of loneliness, the biological urge to be with people, demanding too much aloneness for themselves, so much aloneness that it's actually bad for them. And the costs of this at an emotional and psychological level are obvious. Rates of anxiety are going through the roof. Rates of social anxiety are going through the roof. Young people have never been more depressed or never said they had fewer friends. And so, I think it's a real challenge for us to be able to live a life of We're doing this to ourselves, and we don't have to."
qpVvo3svuJc,qpVvo3svuJc.wav,data/qpVvo3svuJc.wav,"One of the most robust findings in all of psychoneuroimmunology research is that stress causes inflammation. So purely psychological things happening in the brain can cause increases in cytokines in the body. In my lab and in others across the globe, we study the effects of stress on inflammation by asking people to come into the lab and give a 10-minute off-the-cuff speech about why they'd be a good candidate for their dream job. We see that levels of cytokines in the body have increased. In the absence of anything physically wrong with the body, a purely psychological stressor is causing the inflammatory response to activate. So it's not just that our immune systems are sending signals to our brain, but also our brains are sending signals to our immune systems. And because of that, if we then feel, exhausted, and we don't want to go anywhere or see anyone or do anything, those symptoms are likely just our immune systems telling our brains to feel depressed and to withdraw from social interactions so that we stay at home to rest, relax, and recuperate. We don't have to agonize over why we're maybe feeling a little down on ourselves or a little distant from other people. In the coming days, we'll be feeling much more like ourselves again as our cytokine levels go back down."
mWqArb5nEWw,mWqArb5nEWw.wav,data/mWqArb5nEWw.wav,"I do not get stage fright. So people find it really odd when I tell them that I have an anxiety disorder. See, the nuances of mental health are often lost on people. When people hear mentally ill, they think crazy. When people think depressed, they think sad. When people hear anxiety, they think very, very scared all the time. And it was only in the last year that I actually became acquainted with these ideas of situational anxiety, social anxiety, and high functioning anxiety. Now the thing is, when somebody's anxiety is high functioning, that means that they work in society. In fact, we work really well, us shy-louds. We have such a heightened sense of worry. The problem is that our level of worry is so high that even simple tasks require a huge amount of mental energy, which is why situations where there's a lot of stimulation, a lot of anxiety, a lot of anxiety, our body can overwhelm us and make us shut down."
4qmDocN5qXM,4qmDocN5qXM.wav,data/4qmDocN5qXM.wav,"There's a beautiful book that Kepler wrote in 1610 called On the Six-Cornered Snowflake, which to me really illustrates the genius of Kepler. And it's a sort of meditation on patterns in nature. So the story, as Kepler told it, he was walking across the Charles Bridge in Prague in a snowstorm, going to a party at his benefactor's house in the castle. And he realized that he hadn't bought him a present. He hadn't brought him a gift, a New Year's gift. And so he noticed, he started thinking about the snowflakes landing on his arm. And of course, when you look at a snowflake in some detail, you notice that whilst they're all different, there is a similarity to them. There's something, there's a sameness, a sixness to them, some kind of symmetry that they all exhibit. And so that got Kepler thinking, why would it be that these things, these snowflakes that fall from the sky, all share this similar structure? And I find it wonderful that in that book, he essentially says that it must be something to do with the building blocks. There must be some underlying reason why nature has this symmetry. And then he goes on to think about pomegranate seeds and beehives and all sorts of things and hexagons in nature. But really what you're glimpsing there, and Kepler said in the translation, of the book, in the English translation, there's this wonderful line at the end where he says, I'm knocking on the doors of chemistry. So I'm not sure where that translation comes from, but it's correct. What he's noticed is that that symmetry is, he saw that it was something to do with the building blocks. We now know it's to do with the water molecule. So the shape of the water molecule, H2O. Two hydrogens bonded to an oxygen in a very famous shape, which kind of goes like that, which you can calculate now from quantum mechanics and the way the electrons are arranged around the oxygen and the hydrogen and so on. Of course, he didn't know any of that. But I think it's genius, really. You see in that book, I strongly recommend it, the genius of Kepler."
CkX61AC8hG0,CkX61AC8hG0.wav,data/CkX61AC8hG0.wav,"Do you know what dying people really want? While you and I are out here hustling and running on fumes, they just want to wake up tomorrow to taste food again, to be with their loved ones. Nothing fancy. So maybe we don't need to wait until death to start appreciating simpler moments in life. To do that, we can ask ourselves, what if this is the last time I get to do or experience something? Asking myself that question turned a normal hug with my parents into a core memory because I never wanted to let go. So how about you? If you knew one day you would never hear your best friend's voice again, how intently would you listen to them tell you a story now? How would you savor it? How would you savor your favorite food, watch a sunset, or snuggle with your pet? Because although we can't predict when it'll be, one day we'll all have a final moment with everyone and everything."
hkIo51qGOw8,hkIo51qGOw8.wav,data/hkIo51qGOw8.wav,"Very few of my friends had set aside the 15 to 20 percent experts tell us we need to maintain our standard of living in retirement. We boomers hear a lot about how we have underfunded our retirement, how it's all our fault. But let's not mix up individual isolated behavior with the systemic factors that have caused a $7.7 trillion retirement income gap. We've spent the last three decades dealing with flat and falling wages and disappearing pensions and through the roof cost on housing and health care and education. We're going to have to build up from the grassroots. Forming what I think are resilient circles. And we need guidance and ideas about how to live a richly textured life on a much more modest income."
49zF4kZYtlI,49zF4kZYtlI.wav,data/49zF4kZYtlI.wav,"They love us more than I think we have any right to be loved. Hey, what do you do all day? I play with puppies. No, I raise service dogs and prepare them to work with people who have physical disabilities or certain medical needs like epilepsy, type 1 diabetes. Like my buddy here. This is KJ. He's getting a little too big to be a lap puppy. Can you tell us a little bit about your journey and how you became a service dog instructor? So when I was 16, I was diagnosed with multiple sclerosis. I used a wheelchair for a little over two and a half years. It was incredibly hard. I couldn't really do anything for myself. And I heard about a place in California that was teaching dogs to help people who use wheelchairs. We decided, my dad and I, that if I needed a dog in this area, other people would too. And that was it. We hired a then dog trainer to help us figure out how to teach dogs to turn the lights on and off and train them to do things. And we opened and closed doors and off we went. What would you say is the best part of your job? The animals. And the hardest part is the people. And I love the people very much. But dogs are just remarkable creatures. They love us more than I think we have any right to be loved. And it's pretty wonderful when you spend every day with these creatures that look at you like you are the greatest thing that ever drew breath. What is one piece of advice you would have for someone that wants to join this field or this profession? There are schools where you can go to learn. But you can also apprentice at places and do internships. And I think both are valuable. I think apprenticeships will get you working more quickly because you're likely to be hired by the organization. You know, it's hard work, but it is so rewarding. I wouldn't do anything else."
uBkbmYS5qvI,uBkbmYS5qvI.wav,data/uBkbmYS5qvI.wav,"Who is responsible for the price of dissent being so high in America? Why are people fearing for their lives to speak their political opinions? And if you think my answer is Donald Trump, you would be wrong. Unfortunately, my answer is you. Or some of you. NPR just came out with a survey the other week that showed one in three, one in three Americans now believe that political violence would be justified to put the country back on track. Two out of three Americans are now actively admitting to self-censoring their views out of fear of reprisal. It's not just people inside the Beltway, it's you. We're all doing it. We're all guilty of it. The same survey found that the vast majority of Americans agree in price. They're private on almost all the controversial issues in our society. Immigration, abortion, climate change, you name it. Survey found majorities agree on those issues, but they're scared to say it, including they're afraid to repudiate political violence. So who's responsible for the price of dissent being so high in this country? It's not Donald Trump. It's not even the one third of Americans who believe we might have to use political violence against one another. It's the two thirds. In my opinion, the greatest threat to democracy today is anonymity."
Uyx8vYm9Og0,Uyx8vYm9Og0.wav,data/Uyx8vYm9Og0.wav,"I have created over the last decades multiple pastries. One of my favorites is the coffee clock. It's coffee, chocolate, a strong espresso paired with a strong 80% chocolate that looks like a clock, a little piece of jewelry. So when we were prepping for this session, you surprised me by saying that as important as the look and the design of your work are to you, you actually care more about the taste. I mean, everybody that understands chocolate can transform it into art. I think the complexity as a trained pastry chef is, how do we not compromise the taste, the texture, and yet craft beauty? And I think this is where it becomes much more complex. That's where the science really kicks in on taking basic raw ingredients. You take flour by itself, a spoonful of flour is not very pleasing. A spoonful of sugar is too sweet. Salt is too salty. Bite into a lemon, it's too sour. Making the recipe, having the ingredient collide together to create things that gives you a good taste is really what I like to do. Our crafts are so beautiful and so amazing. I think one thing I'm the most proud of is being an ambassador of my industry and being able to display the extent of the beauty that can be achieved in the world of sweets, whether it's bread, pastry, chocolate, ice cream, sugar. The most important, it's for people to understand. It was an industry when I got in that was very, very secretive and I was able to break the secret. Once you understand how chocolate works, then you can start having fun with the matter. Wow. Et voilà. Wow."
TyqqohQlKLY,TyqqohQlKLY.wav,data/TyqqohQlKLY.wav,"Life is too full of these boring and shallow conversations. I think what it does is two things. The first is that it distances ourselves from other people. You can't get to know anyone else unless you have these deep and important conversations. And the second problem is that you're distanced from yourself. You don't get to understand what really matters to you and what motivates you. At the risk of overplaying my hand, I think this could transform society. Because I believe that a lot of people today feel very disconnected from each other and from their cultures. And the sociologist Emil Durkheim talked about this word anomie, which is a disconnection from our culture and our people. And I think if we go about our lives ignoring these conversations and refusing to see people and talk about these deep, meaningful things, we start to disassociate from each other. And we fracture and we fragment. And I think if we have to come back together, we have to have these important conversations. We have to go past talking about... And we have to ask about God and about our worries and about our existential angst. And we have to talk about right and wrong. And it's only through that conversation that we can come together to understand each other and to form a community and to be understood and understand other people as well."
s_k1gMUcJIs,s_k1gMUcJIs.wav,data/s_k1gMUcJIs.wav,"When I talk about the illusion of self, this is often very hard for people to grasp what that could even mean. I'm obviously a person over here and you're a person over there, and we can talk about our autobiographical histories, things we tend to do, our likes and dislikes, and all of that is in the description of a self and that makes perfect sense. And that piece of it is not an illusion. But the experience of being a self is actually much more analogous to an ocean wave. In the same way that an ocean wave is a process in nature, it's dynamic, it's ever changing, our brains are very much the same thing. They are processes in nature that are ever changing, ever evolving, and that the boundaries between ourselves and the world and ourselves and each other are not as solid and firm as they appear to us or that they feel to us to be, especially when we feel like a static self. And so this starts to get at what I am talking about when I talk about the illusion of self. When I talk about the illusion of self."
tum_5LyL0Q4,tum_5LyL0Q4.wav,data/tum_5LyL0Q4.wav,"We live on an alien planet. There is so much weird life here on Earth to study, and so much of it lives at the edges of our world, of our sight, and of our understanding. One of those edges is Antarctica. Tiny plants and animals living embedded inside of glaciers, underneath the sea ice, and swimming in subglacial ponds. Some of the critters I found you may recognize, like this adorable tardigrade. I absolutely love them. Also known as a water bear, they're famous for possessing superpowers that allow them to survive in extreme conditions. Others may look familiar, but be stranger still, like nematodes. Not a snake, nor an earthworm, nematodes are a creature all their own. For every single human on this planet, there exist 57 billion nematodes. And some of the critters you may not recognize at all, but live out equally fascinating lives, such as rotifers with amazing crowns that turn into Roomba-like mouths, ciliates with digestive systems so transparent that it's almost TMI, and cyanobacteria that look like party confetti in the middle of the night. But you can't really describe the amount of life we have in Antarctica, or the amount of life we have in our own backyards. We don't understand just how many creatures we share our world with. And that means we don't yet have the full picture of our weird and whimsical home planet."
ZVyNC2srm5Q,ZVyNC2srm5Q.wav,data/ZVyNC2srm5Q.wav,"We carried on for months with nothing more than a hope that she wouldn't get as big as we knew she could. But every time somebody came over, it was the same thing. Oh my God, she's huge. How big is she gonna get? What are you guys gonna do with her? It was all the same things that we were wondering ourselves and that's actually why we call her Esther the Wonder Pig. So aside from her astonishing rate of growth, which was almost a pound a day at its quickest, her intelligence was becoming increasingly apparent. Our freezer was below the fridge. We had to keep it closed with box tape. We had childproof locks on all of our cupboards, but they were no match for Esther. By the time she was eight or nine months old, she could open every single door in our house. She'd use her snout to operate lever-style door handles. Even giving her medication became a battle of wits because no matter how well we thought we hid those pills, she would find and reject them. Sometimes she'd even make us think she swallowed them, only to spit out a pill after I gave her a cookie for taking them. Since then, managing Esther's social media following and her sanctuary has become a full-time job for the both of us. But why? Why would we allow that to happen? It's because Esther elevated pigs to a position that we had previously only held for our companion animals."
Ah2F8_JrrKo,Ah2F8_JrrKo.wav,data/Ah2F8_JrrKo.wav,what is depression how does it cause how do you treat it what is anxiety how does it cause how do you treat it we've been searching for those things for a really really long time and we've had a lot of like different answers like if you ask freud he'd say one thing and if you ask like a modern modern psychiatrist neuropsychologist psychiatrist they might say something else um but really like we just we still don't actually know um and we keep trying to do that we keep trying to find that kind of like universal theory that that explanation that says well if x then y if um you have this going on in your life or in your brain then you're going to get depressed or if you take this medication then depression will go away we've been trying to find that for a really long time because um we felt like we had no other options because normally in order to predict an outcome um to know uh oh if i do this then it'll cure someone's depression to predict it you have to have an underlying scientific explanation you have to have a theory about it and i think ai actually changes this so um with with ai what you can do is and people people are really already starting to do this you can train neural networks that are for example able to identify um who is depressed or who will get depressed um you can train neural networks who will be able to predict which interventions might work for which people in which circumstances in a very contextual hyper personalized kind of way without having to discover beforehand any scientific explanation for the underlying phenomena that we're trying to predict and so i think that's a really important thing to think about and i think that's a really important thing to think about so like we don't have to have an so like we don't have to have an explanation for depression we can just train a model um on enough data that it will um that it will be able to predict what might work or whether you have it or whether you're going to get it and what i think is even more interesting is once you have once you've trained models that can for example predict depression really well what you may be able to do is models are actually easier to interpret and understand than brain and so if you have a good enough predictor what you can do is just go into the neural network and try to figure out how it's wired and it may be that the explanation for what depression is is like too big and too complicated and you can't figure it out but mechanical interpretability is good enough that you may be able to like find what what is a solid theory for depression in the weights of a trained neural network
TNPSGk-NXoM,TNPSGk-NXoM.wav,data/TNPSGk-NXoM.wav,"We found out about a whole new model of love that I call emergent love. Because it can only exist when the six ingredients that are essential for thriving relationships are present. Number one is attraction. For thriving couples, attraction is way beyond sexual chemistry. It's only one of the reasons that they come together. And in this way, attraction is a renewable energy because it wants you to be around the person and explore new ways of being with them. Really think about it. Between diaper duty and deadlines, where is that signal that says, I like you, I'm into this version of you now? Number two is respect. Respect literally means to look again. And obedience, walking on eggshells, is not respect. They are fear. I often hear I'm not respected by my partner, and I ask, are you respectable? And there's a pause. I say, look, do you live by your own principles, or are you the first person walking all over them? Number three is trust. Thriving couples know that trust is built and rebuilt based on little promises kept over time, not grand and expensive and expensive apologies. Number four is compassion, not empathy. Yes, there are moments that you would like to commiserate with each other or feel those juicy sensations when you have erotic empathy, but for daily lives, everyday life, compassion is the default for these couples. Next one is shared vision. You need to know where you're going individually and as a couple. At least know where you don't want to end up. Otherwise, your resources will be scattered, and resentment will be inevitable. Last but not least is the loving behaviors. When was the last time that you went out of your way for your partner? Do you give each other the benefit of the doubt? Thriving couples are tender with their touch, with their word, with their presence, and they make them exclusive and specific to each other, even if other people are in the mix. If you master these six ingredients, you will rise in all of your relationships, because the way we do one relationship is the way we do them all."
PKIYKwEyKQY,PKIYKwEyKQY.wav,data/PKIYKwEyKQY.wav,"The main dietary component that's actually been studied in the aging and longevity field is this idea of caloric restriction. Caloric restriction isn't starvation, it's usually just about a 20% reduction in the overall calorie intake. And in a lot of different animal models, so anything from a worm, fly, mouse, people have seen that when animals are caloric restricted, they tend to live longer. The idea of why things like caloric restriction might actually improve our aging process and increase our health is because we think this evokes this idea of hormesis in our bodies. So what hormesis refers to is a mild stressor that actually makes our bodies more resilient and robust to stress over time. So having these short-term mild stressors actually makes our bodies more robust against long-term stressors. A lot of the changes we see that increase with aging."
I71y0Vwlc8Y,I71y0Vwlc8Y.wav,data/I71y0Vwlc8Y.wav,"I'm a talent manager. Who do I manage? A girl named Ima. She's a fashionista that lives in Tokyo. She posts about her life and her outfits on social media platforms, except she doesn't exist. She's a virtual human made from CGI, born in 2017. In the near future, we're integrating them with AI so that they become autonomous virtual humans that you can have a conversation with. Yes, they exist in the virtual world, but these virtual humans have an impact in our real world, too. Ima has repeatedly shared her opinions on real-world issues. She initiated a community get-together in the virtual world during COVID for people who are feeling lonely and isolated. She was actually chosen as one of a Forbes Woman of the Year, right beside the likes of climate change activist Greta Thunberg and former U.S. First Lady. She's also a member of the U.S. First Lady Michelle Obama. Gen Zs love her because they feel a real connection to her. For them, there's not much of a difference between someone that is real-life breathing, that's doing Instagram, and a virtual human like Ima. We should get away from the dystopian narrative of the virtual world that we have and seize possibilities for human connection and possibilities for human expression. Because human possibility, it's the same as technology. It's not just technology. It's not just technology. It's limitless."
7xml4yCVBdA,7xml4yCVBdA.wav,data/7xml4yCVBdA.wav,"Ever since ancient times, people have asked the question, is the world a dream? Is everything around us an illusion created by some god to test us? Well, the answer is probably no, but for a very sophisticated reason. If you want to simulate the weather, for example, you have to simulate the motion of trillions upon trillions of atoms. No computer is that powerful that it can simulate the motion of trillions and trillions of atoms that just make up the atoms in this room. You can't do it. You're talking about 10 to the, let's say, 25, one with 25 zeros after it, just to model the atoms inside a goldfish bowl. And so in other words, it is mathematically not possible to create a fictional universe out of atoms. The fact that there were real atoms inside it is very very clear. There are only three victims and only two who survived the settlement in a way that has never been determined by humanos but people think that sometimes we do this."
_yJRFt1WQOk,_yJRFt1WQOk.wav,data/_yJRFt1WQOk.wav,"What you see here are representatives of all known species in our planet. We occupy a rather unremarkable position. We are measuring an astonishingly narrow sliver of life and hoping that those numbers will save all of our lives. This little guy right here does things that essentially just blows my mind. You can grab one of these animals and cut them into 18 different fragments, and each and every one of those fragments will go on to regenerate a complete animal in under two weeks. 18 heads, 18 bodies, 18 mysteries. I've been trying to figure out how these little dudes do what they do and how they pull this magic trick off. But like all good magicians, they're not really releasing their secrets readily to me. We actually need to bring all of our intelligence to becoming stupid again. Clueless in the immensity, in front of the world, in front of the immensity of the unknown."
Zgvs4pp82TM,Zgvs4pp82TM.wav,data/Zgvs4pp82TM.wav,"So our farmers are pretty old in this country. And unfortunately, when they retire, when they retire, if they retire, we're not really replacing them. We need to take our dollars and continue to spend them locally. We also need to show up at the ballot box for our farmers. This is bigger than just buying local strawberries once a year to pick your own. This is a year-round effort that we must make together to make the change we need. Changes like fair pricing for farmers. That's quotas, supply management, guaranteed prices. Changes like fair and open trade. That means ending trade wars. And yeah, of course it means voting. American farmers are only getting older, fewer, and poorer. Yet they're crucial to our state. They're the vibrancy in our rural communities. They're the drivers of economic growth and stability. And they're our best protectors of our shared resources of land, water, and energy. They're an heir. So we have to do better for them."
Dp_MbiueqjI,Dp_MbiueqjI.wav,data/Dp_MbiueqjI.wav,"Is it realistic to ignore the one to two billion climate refugees that the climate scientists are warning us will cross international borders and have to move inside their own nations by 2050 because of the climate crisis? Is it realistic to ignore the fact that right now, Greenland is losing 30 million tons of ice every single hour? What about the food crisis that scientists are predicting? Is it realistic to ignore that as well in order to avoid doing anything to reduce fossil fuel emissions? So what's really behind this preposterous theory they call climate realism? Could it be that they're kind of panicking a little bit about the loss of their markets? Last year, if you look at all the new electricity installed worldwide, 93% of it was coal. It was renewable, mostly solar. I believe that we as human beings have the capacity to recognize that our survival is at stake and that we need to move faster even though the big polluters have the political and economic power to try to block us. We've got everything we need. The people are demanding change. The one thing that they tell us might be in short supply is that we're going to have to move faster. It is political will, but always remember, political will is itself a renewable resource."
K6SB7RTXGAQ,K6SB7RTXGAQ.wav,data/K6SB7RTXGAQ.wav,"So the question is, what techniques or practices can help us cut through the challenges that are in our way to acting our way to confidence and growth? So I started thinking about people I admired, someone specific. And there was something about thinking of someone I admired that brought this element of additional capabilities and excellence. It also made me feel a little accountable to act on whatever came to mind. And these practices evolved into today what is the hotshot rule. It is the act, regularly, of thinking about my role, everything I have, the challenges, the opportunities, envisioning someone I admire in my role, asking myself what's one thing that person I admire would do differently to make that situation better, acting on it within 24 hours, telling those involved once things get put in motion. I say something like, hey, I could have or should have done this thing, but I didn't, and now we are. But its power lies in it being a regular, proactive, active practice. This practice has changed my life, and I believe it will change yours if you apply it. The idea of having a practice of reflection, intention and action to drive growth, to show up and do something we otherwise wouldn't have, to break through complacency or past patterns, is a superpower."
FN6JIyntwR0,FN6JIyntwR0.wav,data/FN6JIyntwR0.wav,"This is Penrose Tiling. These tiles have been found in Egypt, Greece, Australia, Mesoamerica, North America, Europe, and even the Middle East. But why does it keep popping up and what is it? Penrose tiles are a pattern of two shapes that can expand indefinitely in any direction without ever repeating. In mathematics, this property is known as aperiodicity. Roger Penrose discovered this back in the 1970s and it's been found all over the world over and over again and it's thousands of years old. So what's going on? Theorist Terry Moore believes what we're seeing is more than just a beautiful design. All these ancient cultures must have seen something special. This pattern is life and as you can see, life's complicated. Life is also aperiodic in the sense that every event, every happening, every decision will make the future unfold differently, often in ways that are impossible to predict. Yet in spite of the complexity and in spite of a future that's impossible to predict, it's a pattern that's going to happen. And it's going to happen. But there is a pattern that's going to happen. And it's going to happen. And it's going to happen. There remains an underlying unity that holds everything together and gives rise to everything. When we see these wonderful designs created by cultures that are separated from our own by thousands of miles or thousands of years, we can know these aren't decorations. These are statements about the fundamental values that culture had, what they found important, how they saw themselves, the world, and the world as a whole. And it's going to happen. They're a message. Look. Listen. You can hear their voices."
l8QqI25FBrc,l8QqI25FBrc.wav,data/l8QqI25FBrc.wav,"Imagine an AI friend that tells you, hey, I noticed you haven't talked to your friend for a couple weeks. Why don't you reach out, ask him how he's doing? Or an AI that in the heat of the argument with your partner helps you look at it from a different perspective and helps you make up. An AI that is 100% of the time focused on helping you live a happier life and always has your best interests in mind. Researchers at Harvard are doing a longitudinal study on human flourishing. And I believe that we need what I call the human flourishing metric for AI. Flourishing is a state in which all aspects of life are good. The sense of meaning and purpose, close social connections, happiness, life satisfaction, mental and physical health. And if we start designing AI with this goal in mind, we can move from a substitute of human relationships to something that can enrich them. And if we build this, we will have the most profound technology that will heal us and bring us back together."
lRNNcBHuxP4,lRNNcBHuxP4.wav,data/lRNNcBHuxP4.wav,"I say brain health is wealth. How do we make the brain healthy? With good sleep, with good food, with good social connections, with minimizing, though not eliminating all stress, because stress can be good. It drives you towards the things that you want to achieve. That will give you the longest possible healthy, good, positive cognitive life that you could have. So I look at health as wealth, and I think, ooh, longevity, health span, savings and investments to make sure that you can look after yourself, and insurance so that you can bounce back and you can look after your family. And I think, you know, back in the 50s, globally we had a life expectancy of around 47, which is shocking. And now we're up in the 70s, which is a huge advantage. But, and that's, so we're much longer lifespan. But the most important thing is starting and staying curious. Because your needs will change. Stay curious, stay engaged, and start. You know, that's so funny because that's exactly the recommendation that I give about brain health."
9lLqGTmDdQc,9lLqGTmDdQc.wav,data/9lLqGTmDdQc.wav,"Incivility is a bug. It's contagious, and we become carriers of it just by being around it. It affects our emotions, our motivation, our performance, and how we treat others. So if incivility has such a huge cost, why do we still see so much of it? The number one reason is stress. People feel overwhelmed. The other reason that people are not more civil, they believe they'll appear less leader-like. They wonder, do nice guys finish last? Well, it turns out in the long run, they don't. Colleagues and I found that those that were seen as civil were twice as likely to be viewed as leaders, and they performed significantly better. Why does civility pay? Because people see you as an important and a powerful, unique combination of two key characteristics, warm and competent, friendly and smart. So where do you start? How can you lift people up and make people feel respected? Well, the nice thing about civility is that it's not just about how you look at people. The nice thing is it doesn't require a huge shift. Small things can make a big difference. I found that thanking people, sharing credit, listening attentively, humbly asking questions, acknowledging others, and smiling has an impact. What I know from my research is that when we have more civil environments, we're more productive, creative, helpful, happy, and healthy."
tN_6CA9nl9M,tN_6CA9nl9M.wav,data/tN_6CA9nl9M.wav,"The most effective thing you can do to have more fun is to focus on its ingredients, by which I mean do everything you can to fill your life with more moments of playfulness, connection, and flow. So by playfulness, I just mean having a lighthearted attitude. When we have fun, our guard is down and we're not taking ourselves too seriously. Connection refers to the feeling of having a special shared experience. And then flow is the state where we are so engaged and focused on whatever we're doing that we can even lose track of time. So to start with, reduce distractions in order to increase flow. Anything that distracts you is gonna kick you out of flow and prevent you from having fun. My second suggestion is to increase connection by interacting more with other human beings in real life. You might be amazed by how good just one little moment of connection can make you feel. And if you do find someone to connect with, maybe ask them to join you in trying my third suggestion, which is to increase playfulness by finding opportunities to rebel. I'm talking about finding ways to break the rules of responsible adulthood and give yourself permission to get a kick out of your own. Life."
2XSImOsV6tw,2XSImOsV6tw.wav,data/2XSImOsV6tw.wav,"We think about love as primarily a psychological phenomenon, something that we don't have a great deal of control over. Aristotle famously said, when you really love a friend, you experience that person as a second self. And the love ethic says, those same feelings should be extended to strangers. How do we navigate our lives in an era where our politics, our economics, our technology is causing us to become far more isolated and divided? I would define compassion in a nutshell as a natural sense of concern that arises in us in the face of someone who is in need and wanted to do something about it. And much of the current scientific studies that overlaps the science of compassion is the study of empathy. Empathy is this, ability to vicariously experience someone else's pain. And that's what allows us to connect with the other person. There are some interesting studies coming from meditators who meditate many hours on compassion and then looking at their brain, you can actually see the brain's expression in action. The whole mapping of the brain regions that are involved in an experience, something like compassion, is beginning to be done. What is really nice, natural to our human being, is the ability to connect with someone. An ability to relate to that person at a deeper level and have a much more open-hearted interaction. The common perception tends to be that a quality like loving kindness is a sort of weakness, that it makes you sort of silly or very complacent. Being a doormat, letting someone walk over you. Why do we have such a sense of loving kindness that it's degraded into this foolish reaction? Compared to the force that it genuinely is, we can have a genuine compassion for someone and also protect ourselves and have a strong boundary. We really can redefine strength. If you can't be brilliant and you can't be courageous and you can't be wonderful, be kind. It actually is great to really feel into the pain of someone and to wish them well. A love ethic or a love-based approach to ethics, says to love your neighbor with the same intensity with which you love yourself. The love ethic is asking us to feel something about the people who are in need, who are around us. To open ourselves up to have that kind of emotional reaction again and also giving us a glimmer of hope that maybe our emotions, especially one particular emotion, might be the path forward for us learning how to build a better society where people are genuinely cared for.annekemer.com"
t_6DCJcCq5E,t_6DCJcCq5E.wav,data/t_6DCJcCq5E.wav,"One of my favorite sets of creatures are some fish called ice fish, and they live in water that is actually below the freezing temperature of fresh water. And if little ice crystals just get into the bodies of these fish, they'll nucleate freezing, they'll freeze like fish sticks. And what they've done is they've evolved antifreeze. Certain proteins in their bloodstream, made in very large quantities, suppress the ability of ice crystals to grow inside their bodies. And so they're able to tolerate that sub-freezing water of the Antarctic. And other fish aren't. And the ice fish have also come up with something that's incredibly nifty and shocked naturalists when they first discovered it. If you open any fish you know, slice it open, you're going to see red blood because that's something that animals with backbones have and have had for almost 500 million years on this planet. But you slice open an ice fish, their blood is colorless because they've gotten rid of red blood cells. They've ditched red blood cells. And the reason they've ditched red blood cells is that those low temperatures, it makes their blood too viscous. So it's a good illustration of just how conditional these adaptations are. That to exploit the resources of the Southern Ocean, you've got to make antifreeze and get rid of your red blood cells, where in other parts of the world, antifreeze would be irrelevant and your red blood cells are necessary for every second of life."
4BZHlsdSwm4,4BZHlsdSwm4.wav,data/4BZHlsdSwm4.wav,"I call this your money autobiography. And as a money coach, this is the first step I take with my clients. Think back to your earliest childhood money memory. What did it feel like when you got money? Were you excited, proud, or confused? And what did you do with the money? Did you run to the candy store, or did you run to the bank? And what did you hear your parents say, and what did you see your parents do with the money? Change is difficult. But in my family, not changing is fatal. So I did the work, and I have experienced deep and profound forgiveness. It only takes one person in your family to break through the money shame cycle. I want you to be the money. The one."
97IwoIqBCZk,97IwoIqBCZk.wav,data/97IwoIqBCZk.wav,"We developed an AI that could generate extremely long sequences of DNA 500 times longer than previous AI models at high levels of detail. Eighty thousand whole genomes fed into a model that we called ... Evo. And our goal was to create something like a chat GPT for DNA, where you can prompt Evo and describe the DNA you want, and it would generate new sequences one letter at a time. How do you know if it's any real or good? What we needed was a test. And so we started with a familiar tool in biology called CRISPR. CRISPR is like a pair of molecular scissors that can edit DNA, used for things like gene therapy. And so our biologists would take that generated DNA and analyze it to see how realistic does it look. Does it resemble something in nature? How do its proteins fold? Which all give us a sense of its function, but ultimately, we have to test their ability to cut DNA by actually building them in the lab. And so that's what we did. Evo generated DNA that not only looked realistic, but that actually functioned. In this future, we can make truly personalized medicine. Imagine prompting an AI like Evo with your genome, finding sources of diseases, predicting your reaction to drugs, and guiding treatment options based on your own DNA. But let's say you're not comfortable with changing your DNA. What if we added new DNA? With DNA generation, what is the limit of what's possible? We've all seen Jurassic Park. We all thought it was science fiction, and it is. Mostly, researchers are now reconstructing the genomes of extinct species, with one company planning to resurrect the woolly mammoth by as early as 2028. Now, instead of bringing back extinct species, can we create new ones?"
cEvRs1IKQO8,cEvRs1IKQO8.wav,data/cEvRs1IKQO8.wav,"I want to make the $1,000 spacesuit rather than the $100,000 spacesuit. I learned that the technologies were simple. Spacesuits have roughly four layers. The first is a thermal layer. It's a coolant garment. This circulates ice water across hoses or through hoses across your body, picking up your body heat and dumping it overboard. The water is recycled though. We sewed aquarium hose into a long john garment. The second layer is a pressure bladder. This holds a bubble of high pressure gas around your body so that the nitrogen in your tissues doesn't fizz like soda bubbles when you're exposed to vacuum. That's decompression sickness. It's lethal. Our first bladders were diving suits, which we adapted nicely. Now we're making our own bladders again. Don't rely on them. Make it cheaper. It's one of the many barriers to space exploration is cost. We wanted to reduce cost. I've left the coveralls off so you can see the underside. This is more interesting. What you're seeing in here is all kinds of restraints. He's being cooled. He's getting gas to breathe."
_rMeEK1uG9M,_rMeEK1uG9M.wav,data/_rMeEK1uG9M.wav,"ChatGPT for a time was a real sensation in that there was a lot of discussion about whether it's conscious and it was very exciting that you could finally have a chatbot that was semi-realistic. Do you have any other questions or topics you'd like to discuss? What's the definition of a lie? Allah is the Arabic word for God in Islam. People are already beginning to see through it. But the thing that I think ChatGPT does really well is provide a fictional philosophical dialogue partner. The greatest philosophy in history has been written in the form of dialogues. And the reason for that is because philosophy is something that's supposed to be discussed. It's supposed to be something that's explored through objection and discussion and debate. ChatGPT does that very well. It's essentially a fictional character of your own devising because although you're not directly controlling its script, it's on your side. If you say, no, no, I think this is the case, it will ultimately agree with you because it's an agreeable language model. But it provides an opportunity. If you tell it to debate with you or provide objections to more clearly elucidate a point. So I'm not trying to impress anybody by convincing ChatGPT of any proposition. I think anybody could convince it of anything, but it is a useful tool for exploring these ideas in depth, which is what I think comes out in those kinds of videos."
Gg6wJa_PMwo,Gg6wJa_PMwo.wav,data/Gg6wJa_PMwo.wav,"Particles like electrons, for example, have a property called spin, which can be up or down. It's like heads and tails. Objects like electrons can not only have definite values of some property, some thing that you can measure, but they can be in a mixture of those things. And it's not a probability theory in the sense that we would usually think of probability theories. So usually we'd say, well, there's a 50% chance it's going to rain tomorrow. Why do we say that, why we would say such a thing? It's because we have incomplete knowledge of the system, in this case, the weather. The key difference in quantum theory is that these probabilities are fundamental to the description of nature. The probabilities are intrinsic to the theory itself. And pretty much all. Of the intellectual challenges and the confusion around quantum mechanics comes from that very simple property."
VopoxAqteGY,VopoxAqteGY.wav,data/VopoxAqteGY.wav,"Have you ever wondered how much ice cream you can get for a dollar? Or what's the cheapest thing at an airport? Or if it's faster to go inside or a drive-through? Probably not. But somehow answering these weird questions and sharing those experiences have become my life's work. Great stories should be told in less than 60 seconds. And it's not just about becoming a viral social media star, it's about making your conversations better. Many great stories start with a question because it'll make people stick until the end to find out the answer. You want to get your audience's attention immediately, so you want to start by asking something shocking. After you've hooked your audience, you want to take them on a journey, building up to your answer, where you want there to feel constant progression, so we're moving closer and closer to our answer, so we feel like we can't stop listening. But if everything is smooth sailing, then nobody cares, which is why we need to add conflict before getting to our answer. And after enough buildup, we finally need our answers. The key here is to build tension by making the answer feel uncertain to make a satisfying ending. Because if it takes longer to tell your story than it does to make a burger, then you're probably overcooking both."
eZ6qfJYh8Hg,eZ6qfJYh8Hg.wav,data/eZ6qfJYh8Hg.wav,"Cults are insidious and any group can become culty. That's right, any group. Everybody's got their something, their hook. It could be as fun and friendly as... Want to check out a spin class? A makeup party with wine and cheese. Hey, let's go foam bank for our favorite candidate. Have you ever tried cold plunging? So I'm going to teach you a couple red flags, not all of them, but a couple red flags so you can spot the signs. And remember, not any one of these things in and of itself is the problem, it's the whole package. The first thing is there's an assumption of your neediness. You're a broken bird, you're unwhole, and they have all the tools to make you whole again. That's very convenient. Also, loaded language. If they're using pretentious terms to sound holier and smarter, run. Be aware if there's rumors that they're a cult already, or if there's lawsuits or bad press. Where there's smoke, there is usually fire. And finally, if they're claiming to have the definitive answers to life's mysteries, big red flag."
HpJaW517Gjo,HpJaW517Gjo.wav,data/HpJaW517Gjo.wav,One of the great joys about essentially being a scientist is that you can come across a point of view and you think I haven't thought of that and I found it happened to me recently I was reading a book it's a very old book now by David Deutsch who's is one of the the greats one of the founders of quantum computing and he made a point which I had heard before actually in a book called the anthropic cosmological principle by John baron frank tiff loe which is a huge influence on me the key point which is interesting is that it's not necessarily the case that life remains insignificant on a cosmic scale you shouldn't assume that because if life persists sufficiently long and becomes sufficiently knowledgeable and powerful then it may be able to influence larger structures not just planets and not just solar systems perhaps Pelicans and other small planets but also other big planets and also other and so on and beyond and there's also a number of other things that you can perhaps not just even galaxies. You almost say that life manipulates the universe such that it becomes immortal. And it's a very beautiful idea.
xMAnVnxChHg,xMAnVnxChHg.wav,data/xMAnVnxChHg.wav,"I distinctly remember in the early 1990s when I'd just come back from school in a grump. I don't know what it was about. I probably got a bad grade or I fell out with some friends. And my mum, who was a therapist, she said to me, choose your mood. And if you really want to irritate a teenager, what you should say to them is choose your mood. And only in hindsight do I realise that she'd probably just come back from a CBT refresher course. Because cognitive behavioural therapy is a hugely effective talking therapy, which was popularised by Aaron Beck and Albert Ellis in the 1960s. And what's interesting is if you put CBT next to stoicism, you can find a huge amount of similarities. The first is acceptance. So in stoicism, there's this idea that you have to accept that there are certain things in life which are beyond your control. For example, other people's opinions. What people think of you is beyond your power. So you just have to accept them. And the second question is, how do you accept that? And the second question is, how do you accept that? And the second question is, how do you accept that? And the second question is, how do you accept that? And the second question is, how do you accept that? And the third commonality is to do with rationality. And this is the idea that we can to some degree know ourselves. We can look in on our inner lives and recognise our emotions and our motivations. We can distance ourselves from our emotions and our feelings to look at them. And that distance is really important to stoicism and CBT both. And the third commonality between the two is what's called the gap or the space or the pause. And this is an idea popularised by Epictetus, but it forms the bedrock of CBT. And the world and our reaction there is a pause and into that pause we can choose how we are to react. Nothing in life is predetermined and we can decide how we will respond to the world. So my mum might have been right, I can choose my mood."
Dc-qLbh30D0,Dc-qLbh30D0.wav,data/Dc-qLbh30D0.wav,"I think this image is a bit of a metaphor for how a lot of us feel. We feel like hostages. We don't know what to trust anymore. We don't know what is real, what is fake. But we don't have to be hostages. It's useful to understand how generative AI works. Starting with billions of images, with a descriptive caption like this, each image is degraded until nothing but visual noise is left, a random array of pixels. And then the AI model learns how to reverse that process by essentially turning that noise back into the original image. I've spent the last 30 years developing technologies to analyze and authenticate digital images and digital videos. What we like to look at is whether the residual noise in an image looks more like a natural image or an AI-generated image. Those star-like patterns are telling us that there is a lot of noise in an image. That's a telltale sign of generative AI. Here is the noise residual that I've extracted, and there is that star-like pattern that you see in the bottom right. Our first suggestion that something may be wrong here. AI fundamentally doesn't model the physics and the geometry of the world. It tends to violate these physics. If you image parallel lines in the physical world, they will converge to a single point, what's called the vanishing point. Here in this image, I've annotated four parallel lines on the parallel side of the image. You can see the vanishing point on the sides of the wall in our basement photo, and you can see a lack of a coherent vanishing point. That suggests a physically implausible scene. Evidence number two. All right, what else can we learn? Surprisingly, shadows have a lot in common with vanishing points. Here I've annotated four shadows on the bottom, from the soldiers' shadows to their legs, and you can see that the lines aren't even close to intersecting. Not one, not two, not three, not four. Not two, but three anomalies. We now have a very good indication that this image is not authentic. While it may not be easy, it is possible to distinguish what is real from what is fake. Take a breath before you share information, and don't deceive your friends and your families and your colleagues and further pollute the online information ecosystem."
MyUm_vup0dA,MyUm_vup0dA.wav,data/MyUm_vup0dA.wav,"So we have this fundamental, it appears, length scale in the universe, 10 to the minus 35 meters, a Planck length, unimaginably small. How could you picture that? Well, take a proton. So a proton is pretty unimaginably small, although it's pretty big in particle physics terms. If you take a proton and expand it to the size of our solar system, so imagine that, the nucleus of a hydrogen atom, and you imagine expanding that to the size of our solar system, out to the to the orbit of Neptune, then something that's the Planck length would extend or expand to, let's say, a virus or a living cell. So the ratio in size between the Planck length and a cell, which we can just about see under a microscope, is the same ratio as a proton to the solar system. So it's unimaginably small."
J6Z89Wv0wlI,J6Z89Wv0wlI.wav,data/J6Z89Wv0wlI.wav,"Research shows that breakup leads you to experience a loss of self. So when you lose a relationship, part of who you are as a person goes with it. And it's bad. Don't get me wrong. It can be bad. But it's often not as bad as we think. Sometimes your relationship is impoverished. It lacks self-expansion. Your partner is not building up. They're holding you back, in fact. If you get out of one of those impoverished relationships, it's literally going to be addition by subtraction. This relationship is holding you back. By getting out of this, I'm going to now thrive as an individual. And this is exactly what we found in people in breakup. People who had gotten out of a low self-expanding, impoverished relationship, they reported a full range of positive emotions. They're relieved. They're calm. They're energized, confident, strong, happy. They're doing wonderfully. So when your relationship doesn't help you become a better person, ending it does. Because great relationships seldom fail. Bad ones do, as they should. They end because the relationships are broken. But it doesn't mean you have to be broken forever."
CwfEXpoD7_I,CwfEXpoD7_I.wav,data/CwfEXpoD7_I.wav,"There's probably people in this room that hate me just because I'm a Republican. There's people watching this that hate Matt just because he's a Democrat. That we're polarized, that we're driven to our corners by social media and the media. And I know Matt. I know his wife Lauren. He has three children. I'm halfway to Kevin Stitt. He's got six. That's right. You're not done yet. Don't tell my wife. Yeah. We just went to Switzerland together to study education and their model there and bring back these ideas about workplace, workforce learning and apprenticeships. But the thing is, I know that he cares about Delaware citizens. And I know he cares passionately about education and giving people in Delaware a better life. Just like I do in Oklahoma. So I think that it's not our job to change everybody's point of view. I think we need to lead and we need to ask ourselves this question. And we need to not just be so driven by polarized politics. And when you bring the humanity out in each other and when you spend time with people that think differently. And this idea that we can debate policy and we can still like each other. And we may have a difference of opinion on how to lead things. It's so refreshing. And that's why we love doing these type of things together. Showing that there's a Republican. And a Democrat that actually like each other. And we can disagree. But we don't have to do it disagreeable."
OVcZ1vyZgpY,OVcZ1vyZgpY.wav,data/OVcZ1vyZgpY.wav,"The classic sentence that an avoidantly attached person will say to their partner after a few beautiful weeks, a few mini breaks, a few lovely times, they'll go, this is feeling a bit too intense, and then they will withdraw. They'll pull away from a relationship because it's getting too intense. And really what they mean is, I'm so afraid of love, and the way that I deal with my fear of love is to pull away. It's not that the avoidantly attached person doesn't want love, they want love, they're just terrified of it. Why are they terrified of it? Because it didn't go well for them in childhood. Because love is a threat. If you've grown up in an environment where love was not possible, where relationships between caregivers and children were not safe, you will have defended yourself against the risks of disappointment. You will have insulated yourself. And then when love comes your way in adulthood, what you will do, again, against your knowledge, against your conscious knowledge, is make sure that love does not succeed. You will sabotage your own chances of a successful relationship. When it really becomes clear that love may work, that's when the traumatized attachment lover gets their sticks of dynamite out and starts to blow the foundations of the house up, so that they can return to the suffering that feels more familiar. What you need to understand is that in love, we don't look for what will make us happy. Absolutely not. We look for what feels familiar. For many of us, what is most familiar is a sense of not being loved properly, a sense of not being sure where we stand, a sense that someone may threaten us, a sense that someone may abandon us. That is our true home."
0vS9SPHkdcY,0vS9SPHkdcY.wav,data/0vS9SPHkdcY.wav,"If you're waking up with really awful tension headaches or your shoulders burning through, it could have something to do with your sleep posture. If you look at that position, which I'm going to show you, sorry, front row, the second you bring one leg over the other, you've now put yourself in what we call a provocative posture. So, a research from a very intelligent chap called Doug Carey out of Australia talks about the fact that if you go to sleep in a provocative posture, you are more likely to wake up with increased symptoms of pain. But let's not even go with references or worry about any silly clinical words that none of us, including me, really understand. When you bring one leg over the other, this hip now diagonalizes my knee. When I fall asleep, and this feels, by the way, comfortable, my shoulder's going to drop forward. And now, on face planting, there's only two positions I'd recommend. And I'm recommending this based on our experience. And I'm recommending this based on our experience in healthcare because these are the two positions we put our patients in for two to four hours at a time. So, we call them the soldier and the dreamer. Very simple."
5siGd7pxJCk,5siGd7pxJCk.wav,data/5siGd7pxJCk.wav,"Imagine one day, suddenly, you came face to face with a giant minotaur. He's half male, half bull. His skin is made of wood. He is walking as tall as a building. The city is a stage for him, and people are immersed in his world. These machines have no practical function ... at all. They tell stories for cities and their citizens, and they bring all communities together to create, perhaps, a new common ground. Our machines are poetic figures, and poetry has no business plan. But even if our shows are free, they generate great benefits for shops, cafes, restaurants and huge free media coverage for cities. No tickets, no fences. It makes the city creative and inclusive. For people experiencing a giant moving machine in their neighborhood, it can change the way they see their own city. The city is a place where you can be yourself. You can be yourself. You can be yourself. You can be yourself. You can be yourself. You can be yourself. You can be yourself."
sV-r08N3Ros,sV-r08N3Ros.wav,data/sV-r08N3Ros.wav,"How much of life had I been missing out on because of fear? Fear doesn't always mean stop. Sometimes, it means go. Here's an example. A couple years ago, I became obsessed with Harry Houdini and his deadliest trick, the water torture cell. Bound in chains, locked upside down in a glass box filled to the brim with water, Houdini would escape with a single breath. It became my mission to attempt this act to confront my fear of drowning. I needed a breath hold of three minutes. It may sound crazy, but under the right training and supervision, it is possible. But to get there, you have to push through the struggle phase. This is when, as carbon dioxide builds in your bloodstream, your brain thinks you're suffocating and sends signals to your diaphragm to cause violent contractions to force you to breathe. I failed at this edge. Until my coach told me, you can't muscle through. You have to surrender. And when I finally surrendered to the pain, I started noticing all these details I hadn't before. I noticed I was shivering, which meant I was burning valuable oxygen just trying to stay warm. My wetsuit felt a little too tight, so I actually wasn't able to get a full inhale before I went in. I started noticing all of these little changes that we began to make and address. And it made all the difference. Stripped of the emotional component, fear is simply information. It tells us exactly what we need to know in order to progress. And when we addressed all of these things, everything changed. Six weeks later, I escaped Houdini's trick in two minutes and 40 seconds."
cesx1-XaLb8,cesx1-XaLb8.wav,data/cesx1-XaLb8.wav,"The Wicked Witch of the West has green skin. She wears black. We are very familiar with the Wizard of Oz story that tells us the Wicked Witch of the West is evil. Beside her, Glinda sparkles in pink and glitter. These colors confirm who is good and who is wicked, or so we think. But when I read this script more closely, I realized Elphaba is intelligent. She's compassionate. She's misunderstood. Glinda, on the other side, isn't always kind. I wasn't designing stereotypes. I was designing questions. Who decides who is worthy of respect and who is shunned? Who decides who is cherished and who is ostracized? Who decides who belongs and who is cast out? As a black gay man, entering into a field that wasn't always comfortable with my presence, I know what it feels like to be othered, to be misjudged at first glance. Wicked isn't just about a witch. It's about anyone who has ever been judged without speaking a word. What makes someone wicked? It isn't the color of their skin. It isn't the story that we've been told. And it isn't what they wear. It's our perception. It's the costume we've been handed and whether we choose to believe it. My job, my joy, is in making you reimagine the answers to those questions. Because wickedness can be designed. And if it can be designed, then maybe, together, it can be redesigned."
4fJMAaSJLxQ,4fJMAaSJLxQ.wav,data/4fJMAaSJLxQ.wav,"I was the cinematographer on When Harry Met Sally for Rob, and we were shooting a night scene in Lower Manhattan with Billy Crystal, Meg Ryan, Bruno Kirby, and Carrie Fisher. So they came to the set, which was on West Broadway. They rehearsed the scene while reading from the script as they walked down West Broadway and then went back into hair and makeup while I lit the scene. I told Rob we were ready. The actors came back now knowing their lines, walking much faster, and they walked 50 feet beyond where I'm lit. I say to Rob, can you slow down their walk so they can stop where they did during rehearsal? Rob says, you know what, Bear? I don't want them to worry about anything but performance. Can you light it so they can stop anywhere? So I say, sure, give me 14 minutes. Now, here's something. Here's something else you should learn. Never give estimates in round numbers. By saying 14, 11, 17, or any other arcane number, you really sound like you know what you're talking about. So I lit another 67 feet. See where I went with that? 67 feet. Told Rob we're ready, and Rob says, well, will it still look pretty, Bear? Will it still look beautiful? I said, well, it won't look as beautiful, but now they can stop wherever they want. Rob says, we don't want not beautiful. We want beautiful. Where do they have to stop where it will look beautiful? Back where they stopped during rehearsal. Rob calls the actors over, says, guys, stop where you did during rehearsal. Slow down your walk. At that moment, I learned something. I let it be. Rob said, stop where you did during rehearsal. I let it be. It was Rob's decision to get what I wanted. So later that night, I'm shooting Meg Ryan's close up. Meg was great fun to work with, but she didn't always hit her mark. So tonight, with this new found information, I said to Meg, hey, Meg, it doesn't matter where you stop, but if you land right here, you look gorgeous. She hit her mark every time. So let it be their decision."
lETzDlWgq2o,lETzDlWgq2o.wav,data/lETzDlWgq2o.wav,"This is a little bit of sand from Maui. So sand is about a tenth of a millimeter in size. Each sand grain is about a tenth of a millimeter in size. But when you look closer at this, look at what's there. It's really quite amazing. You have micro-shells there. You have things like coral. You have fragments of other shells. You have olivine. You have bits of the volcano. There's a little bit of the volcano there. You have tube worms. An amazing array of incredible things exist in sand. Now here's a grain of sand that is from the Moon, and you can see that the entire crystal structure is still there. This grain of sand is probably about 3.5 or 4 billion years old, and it's never eroded away like the way we have sand on Earth. It erodes away because of water and tumbling air and so forth. All you can see is a little bit of erosion down here. The Sun has these solar storms, and that's erosion by solar radiation. So what I've been trying to tell you today is things even as ordinary as a grain of sand can be truly extraordinary if you look closely and if you look from a different and a new point of view."
L3AcHdBpUCo,L3AcHdBpUCo.wav,data/L3AcHdBpUCo.wav,"A third to a half of the population are introverts. A third to a half. So that's one out of every two or three people you know. So even if you're an extrovert yourself, you know, I'm talking about your co-workers and your spouses and your children and the person sitting right next to you right now. Our most important institutions, our schools and our workplaces, they are designed mostly for extroverts and for extroverts' need for lots of stimulation. Now to see the bias clearly, you need to understand what introversion is. It's different from being shy. Shyness is about fear of social judgment. Introversion is more about how you respond to stimulation, including social stimulation. So extroverts really crave large amounts of stimulation, whereas introverts feel at their most alive and their most switched on and their most capable when they're in quieter, more low-key environments. Not all the time, you know, these things are in absolute, but a lot of the time. So the key then to maximizing our talents is for us all to put ourselves in the zone of stimulation that is right for us."
ZK5vEyvTKKI,ZK5vEyvTKKI.wav,data/ZK5vEyvTKKI.wav,"Locking in new habits is hard. Sometimes it's easier to do the right thing for or because of someone else. I've found that when it comes to our wellness, it's when we honor the people we love that those habits not only become sustainable, but they can become life-changing. So my first experiment was Jen. She told me how she wanted to enjoy some more quiet time. I knew Jen's brother had died several years earlier, and I asked her how old he was when I didn't even finish my sentence, when she said, that's it, he was 40. For 40 days, I'm going to spend 40 minutes in my office meditating in honor of my brother Steve. We had lunch a year after Jen's commitment. She was still honoring her brother. Now who could you channel to give that habit more meaning and purpose? And what number? Could you apply to that person to not only give yourself a kickstart, but to maybe get a habit that will last you a lifetime?"
YkzA9zQ5NMo,YkzA9zQ5NMo.wav,data/YkzA9zQ5NMo.wav,"There are a few other ideas within complex systems theory that I think are particularly useful for understanding how our lives unfold, partly between order and chaos. And we're in the middle there. That's where complexity thrives. So the first one is called the sand pile model, which is a subset of what is called self-organized criticality, where you have a grain of sand and you add another grain of sand and another grain of sand and eventually you build up a pile. Now at some point the pile of sand is going to get so tall and so unstable it will be on what physicists sometimes call the edge of chaos. And at this point a single grain of sand can cause the entire pile to collapse. Now that collapse can be produced by something so tiny and yet have such huge effects that it explains the nonlinear dynamics of that system. This is something that I think we have engineered in modern society because of what are called basins of attraction. And a basin of attraction is where a system will tend to move towards this evolution of the system over time. A great way of thinking about this is traffic on the highway. If you are driving down the highway, there is a speed limit. The speed limit is a basin of attraction for that system. Not everyone is going to drive 60 miles an hour when the speed limit is 60 miles an hour, but most people will drive somewhere near it. Additionally, the cars are going to be roughly evenly spaced. Of course, there might be a jerk who's tailgating, there might be someone who's way far behind you. But for the most part, there's sort of this order that emerges from a lot of interconnected individuals driving cars producing a relatively predictable system. And that's supposed to be good for us because efficiency is the main driver of so much of our modern social systems. But this means that the basin of attraction for our world is on the edge of chaos. It's at the absolute limit of the sand pile so that when the sand falls, it's more likely to cause an avalanche."
CBoSHnbDSmI,CBoSHnbDSmI.wav,data/CBoSHnbDSmI.wav,"We know how to live. With all the challenges and the struggles and the hardships, Middle Easterns are very resilient and very hospitable. I love Buenos Aires. Makes every person feel welcome. But we do summer better than anyone else. This city explodes with activity. There's 10,000 things to do. It's easy to get around. People are lovely. An apartment that costs half what you're paying in Manhattan. Write your script very early on the process and then practice, practice, practice, and then practice again. Is what's something that you live by, that you feel other people need to hear or learn about? That message, share it with the world. It's that simple. Be of service. Focus on the service that you hope to provide, not on people's reactions to it. You can only control your intentions, not their reactions. Hummus. Argentine empanadas. Preferably shared around like a very long, noisy table with friends. Tavern-style pizza. Give deep dish a rest. We do not eat deep dish pizza on a regular basis because our hearts would explode."
O8ocrq7vruY,O8ocrq7vruY.wav,data/O8ocrq7vruY.wav,"AI, at least in its current state, is sort of like a really well-read but overly confident intern that's with you all the time. And I love that idea. The intern is only as good as the training it's got. And as the person who, again, is sort of behind the wheel. And I think that human in the loop part is so important that we're still going to need people. When you think about that, what are the things you think of that we're kind of always or at least for the foreseeable future, going to want a human playing a role in sort of like there's the things we'll let AI do and we'll let agents do. Where to you are the most important places for humans to still actually be a big part of the equation? Very, very good question. And, you know, I think everyone's going to be different. You know, clearly there's moments that matter where you need that human connection, you know, and it may be an emotional, it may be an emotional moment, it may be something that requires empathy. It could be something that's of massive significance that can't go wrong. So I think, you know, we're going to need that moment. But what's interesting is those moments that matter where there's a human, probably that human you're interacting with is leveraging AI. Right. You know, in some way to make them superhuman to help the problem that you have."
QyI7-6F3p04,QyI7-6F3p04.wav,data/QyI7-6F3p04.wav,"As far as our brains are concerned, laughing is like exercising, meditating and having sex at the same time, but logistically easier. Also efficient. It's efficient. Yes. The two of us are on a mission to bring humor back. Over the last decade, we've gathered data, partnered with comedians and talked to leaders about humor. Here's the problem, though. We've all fallen off a humor cliff. In a global study, over a million people were asked a simple question. Did you smile or laugh a lot yesterday? When we were kids, the answer is yes. Then, right when we enter the workforce, the answer becomes no. The good news is things look up again around 80. The bad news is the average life expectancy is 78. So this is not about becoming a comedian. This is about looking at the world in a different way. It's easy to believe that if we take our lives or our mission seriously, the presence of humor betrays that mission, and that's why we think levity are somehow at odds. But our research tells a different story. Leaders with a good sense of humor are seen as 27 percent more motivating. Their teams are more bonded and creative. Laughter shortens the path to connection as well. So when strangers share a laugh before a conversation, they end up disclosing more personal information. So they feel closer. Laughing together makes us feel more connected. It floods our brains with the same hormones associated with love. And who doesn't want to feel more joy, and that's what we're trying to do in our lives. Where humor exists, love is not far behind."
eLsDBcYlNmM,eLsDBcYlNmM.wav,data/eLsDBcYlNmM.wav,"How cool would it be if suddenly little lights would flow down from the ceiling, opening and closing, interacting with us like flowers? Project Shy Light became a process of years. We had to learn to build control boards, develop programming software, make mechanics move in an organic way with gravity and complex silk patterns. We had to become engineers, programmers, seamstresses, and choreographers at the same time. People responded to them with wonder and a smile on their face. It's not about that it moves. It's about how it moves. We are designed to be in a constant and dynamic interaction with our environment. Our body responds automatically to certain types of movements, movements we already know from nature. So why are human-built environments static? Nothing moves. Do we realize that this also starts... stops us from moving?"
HgenfWGtBow,HgenfWGtBow.wav,data/HgenfWGtBow.wav,"And my goal was always a seat at the table. It's what women are conditioned to believe success is. Now, I've been fortunate enough to sit at a few seats at a few different tables, and what I've learned is, when you get the seat, trying to fix the seat won't fix the problem. Why? Because the table was never built for us in the first place. Women are assigned 10 percent more work and spend more time on unrewarded, unrecognized and non-promotable tasks. Basically, what this means is all the things men don't want to do are being handed to women. A woman shouldn't be grateful to sit at a table. She should be paid to sit at a table. Especially ones she largely helped build. You can help create this future, a future where everyone is seated at the table equally, because girls are encouraged, empowered and expected to do great things. And I can't wait to make that a reality."
4iKQj1THwSM,4iKQj1THwSM.wav,data/4iKQj1THwSM.wav,"My doctors came in the room and told me, David, we've tried everything. There's nothing more we can do. But I was so sick, I didn't really know what my doctors meant. And yet here I was, literally dying from a disease that I'd never even heard about called Castleman disease. I had been waiting and hoping that some researcher somewhere would discover a treatment that could save my life. But in that moment, I realized that hope alone is not enough. I didn't have 15 years and a billion dollars to develop a new drug from scratch. So I began to study my own blood in the lab to try to find a repurposed drug for me. I discovered that a communication line to my immune system was turned into overdrive, and that a decades-old transplant drug might be able to turn it off. It had never been used before for my disease, but I was out of options, so I began to test it on myself. In the three years before I started serolimus, I nearly died five times. But since starting it, I've been in remission for over 11 years. And then in 2022, I co-founded EveryCure, a nonprofit organization that's on a mission to unlock the full potential of each and every drug to treat each and every disease that it possibly can. We're utilizing artificial intelligence to scan across the world's knowledge of all 4,000 drugs and all 18,000 diseases to find the most promising opportunities to save and improve lives. With every one of these discoveries, all I can think about is how many more life-saving drugs are sitting at our local pharmacies that could be life-saving for patients with diseases today."
SzhW6VYdhmA,SzhW6VYdhmA.wav,data/SzhW6VYdhmA.wav,"Why is life in 2020 better than life in 1920? And much better than life in 1820? And completely different than life in 1720? The answer has nothing to do with human psychology or biology. It's a story of technology. In 1720, there was no such thing as a vaccine. In 1820, there was no such thing as electricity. In 1920, there was no such thing as penicillin. In 1820, 2020 is better because we invented those things. And you know, sometimes I think liberals are very interested in, as I am, the concept of universal health insurance. I'm a huge supporter of universal health insurance. But I think if you're really honest about the value of universal health insurance, you'll agree that an insurance card today is valuable not just because it guarantees you access to a doctor, but because it guarantees you access to a doctor. Access to a set of therapies and techniques and medicines that had to be invented. Often very recently. I mean, the IV plastic bag was invented about 60 years ago. The oximeter, MRI, and CT scan machines, these are all inventions of the last few decades. In many cases, there are drugs available today in cancer, in type 2 diabetes, for obesity that are inventions of the last few years. The value of health insurance is contingent not just on the fact of health insurance, but on what health insurance buys you. And that's a story of science."
9WSrxJjHtSA,9WSrxJjHtSA.wav,data/9WSrxJjHtSA.wav,"How do we raise self-reliant kids who have initiative, are resilient, and can be problem solvers? I believe we do that by raising kids who can think and act entrepreneurially. Whether a child chooses to build a company or become an employee, it doesn't matter. Because every kid needs to learn how to think like an entrepreneur. And the sooner we do this as parents, create an environment at home where they have the opportunity in multiple occasions to challenge their beliefs about what's possible within them, to step outside of their comfort zone, to take risks, to learn from failure, to bounce back from rejection, then the sooner we'll put them on the path of living out their potential to lead very fulfilling lives. And that's what we're doing in Successful Lives."
F-2asQ1S8z4,F-2asQ1S8z4.wav,data/F-2asQ1S8z4.wav,"So, imagine. The crisis is still ongoing. The Latvian economy is contracting. Hardly anyone is hiring. And there we are, in this small, brightly lit classroom, a group of 15 people, working on lists of our personal strengths and weaknesses, our inner demons that we are told are preventing us from being more successful in the labor market. As the largest local bank is being bailed out and the costs of this bailout are shifted onto the shoulders of the population, we are sitting in a circle and learning how to breathe deeply when feeling stressed. As long as we have social policies that treat unemployment as individual failure, but we don't have enough funding for programs that give people real skills or create workplaces we are blind of the policy makers' responsibility."
Kc6cvBFoEzA,Kc6cvBFoEzA.wav,data/Kc6cvBFoEzA.wav,"We need other significant others. The reality is, any one of us is unlikely to have a spouse by our side until our last dying breath. Regardless of whether we are partnered now, we need to rely on more than one relationship to sustain us throughout our full, unpredictable lives. And there's an overlooked kind of relationship that we can turn to. Friendship. Joe and John have been best friends for many decades. When Joe was struggling with alcohol and drug use, John got him into recovery. And then John decided that to support his friend, he would also become sober. Joy took care of her friend Hannah during Hannah's six-year battle with ovarian cancer. And that included flying out to New York, where Hannah got specialized treatment. As I spoke to these people, I realized that I was not alone. I realized that they were at the frontier of friendship, helping us imagine how much more we could ask of our platonic relationships. And this is what I hope for all of us, that we feel like we have permission to share our lives with whoever we are lucky enough to find."
BZMeuAibs1A,BZMeuAibs1A.wav,data/BZMeuAibs1A.wav,"As a brand designer, I ask a lot of questions and practice empathy to understand from people their personalities and motivations behind the why of what they do to help them express themselves. But what happens when the experience you've been asked to design is death and the face behind that brand is your very own mother? This was the design challenge I was faced with last year when my mom was diagnosed with stage four cancer and she asked us to support her end of life. For many people, they don't get the chance to say goodbye the way that we did. For some, death is full of uncertainty and can often be a waiting game. This year, 30 US states are considering death with dignity. And what that means for actual legislation is unknown, but what is clear is that there are a lot more people who want to have a say. If you could design a world where death is a reality, what would you do? If you could design a world where death is a reality, what would you do? If you could design your own death, what would the experience be like?"
KQE4iB4EFOY,KQE4iB4EFOY.wav,data/KQE4iB4EFOY.wav,"After sending over 100,000 cold emails in the past three years, I've gotten responses from Mark Cuban, Sheryl Sandberg, and Ariana Huffington. Here's a format that I've found to be successful. Start with their name. Then use a line, I know that you're really busy and get a lot of emails, so this will only take 60 seconds to read. Next, use one or two lines to establish who you are and show credibility. And if you're saying to yourself, I have absolutely no credibility like I was a few years ago, talk about the rock stand you ran when you were seven years old. But tailor it to the person or company that you're emailing. Then, ask a very specific question. And end with a line, I totally understand if you're too busy to respond, but even a one or two line reply would really make my day. And if you still don't believe that this can work, I'm one step ahead of you. I created a fake profile, fake email address, and sent 50 emails to people who work for an NFL team. I came up with a marketing idea as a way to add value and use my job, internship, and GPA as credibility. Out of the 50 emails, 20 responded. Some connected Ava to their HR department or suggested submitting a resume. Others said to stay in touch. And the CEO of one team even said to let him know if she was ever in their city."
7aV8kHMS5yw,7aV8kHMS5yw.wav,data/7aV8kHMS5yw.wav,"Why don't we see life out there in the cosmos? You don't need any special knowledge to consider this question, and I've explored it with lots of people, and I've found they often frame their thinking in terms of the barriers that would need to be cleared if a planet is to host a communicative civilization. Habitability, that's the first barrier. We need a terrestrial planet in that just-right Goldilocks zone where water flows as a liquid. A-biogenesis, the creation of life from non-life, that's a second barrier. The ingredients are there, we just don't know how they combine to create life, and presumably there'll be worlds on which life doesn't start. The development of technological civilization is a third barrier. There'll be worlds where life doesn't give rise to advanced technology. Communication across space, that's a fourth barrier. There'll be worlds where, for whatever reason, civilizations either stay silent or don't spend long trying to communicate. But for me, the silence of the universe is shouting, we're the creatures who got lucky, and all those amazing things we dreamed aliens might have done in the past, that could be our future."
N02RQyg0qB8,N02RQyg0qB8.wav,data/N02RQyg0qB8.wav,"I'm a researcher studying emerging technologies and their societal impacts, and about a year ago, I started to notice the word consensus all over the tech industry. OneChatbot helps students summarize thousands of complex academic articles into simple consensus statements. Another tool helps businesses skim through the endless back and forth emails to identify consensus areas to save you time. Machine learning, which is how they all operate, is really good at identifying patterns. It can easily group information based on correlated characteristics. Correlation, the way machine learning finds connections between data points, actually stems from eugenicists, like Francis Galton and Karl Pearson. These scientists who believe that humans should be grouped and bred based on similar specific traits laid the groundwork for modern statistical methods that machine learning uses to analyze information. In other words, the assumption that segregation is ideal because it's, quote, natural, actually influences a lot of the data-driven insights we rely on today. While many of these tools may be useful in low-stakes environments, like the mundane summary of emails, I urge you to consider what is lost as technology tries to offer simple solutions to the inevitable complexity of human life, situations where we need to think much deeper than surface-level agreement."
8Nv8qjSSkJs,8Nv8qjSSkJs.wav,data/8Nv8qjSSkJs.wav,"Rejecting everything we've known about good relationships is the key to actually having one. What if we instead embraced their differences, our difference in values, and released the pressure of doing what everyone else is doing? It's OK to be a stay-at-home dad. It's OK if you prefer to travel without each other, if you need to have your own bedrooms so you can maintain personal space and be sane for each other. You want to break tradition and create a new last name. It's OK if you want to share your love on social media, but it's also OK if you want to protect it from public opinion. It's OK if you're in a season of life where you both just cannot prioritize sex. It's OK if people are confused about your relationship. It was never theirs to understand in the first place. If we continue to accept the narrative that relationships are hard, then we'll continue to do nothing about it. If our relationships feel hard, I encourage us to reflect on what is hard about it. Is it really the relationship, or is it external factors like our own personal trauma histories or work stress? If it really is your relationship, let's really think about what you and your partner are willing to do differently to enjoy it again. I want us to reject everything we've ever known about relationships and challenge ourselves to create a relationship that not only defies expectations, but honors the peculiarities that make us us. Subtitles by the Amara.org community"
4CIVpbv5L2o,4CIVpbv5L2o.wav,data/4CIVpbv5L2o.wav,"Korean dramas focus on the characters. What's resonating are these universal themes and messages, the rawness of humankind like hope, resilience, healing through adversity and traumas, to celebrating the joys and successes of our lives. Those are universal. I have a story also. A woman says, you know, I saw something and I realized that I hadn't grieved the death of my parents that died back to back five years ago from seeing the K-drama, Chocolate, which showcases not really grief, but it just hit her. Now by the process of what's called externalization, it's a therapeutic technique, you can see outside yourself when you're watching stories that have nothing to do with you, but actually everything to do with you, like your emotions, and get a new perspective of like, aha, wait, that's what I'm experiencing or that's why I'm there. You are able to separate yourselves through externalization by looking at who you are aside from the situation you're in, the problem, and you're able to gain a new perspective. That's what I see coming through K-dramas."
YNeMzfhJC38,YNeMzfhJC38.wav,data/YNeMzfhJC38.wav,"Let's start with two foundational elements of successful flirting. Presence and enthusiasm. To practice being more present, take deep breaths to ground yourself in real time, especially if you're feeling nervous. You can silently but powerfully communicate, using your body language, your openness to connection ... or not. So keep your phones down and your eyes up. Next is enthusiasm. By being enthusiastic, you have the ability to leave other people feeling good for having interacted with you. So once your vibe is right, here are three simple flirting styles you can start experimenting with. First is my personal favorite, and that is attentiveness or curiosity. So this looks like inviting connection by asking questions that inspire interesting conversations, like if money was no object and you could do anything, any job in the world for one year, what would you do? And then looking them in the eye, leaning in and listening to their answer. Next is compliments. In movies, the meet cute is the moment when two love interests meet for the first time. Giving a compliment is one of the best ways to have your own meet cute moment. So if you dream of meeting your person in person, lean into giving sincere and observant compliments as you move through the world. Last but not least is the flirting style of playfulness. Playfulness can look like anything from sending over a drink with a wink or making a corny but respectful joke like, I'm sorry, I was listening, but I'm just mesmerized by your radiance. Nuance and a dash of courage is required to flirt well, but practice prepares you to rise to the occasion. Attentiveness, compliments, playfulness, there's nothing complicated about these actions, yet they have the potential to spark and sustain connection over time."
E1JxAUmoxIY,E1JxAUmoxIY.wav,data/E1JxAUmoxIY.wav,"Well, hope can be quite perverted in the life of an addicted person in that there is this dogged insistence that what may have happened in the past may be very different the next time around. Last weekend may have been associated with terrible intoxication, getting in trouble with the neighbors and with the police. But this weekend, the hope is it'll be different. Or conversely, the hope is it'll be exactly the same as it once was long ago when there weren't these problems. And so hope continues to have this stranglehold on the person in as much as it can prevent the person from attending to what they might be doing that is deepening their suffering. There's this repetition of deeply painful things with the hope that it will provide respite the next time around. But there's yet a deeper hope of emancipation from all of this. And that kind of hope is what we speak to. When we're attempting to help the person, how we might allow the space for all that the person is yearning for through the addiction, the yearning for for peace, for intimacy, for freedom, for connection. How do we revive a yearning for them and a looking forward to something beyond the addiction, a recognition that the addiction has failed to support achieving these things? And yet we shouldn't give up hope that there's there's another way forward."
qgrsUrhsS6k,qgrsUrhsS6k.wav,data/qgrsUrhsS6k.wav,"most of my free time in these 10 years has been dedicated to make plastic bricks move. And this is all time that I will never get back. So I started to ask myself, is all of this wasted time? We're always being told to maximize our potential, to live life to the fullest. And oftentimes that seems to include not wasting our time. I mean, we like scrolling through social media, we like watching countless hours of television shows. But sometimes we might blame ourselves for that afterwards. These activities all offer positive side effects. Like you're learning about your friends online, you're maybe getting mentally and physically fit. And at the very least, these activities will allow yourself to rest and focus on something different. Wasting time remains a subjective term. And therefore, it is up to you how you want to view this term. Don't let it be negative or be guilty about it. Instead, be positive. Instead, be negative. Don't be happy about wasted time."
RfSiAKIRI7U,RfSiAKIRI7U.wav,data/RfSiAKIRI7U.wav,"So much of leadership is about doing things together and knowing when to get out of the way and asking for help. I've always found it hard to ask for help generally. And I think the other thing that's been really important is to build a really diverse team and understand what my weaknesses are, what our different people's strengths are, and find people that bring different skill sets, different knowledge, different approaches, different attitudes to the work to keep it dynamic and more, I think, more productive. How about you? What do you think? What's your leadership? How big is your team? So we've got about 50 people that are part of every cure. And then about 20 people. I think one part of having a really effective team is just assembling the right people to be a part of this really effective assembling mission driven people where like they are here to help patients. That's why they're here. They're not here for a paycheck. They're here to help patients. I think that's number one. So recruiting is so important. I think you put a lot of time into finding the right people. And the second thing is really being able to set that vision of what we're working towards and making sure just to constantly remind everyone of what that vision is. We recruited you to save and improve lives. You are the best person in the world to help us do that. You're the best person in the world to build our AI platform to help us save and improve lives. But it's always to save and improve lives. I think the third thing is maybe obvious, but I just think that over over communication is so important. I think that anytime you're facing big challenges like you're facing and like we're facing, there's so many cases where you could get misaligned on one thing or another, but just keeping the conversation going, continue to communicate, just being present with one another. And that's what we're doing. And that's what we're doing. Working together is so important. And that's challenging for my group and I'm sure for yours as well, because we are located in a number of different locations. And so you aren't always able to bump into someone over lunch. Right. You have to really be intentional about communication."
UWSdWxvBIXY,UWSdWxvBIXY.wav,data/UWSdWxvBIXY.wav,"My concern is that songwriters are at risk of becoming invisible victims of the change that is taking place. The music business is now a song economy, yet the creators of the songs that fuel it get the smallest slice of the pie. How did that happen? After ABBA had won the Eurovision Song Contest in 1974 with Waterloo, royalties suddenly came pouring in. And Benny and I could afford to write songs full time, nine to five, and made such a huge difference. We could afford to throw away 95% of what we wrote. Royalties simply gave us time and creative freedom. In my view, it is an obligation for collecting societies, who collect creators' royalties at source, to modernize and to adapt their technology to the digital age."
WzrIT-TpZwM,WzrIT-TpZwM.wav,data/WzrIT-TpZwM.wav,"I'd like to apologize to anyone in the room who considers themselves to be architecturally sensitive. What you're about to see may upset you. What the hell is a McMansion? I've narrowed it down to a couple of factors. First of all, they're oversized. This house probably has three media rooms, seven bathrooms with like a garden tub and a chandelier and whatever, but it doesn't have a front porch and I cannot find the front door. They are poorly designed. So that means there's no respect for form or scale or other things that people in architecture like to call the basic rules of architecture. Even worse, these poorly designed houses are cheaply constructed. So I'd like to point out that this is an engineering marvel. This is a house that is a wood frame covered in various different types of foam. And finally, they're disrespectful. The first step to good design is avoiding the bad, then you can design the good. And the first step to avoiding the bad is recognizing the bad. you"
xEzQd7OmbpU,xEzQd7OmbpU.wav,data/xEzQd7OmbpU.wav,"I think we should abandon niceness if we really want to enable excellence in our teams. Niceness is superficial and thin. We should prioritize kindness over niceness. Niceness allows people to ignore poor performance, to not give feedback, whereas kindness forces people to give calculated, granular, objective feedback, even when it feels really uncomfortable to do so. Prioritizing kindness over niceness means prioritizing the benefit and enhancement of others over personal anxieties or foibles. It means speaking up and speaking out to people in moments where you'd prefer not to. It means recognizing people in moments where it might highlight some personal insecurities. The temptation is niceness always in teams because it takes less energy. It takes less effort. It takes less purpose. It takes less personal conviction, whereas kindness is the opposite. Kindness requires empathy and embracing of what's difficult for you because you know it's better for the collective."
pO6frb5fOps,pO6frb5fOps.wav,data/pO6frb5fOps.wav,"Using the art of time lapse and slow motion cinematography, I can stretch our world view by capturing imagery that's either too slow, too fast, too small, or too vast for the human eye to see. Wondernaut drives us to explore because we're surrounded by things we can't see and that triggers our imagination leading us to the intersection between art, science, and technology. I believe in using digital nature as a bridge technology to reconnect people with the spirit and essence of their soul. And that brings us back to wonder, the portal that connects us to feeling love. We can awaken to the reality that this really could be heaven on earth if we learn to live in harmony with nature and love and protect our one and only home by creating a more sustainable and compassionate world for us and the world. Wondernaut drives us to celebrate life."
BPZ-tafmwaw,BPZ-tafmwaw.wav,data/BPZ-tafmwaw.wav,"The type of listening I practice and as I teach is really kind of beyond active listening all by itself. We even sort of refer to it sometimes as listener's judo because we're listening very carefully for certain things. We're listening for different aspects of what people care about and what they're against at the same time. People will reveal the negatives very much either between the lines, a little bit of the adjectives, and then also in every positive there's a flip side negative. Every negative there's a flip side positive. If I make it a point of talking about how I'm for integrity, then if you're making it a point to state that, then you've been betrayed in the past. That's been a problem for you in the past. There's a yin and yang to everything. And as soon as you realize that, that there's a negative to every positive and a positive to every negative, and you're listening for it, you can kind of pick out how you want to guide a discussion. Knowing that those are the things that you're looking for."
Jg244zo0S-s,Jg244zo0S-s.wav,data/Jg244zo0S-s.wav,"A lot of us are currently experiencing cognitive overload, and there are many reasons for that. One of them is that the world is changing fast, and we're trying to hoard as much information as possible to understand what's going on around us. Another one is that we're trying to be as productive as possible in order to keep up, again, with this world that keeps on changing. Because of that, we try to build systems, we try to stick to routines, and we try to go through very long lists of tasks, often ignoring our mental health in the process. In essence, there is a lot more to think about on a daily basis, but our brains haven't evolved. They're still the same that they were thousands of years ago. We're all staring at a giant leaderboard with social media, where we can see how other people are progressing, their success, and where we keep on comparing ourselves to each other. This creates anxiety because we keep asking ourselves, how am I doing? Am I doing better? Am I being fast enough? Am I being productive enough? Am I being productive enough? Am I being productive enough? Am I being productive enough? Am I being ambitious enough? What I call the Maximatist Brain is this belief that we have that whatever we do, it has to be the biggest, the most ambitious version of this goal. When we want to exercise, we decide that we have to go to the gym every single day. If we want to start writing, we decide that we're going to start writing a book. If we want to explore a new project, we decide that this has to be a startup. The problem with the Maximatist Brain is that it very often leads to overwhelm and burnout, and sometimes just completely abandoning our projects because they're just too big. Tiny experiments offer an alternative to this Maximatist approach, where instead of going for the bigger thing, you go for the thing that is most likely to bring you discovery, fun, enjoyment, and that is based on your curiosity rather than an external definition of success. When you're running a tiny experiment, you're not trying to do something big. What you're trying is just to learn something new."
gj-K_lu4wtA,gj-K_lu4wtA.wav,data/gj-K_lu4wtA.wav,"And this is a controversial exercise. It's a little dark, I'll admit. But Epictetus says, as you kiss your child goodnight, whisper to yourself, he may be dead in the morning. He may be dead in the morning. That's heavy, right? But it's important because what that does is it makes you present. A few years ago, a friend of mine, his name was Seth Roberts, he sent me an email on a Friday afternoon. I saw it, I said, I love Seth, but I'm busy, I'll get to this on Monday. The next day, he went for a hike and he fell dead of a heart attack. I never got to respond to that. I never got to talk to him that one last time, even though he reached out to me. You're often rushing, right? You rush through dinner with your spouse. You rush through your drive home. You're rushing, rushing, rushing. You got things to do, you got places to be. But what the Stoics would ask is, what are you rushing towards? They would say you're rushing towards death. You're rushing away from the people you love. And you're doing it so you can watch more Netflix or respond to more emails or play apps. Or you're rushing to your phone. So when you realize this, you slow down, you appreciate, you enjoy, you breathe in. You don't take it for granted. In light of our mortality, it's arrogant to blow people off, to ignore them, to defer till later, to make plans for the distant future. It's ridiculous."
IY2nsiSurBo,IY2nsiSurBo.wav,data/IY2nsiSurBo.wav,"It turns out now that the general view is that black holes do not erase information from the universe. We now think you could collect all that Hawking radiation and in principle put it into some quantum computer and reconstruct the information about everything that fell in. But the implications of that, it's profoundly exciting because it really does seem to be given us a glimpse of a deeper theory of gravity. So one view, and I emphasize that there are other views, we're at the cutting edge of research now, but one view is a field which has become known as emergent space-time. That space and time themselves emerge from what? From quantum entanglement, from some kind of smaller parts or pieces. We don't know the nature of them, but it does seem that there's a deeper underlying theory from which space and time emerge. That is what we call... the quantum theory of gravity."
XDD95Ek9_Yg,XDD95Ek9_Yg.wav,data/XDD95Ek9_Yg.wav,"Social capital is the value derived from positive connections between people. It is the hidden value in your network. People connect with who you are, not what you do. Replace the question, what do you do for a living, with what are you most excited about right now? Social capital is like a safety deposit box. If you want to take value, you have to first make a deposit. Bring value to your connections before you even think about asking anything in return. Knowing that there's a limit to how many relationships I can maintain, make every and one of those seats in my circle a scarce commodity. Audit your network and make room for the people you're about to meet. Make connections, bring them into your circle. Shower them. With value. Decide whether to keep them in your circle."
dVCbISK2IIs,dVCbISK2IIs.wav,data/dVCbISK2IIs.wav,"Women think that if they pick up a 20-pound dumbbell, that they will somehow look like Arnold Schwarzenegger. Now, I can tell you that it takes years of very serious training and steroids to accumulate that kind of look. Strength training meets you where you're at. The first day you're in the gym, you're not going to be doing a 500-pound back squat. It's about being stronger today than you were yesterday. But in the Journal of Exercise Science, they found for every woman that was using the free weight section of the gym, there was 27 men. Resistance training happens to be the only non-pharmacological intervention that has been consistently shown to offset these age-related declines in skeletal muscle mass, strength, and power. This cannot be achieved on a treadmill. The male bias in gym culture is literally everywhere. And it's time for us to counter it. All humans have muscles. Muscles make us healthy. Start lifting heavy things now. Nobody can do it for you. Literally. Your older self will thank you. Or if you are your older self, it's never too late. This is not about aesthetics. This is about health. And physically strong women are healthy women."
uI2Hq_sw8l0,uI2Hq_sw8l0.wav,data/uI2Hq_sw8l0.wav,"I'd like for you all to take a minute and think about a woman in your life. Maybe someone who's taken care of you. A mother, a grandmother, or a nanny, a wife, or a daughter. Now think about that woman in her later years at age 80 or 90. Women are making less than men over their lifetimes, and they lack tools like access to retirement savings accounts, safe and affordable credit, protection from predatory lenders, unbiased financial advice at key points in their lives, and tax benefits that subsidize savings and investment. As a consequence, more and more older women of color are aging in poverty. The solutions to the wealth gap are big and messy and complex, but they exist. And we can all start by inserting this topic into our personal and national narrative into our own narratives."
isbIXZnvwjs,isbIXZnvwjs.wav,data/isbIXZnvwjs.wav,"The problem was that my mindset was so focused on those numbers that I thought to myself, if millions of people weren't watching my videos, did my message even really matter that much in the first place? It's easier than ever to have millions of people listen to what you have to say with the click of a button. In sharing your message or goal, it is so easy to fall into putting it, into seeing how many people you can get in front of you, seeing how many people you can reach. And in doing that, you sacrifice your message and exploit it for fame and popularity. Instead, place your resolve in knowing that you have the very ability to impact one person and change their life, because you have the ability to change the world, but you also have the ability to impact one person who has the ability to change the world as well. And that is still so cool."
-Ei_53Ga9ZA,-Ei_53Ga9ZA.wav,data/-Ei_53Ga9ZA.wav,"Hart's Fact A, named after Michael Hart, is connected to the Fermi Paradox, the idea as to how come we don't see aliens out there if it seems like they should be out there. And Fact A in particular points out that there are no aliens on Earth right now. We don't see a civilization cohabiting the Earth with us. We haven't been totally colonized by an alien civilization. It appears to be a very lonely planet with just one civilization, which is us, living on it right now. What I like about Fact A is it's kind of indisputable. It's one of the hardest points we can really say in astronomy. I can't claim that a distant exoplanet doesn't have an extraterrestrial civilization on it, but I can be much more assured about the fact that we are not currently cohabiting the Earth with another alien civilization. I feel much more confident making that claim. And even that claim, as weak as that might seem, does put some interesting limits upon the behavior of other civilizations. It means, really, that... that an galactic civilization does not exist. That there is no instances of a marauding, berserker-type civilization that just decided to gobble up every exoplanet, every real estate it could find, and turn it into another colony for itself. Because if that had happened, the whole Milky Way would have been colonized by now and we wouldn't be here."
506iagPqa4g,506iagPqa4g.wav,data/506iagPqa4g.wav,"The term toxic masculinity has a lot of problems with it. But one of the problems with it is if you do like a two by two and you've got toxic, non-toxic, masculine and feminine, and then fill in those boxes, people will say, well, not all masculinity is toxic. There's non-toxic masculinity. Well, first of all, being not toxic is not a hugely aspirational goal for many of us. I didn't raise my sons and say, just think, boys, one day you might not be poisonous. Imagine a world where you're not toxic. So first of all, horrible framing, non-toxic. But then you say, OK, so what does non-toxic masculinity look like? And people will very often say things like, well, that's where you're more emotionally vulnerable, you're much more caring, you're nurturing. And then you say, and how is that different to stereotypical femininity, maybe positive femininity? And then they'll... They'll say, well, it isn't really. OK. So the danger is that non-toxic masculinity is actually just an empty set in that two by two. And then what you're doing is you're presenting boys and young men with a choice between being toxic and being female. And that's not a choice that many of us want to make. And it has created, I think, this cultural position we're in right now. The really difficult challenge here, and I'm finding it even difficult to talk about now, is how to articulate. How to articulate positive aspects of masculinity without in some way coming across as seeing it as better than or as elevating it. But let's be specific. It is true that men take more risks than women on average. Distributions overlap. But men have a high risk appetite or a less risk averse, if you want to put it that way. Is that a good or a bad thing about men? And the answer is yes. Yes, it is a good and a bad thing about men. It is good when it leads men to take risks to save the lives of others. And that is almost always something that it'll be men doing. It is good if it means that men are willing to take, say, some risks around business, which leads to success, et cetera. It is good if they're willing to sacrifice themselves from others. It is bad if it means that they blow all their money gambling, or they take crazy risks and end up drowning, or dying, or ending up taking drugs in a certain way. And so is it better to have a more stereotypically female approach to risk or male? And the answer is neither. We need both."
1O9WjWzvz9I,1O9WjWzvz9I.wav,data/1O9WjWzvz9I.wav,"There was one thing that I would think about every single day. Why I was in prison. Every day I thought about what freedom and democracy meant. And it was there in a cell, two by two, in solitary confinement that I really got to understand what freedom was. And it became clear to me that freedom is not about one thing. In fact, freedom is about the possibility of doing many things. It's the possibility to speak out, to express your mind. It's the possibility to move around in your country. It's the possibility to assemble with whomever you want to assemble, to pray to whomever you want to pray, to own property. And all of those things were taken away from me and from millions of Venezuelans. And it also became very clear to me that freedom is not about one thing. It's about the possibility of doing many things. It's about the possibility of doing many things. It's about the possibility of doing many things. And it was clear to me that freedom and democracy were two sides of a coin, were interdependent. I had a window and I could see through the crack of that window that there was a tree and in that tree there was a hawk. And I contemplated that animal for hours and hours. And one day a guard told me, because I always tell the guards about the hawk, he said, you know, the hawk is injured. Went to a barbed wire and is injured. And I said, bring it to me. And to my surprise, they brought it to me. Maybe because they thought it was going to die. And then one day after a couple of months, they came to my cell. They threw a blanket in the hawk. They took it away. Of course it affected me. But less than a day after that hawk was in the same tree. And it reassured me that it doesn't matter how low you are, how low percentage possibilities you have to succeed. There is. There is. There is always possibility to do so. So I now have that eagle here and I have it always with me as a reminder that we can always rise up to all of the challenges. So I ask all of you to stand up, to speak out, to do something about our freedom. This is our time. Think of 25 years and let's give our children a free world with human rights, democracy and respect for all. Thank you very much."
rrgaimzqRBw,rrgaimzqRBw.wav,data/rrgaimzqRBw.wav,"We've got these two ideas now that are not compatible with each other. Either we had a singular hot big bang that gave rise to the hot, dense, rapidly expanding state, or we had cosmic inflation that came to an end and gave rise to this hot, dense, rapidly expanding state. In science, there are always three things we have to look at together to say, can this new theory defeat the old theory? And the first one is, can it reproduce all of the old successes that the old theory did? The second thing is, well, we had these puzzles with the old theory that we couldn't solve, which were the horizon problem, the flatness problem, and the monopole problem. And inflation does a great job of solving all three of those, so two for two. But then you've got the third critical test. Can I make a prediction where the new theory will defeat the old theory? And the first one is, can it reproduce all of the old successes that the old theory did? And the second thing is, well, we had these puzzles with the old theory that the old theory did? And the first one is, well, we had these puzzles with the old"
BlrAZSlzbmI,BlrAZSlzbmI.wav,data/BlrAZSlzbmI.wav,"It's very, very difficult to tell the difference between a Microsoft and an Intel. Both added to the Dow Jones Industrial 25 years ago. And now when we look at the performance of these two stocks, they've gone in completely different degrees. The odds are stacked against you being a successful stock picker. And to put some numbers to that, let's take a look at professional mutual fund managers. In any given year, less than half of them beat their benchmark, meaning they're going to do better than the market. So that's telling us fewer than 50% are actually picking stocks better than just a boring, cheap index is performing. You take that one year and expand that out to five years. It turns out 80% of them fail to beat their benchmark. You take that to 10 years and it's over 90% net of fees and taxes. Less than one in 10 mutual fund managers beat their benchmark. And over 20 years, it's virtually nobody. And so understanding how much the odds are stacked against you as a stock picker is why indexing has become so popular these days. People have figured out, I'm not going to try and pick the next Nvidia. I'm going to buy all the stocks and that way I'm guaranteed to own that."
GOwiYO4KonM,GOwiYO4KonM.wav,data/GOwiYO4KonM.wav,"Today, only 6% of private sector workers are members of unions. With their decline in numbers came a decline in political and economic power, and the result? A significant increase in inequality, a significant deterioration in the possibility of a middle class lifestyle for this generation or the next, and a receding chance to own a home or afford retirement. We need unions to regain the power so that we can regain what we have lost, build a better future, and help forge democracies that are built on a decent basis. We need a decent social contract between citizens and government and among citizens themselves."
dMQHhaHLq7k,dMQHhaHLq7k.wav,data/dMQHhaHLq7k.wav,"I was not immunized against various diseases, including polio and measles, as well as influenza, HPV, hepatitis, and the standard vaccines someone my age would receive. And then this turned into a public story because I wanted to get vaccinated. I saw that the stories and headlines were pretty accurate for the most part. You know, after defying anti-vax mom, Ohio teen expresses why he got vaccinated. Pretty accurate, pretty true. And certain news outlets took it a little further. God knows how I'm still alive. Danger 18 finally gets vaccinated and attacks his anti-vax parents. So I did not attack my parents. That's not accurate at all. And, you know, really, my story was more about controversy. It was about how my mom was bad and I was good, and I was ripping her a new one. Not true. My mom, she was misinformed and misled by sources that convinced her that if she was a loving parent, she wouldn't vaccinate. My mom got a lot of her beliefs from social media, from Facebook, and from organizations that were allowing their place in the world to be a part of the world. And I think that's what's so important about this. You need to have a platform to push lies that were very dangerous. You need to make a personal decision for yourself to say, this is accurate, this is what's real, and these lies are not okay."
DHL6_DebL1Q,DHL6_DebL1Q.wav,data/DHL6_DebL1Q.wav,"Poverty is not a lack of character. Poverty is a lack of cash. The big question is, of course, what can be done? Basic income guarantee. It's a monthly grant, enough to pay for your basic needs. Food, shelter, education. And it didn't take long before I stumbled upon the story of a town that had done it, had actually eradicated poverty. This story starts in Dauphin, Canada. In 1974, everybody in this small town was guaranteed a basic income. The experiment had been a resounding success. The school performance of kids improved substantially. The hospitalization rate decreased 8.5 percent. Domestic violence incidents were down, as were mental health complaints. And people didn't quit their jobs. Similar results have since been found in countless other experiments around the globe. But let's talk about the elephant in the room. How could we ever afford a basic income guarantee? What they did in Dauphin is they financed it with a negative income tax. This means that your income is topped up as soon as you fall below the poverty line. And in that scenario, according to our economists' best estimates, for a net cost of 175 billion, a quarter of U.S. military spending, 1 percent of GDP, you could lift all impoverished Americans above the poverty line. And basic income is so much more than just another policy. It is also a complete rethink of what work actually is. And in that sense, it will not only free the poor, but also the rest of us."
t5BqFmvHRtc,t5BqFmvHRtc.wav,data/t5BqFmvHRtc.wav,"Being addicted to appreciation means being addicted to the recognition and enjoyment of the good qualities of someone or something, or simply wanting to have a better understanding of the world around us. Think about what that would mean for your day-to-day. And I know what you're thinking, too. Appreciation and gratitude, like, aren't we talking about the same thing here? No. These are two very different things. Appreciation is foundational. Gratitude is transactional. To show gratitude, you are actually receiving something. Appreciation is something that can just layer into everything that you are doing in just your existence on a day-to-day basis. It can be annoying to see life this way on such a consistent basis. Like, raining for the third day in a row? Maybe that's good for the reservoirs. That arch nemesis at work that is kind of like that person that gives you a pit in your stomach? That's somebody to understand better. Show up where they need. Show up where they need to be met. And then you have the upper hand in the relationship simply because you appreciated them more. Gratitude is actually just one of eight components that makes up what appreciation is. And simply by noticing things on a day-to-day basis, you can have this mindset of appreciation, too. The world is full of horrible, horrible things. Appreciation is not absolute. But when it comes to the horrible things in life, the more we can understand and appreciate what is happening, the more we can appreciate what we are capable of. And that's what we're doing. That's what we're doing. You're capable of when it comes to change together. Appreciation will make you happier on a consistent basis. It will bring more wonder. You will be more present. You will take less for granted when you show appreciation on a consistent basis. It will allow you to encourage others and see the differences between us as reasons to believe in each other."
qTAra6vdVDY,qTAra6vdVDY.wav,data/qTAra6vdVDY.wav,"What you see there is a CG ship, a computer graphics ship, added in post-production. But the rest of the background, that was live on the day on that LED wall, for all the departments to work together to create life in that scene and block these shots out. I don't know if you see those walkers in the background. You'll never guess. They were stop-motion animated. So it's a combination of the oldest technique in the book with the latest real-time computer graphics to bring an illusion together on the screen in front of the whole cast and crew. So now, perhaps you can figure out where the set stops and the LED wall begins in this frame. I've just held it there. Just maybe draw an imaginary line in your mind. Here, I'll show you the answer. Hopefully we fooled you. Our artists worked really hard to make it a seamless blend between the two. And now we can pop these LED stages up anywhere in the world when it's the right creative fit for a filmmaker. I was supervising Solo, a Star Wars story, and we thought, could we take what they'd done before and could we make the content high enough quality so you could point the camera directly at it? And we started making shots like this for the very first time. We shot Hyperspace in the cockpit of the Millennium Falcon, the DP, Bradford Young, there, and he invented this shot. We had shot Hyperspace tons of times before. But in the moment, he saw the light coming in and he realized this was a moment of hope in the film. So as he pans over to Han Solo, you can see the reflection of Hyperspace in Han's eyes. Just a beautiful collaboration between tech and art that elevates the storytelling and gives our artists new tools. That's what we love."
3cD0AMzflSQ,3cD0AMzflSQ.wav,data/3cD0AMzflSQ.wav,"I drank really heavily for a really long time. I knew it was too much and a problem for me, but I was like, yeah, but like, it's the only thing I like, so I'm not gonna like stop drinking. And then one day I was like, no, it's not that hard. Like, it's not the one thing I like. It's like, I think I'm just like willing to see what life is like without it. Deciding to get sober is a big thing. It's a huge thing. But another big thing that many people don't talk about as much is figuring out what your life looks like afterwards. When you cut something out, what do you replace it with? I just started doing anything that I still liked. I had like a few things that I liked doing that were not drinking, and I just did those a lot. Like, I knit, I watched ASMR videos, I watched TV, I read thrillers. Because it was like, it was like kind of real with myself. If I had just been sitting there with nothing to do, like the hands would just start creeping toward the line and be like, oh, you just might just let me. For a while I was going through this really dark, I don't know. A little sort of a rush. I had a rough time last summer. It was just like, I wasn't publishing anything, I wasn't doing anything. I was still drawing, but I didn't really know what to do with it. And I just like, I don't know how it happened, but I got this idea. I started drawing mermaids, like sketching mermaids, and then I started, I was like, what if these mermaids too had like a very mundane life? So she like started a newsletter about her mermaid life, but like her mermaid life was like really boring. So I started this whole mermaid newsletter. It has like 20 installments. She was single and had no children. I'm not even sure I believe in love. I think it's just like, being open to new experiences and retrying things. Like, just keep testing. Everything you think you know about yourself is probably not true."
ZAnLIXNbD9M,ZAnLIXNbD9M.wav,data/ZAnLIXNbD9M.wav,"We're in the age of chaos media, where anyone can have a voice, but the power still flows primarily to the platforms. But when you look closely, it is possible to see something new emerging. And when I look closely, I see the green shoots of a garden. This garden includes a new generation of media platforms that give more power to creators and consumers. It's an ecosystem that gives economic autonomy to independent voices, and it fosters direct relationships that are built on trust, instead of just putting everyone at the mercy of algorithms that maximize engagement and advertising revenue. Take Caroline Chambers. When publishers spurned her proposal for a cookbook deal, she took matters into her own hands. She set up a sub-stack, because she's a genius. She called it What to Cook When You Don't Feel Like Cooking, and she grew a community there to about half a million people. So when she did eventually publish that cookbook, it became an instant New York Times bestseller. Not because a publisher anointed her, but because of the genuine relationships she had cultivated with her readers. This shift has profound implications. In the garden, the media can become less about capturing attention and more about communication. It can become less about nurturing relationships. There can be more space for nuance and complexity in a world that increasingly resists both. And in the garden, biodiversity can flourish. There can be many more winners. There can be much better coverage of a vast multitude of niches. And everyone can play a role in shaping the culture they live in."
V8BKIkQlZLU,V8BKIkQlZLU.wav,data/V8BKIkQlZLU.wav,"Let me introduce you to my photography project, Dancers and Dogs. The unlikely internet sensation bringing smiles to millions of viewers worldwide. We knew that the images were cute and fun and made people smile, but what about Dancers and Dogs was connecting so deeply with people around the world? We have news, opinions, and stress constantly at our fingertips. What if in this day and age, people have not just a want, but a need for places online where they can go to experience inspiration and awe? Or a laugh? All of our contributions to society look different. I may not have known that this would be my path, but if my way of making the world just a little bit better comes in a fluffy, slobbery package, wrapped in pink ribbon, then I gladly accept my role as accidental joy maker."
B6k8NUCi6Ak,B6k8NUCi6Ak.wav,data/B6k8NUCi6Ak.wav,"Trans joy is not radical. First of all, I would say that trans joy is mundane. Early on, with my experimentation and exploration of gender, I used clothing to explore and test my sense of self. Now, my first experience of trans joy came from the most arguably mundane of purchases, a pair of black wide-leg trousers. Now, the polyester was so cheap that in low light, they created sparks. Yeah, I know. But I remember trying them on, and once the static wore off, I felt like the best version of myself. They were freeing, exciting, new. There's no blockbuster film coming out of those trousers. So as I said, trans joy is mundane."
2zmRzrnEnOI,2zmRzrnEnOI.wav,data/2zmRzrnEnOI.wav,"So the American Time Use Survey, which is an official government survey run by the Bureau of Labor Statistics, asks Americans every year, how much time do you spend doing stuff? How much time do you spend eating dinner? How much time do you spend working? How much time do you spend sleeping? And one question they ask is, how much time do you spend in face-to-face socializing with people who are outside of your home? And it's found that the average American now spends 20% less time socializing in person than they did just 20 years ago, and a record amount of time spent alone by themselves. I think this might be the most fundamental fact of American life that there is. You can debate all sorts of things about how the texture of American life and American values have changed. What you can't debate is the sheer, objective, existential fact that Americans are more alone than they are outside of their homes. More alone than ever. And that in many ways, we're choosing this aloneness."
LF10o6VRdCY,LF10o6VRdCY.wav,data/LF10o6VRdCY.wav,"I was midway through my surgical career. I found that I'd flattened out. I wasn't getting that much better. I wasn't really getting better at all. It struck me that I might consider getting a coach. I asked one of my former professors to come to the operating room and observe me. I had done a couple thousand of these. Thyroid cancer procedures, it had gone extremely well, took about just over an hour. He'd been sitting in the corner taking some notes. He had 20 minutes of things to tell me about. Did you notice that the light that was shining in the patient's wound had drifted off course and you were only getting indirect light? I noticed your elbow goes up in the air and if you move your feet a little to the left, that'll allow you to keep it down to your side so you're always in full control. It was amazing. That's the difference between a teacher and a coach. A teacher is gonna make, deposits of knowledge or skill, but not necessarily see your performance in an ongoing way. Helping you walk through the process of change and improvement is the role of the coach."
g1L42P6rGQY,g1L42P6rGQY.wav,data/g1L42P6rGQY.wav,"Imagine you get a call from one of your parents, and if neither of your parents are alive, imagine finding and opening a letter you hadn't seen until that moment. OK, walk through this with me. Here's the call. Hey, I know this sounds out of the blue, but I've been thinking a lot about your childhood, and I think there were a lot of moments that felt really bad to you, and you were right to feel that way. Those moments weren't your fault. They were times when I was struggling, and if I could have gone back, I would have stepped aside, I would have calmed myself down and then found you to help you with whatever you were struggling with. I'm sorry. And if you're ever willing to talk to me about any of those moments, I'll listen. I won't listen to have a rebuttal. I'll listen to understand. I love you. I don't know many adults who don't have a fairly visceral reaction to that exercise. I often hear, why am I crying? Or, listen, that wouldn't change everything, but it might change some things. So if that imagined exercise had an impact on you, imagine the impact an actual repair will have on your child."
QqWB0Ttttq4,QqWB0Ttttq4.wav,data/QqWB0Ttttq4.wav,"Gambling is a great example of an area where there is a real gender difference. And on average, men are much more likely to become addicted to most things actually, but especially to things like online gambling. And there are all kinds of reasons for that about the dopamine system, especially among young men, etc. And this kind of high that you get from the reward of kind of a bet paying off, etc. There's a reason why this is predominantly a problem among men, which is men are more vulnerable to that particular kind of risk, that particular kind of addiction. There's something else going on here too, which is the get rich quick thing as well. And online, there's a bit of a culture around like men need to get wealthy, they need to do it quickly, they're not going to work, you know, they're not going to do it slowly through the labor market. And that actually isn't just about gambling. That's also things like crypto, it's things like day trading, etc., which is the sense of China wanting to get wealthy fast. And of course, you know, there's a lot of other things that are going on in the world, like the world of gambling, and the world of money, and the world of money. And I think that's a big part of the problem. And I think that's a big part of the problem. Because almost nobody can get wealthy fast. That's incredibly unlikely. If you are going to get any kind of wealth, it's going to happen slowly through working and saving. But I think there's a real problem among young men, which is like, they don't want to work for like corporates, they don't want to climb the upper labor market, they don't want to start in an entry level job and work their way up. Not when there are these sort of very shiny objects online, especially that could make you rich quickly. And it is a little bit like a fishhook. It's some like, it's a shiny object kind of in the water. And you go, oh, and that's going to make me wealthy, it's going to solve my problem, and you grab it, and then you are hooked. And those algorithms and those online platforms are just very good at playing into that higher risk appetite among young men, especially risk taking, but also into this cultural sense that a lot of young men have of wanting to get rich quick. And of course, there are examples online of men who've done that. And who've managed to get a lot of wealth very quickly. They are the exception that proves the rule, but it's a beguiling story for sure. And I worry a lot actually, that we have overdone the importance of entrepreneurship in recent debates. We've got entrepreneurship, that's how you're going to, we need more entrepreneurs. And that's how you get out of poverty, if you're a young man. And that is almost certainly not true. What will get you out of poverty is a good education and then steady rising up a career ladder. But nothing, as I just said, sounds exciting to a young man. And I understand why it doesn't. And then along come the shiny fishhooks that can catch them in the waters that they swim in now, which is obviously online."
Omb6foc616g,Omb6foc616g.wav,data/Omb6foc616g.wav,"So one of my favorite stories from this book is the story of penicillin. Penicillin was famously discovered in 1928 by the Scottish scientist Fleming, and it was discovered famously by accident. Fleming was returning to his lab after a vacation, and he had been researching bacteria and saw that in this little petri dish where he was holding the bacteria, something seemed to have flown in through the window and landed in that dish and liquidated the colony. And when he went under the microscope to figure out exactly what had done it, he discovered that it was a mold from the genus Penicillium, and so he named the product itself penicillin. But let's say you took the story of penicillin 13 years forward in the early 1940s, and you stopped the clock and say 1942. Only five human beings in the history of this medicine had ever been tried with penicillin, and two or three of them had been tried with penicillin. And two or three of them had been tried with penicillin, and two or three of them had been tried with penicillin, and two or three of them had been tried with penicillin. So if you would stop the clock in 1942, you would say, this clearly isn't a medicine that's going to do anything for anyone. It's just, it's just hit a dead end. And the problem was that the scientists who were working on penicillin couldn't grow it in sufficient batches to test it in people. And so they went from the UK, which was submerged in war in World War II, to the US. And they got really, really lucky. Because just as they took penicillin to the US, the US had started this program called O.S. R.D., the Office of Scientific Research and Development, which was launched by FDR to coordinate all technological and scientific innovation during the war. They found a way to grow penicillin at scale, to test it at scale. And three years after scientists took penicillin to the US, we had grown it to the extent that the death rate from bacterial illness among American and British soldiers declined by a factor of one in the US. And so, the US had to do something about it. And the President figured out that penicillin PR was not for science. The truth is, the power of penicillin , this technique in mu- SOMETHING…. … sort of leads us to what what you're most Etc. Real我的 ut soil f idea from zero to one. Implementation is how you take an idea from one to one billion. That's the story of penicillin. It's a story of scaling."
7TFyBnSTFqk,7TFyBnSTFqk.wav,data/7TFyBnSTFqk.wav,"Our labor market has changed over the past several decades due to globalization and de-industrialization. Some of the jobs and areas that used to be fairly male-coded, male-centric are now kind of gone. And then when you look at wages, they basically stagnated, especially for men, everywhere except the top. Then we're seeing issues in education. Title IX allowed many more women into the educational sphere. But now you're seeing a sort of flip from men earning most of the college degrees to women doing the same. And then you get to the domestic sphere. 34% of young women approximately say that they're single. Nearly 63% of young men say that they are. More women than men say that they're finding trouble finding a partner who live up to their standards. And almost 50% of women say that they earn as much as or more than their partner, which is a huge shift from just a few decades ago. And men are struggling to find what they're doing. And so, you know, there's a lot of work to be done to make sure that they're places in the new arrangement."
OkTOV3MERak,OkTOV3MERak.wav,data/OkTOV3MERak.wav,"It is very hard for the human mind to deal with conditions of uncertainty, and in modern life there's a lot of it. Sometimes we are given tasks or challenges, and the truth is, tactically, we just don't know how to do it. Increase sales by 30 percent. Well, how? There's a lot of ways you could do it, you're not sure how. Sometimes it's easier, frankly, to just double down and keep doing more of what you're already doing. That might not be the best answer, but it's an answer, and it removes uncertainty. The picture gets even worse when we're talking about existential questions, when we're talking about uncomfortable matters that we might not actually really want to deal with. That might be, am I in the right job? It might be, am I in the right career?"
Jvzb5jCT-vo,Jvzb5jCT-vo.wav,data/Jvzb5jCT-vo.wav,"When my friend Doug Conant took over as CEO of Campbell's Soup Company in 2001, the company's market share had just dropped in half. Sales were declining, lots of people had just been laid off, and within nine years they were setting all-time performance records and racking up awards, including Best Place to Work. How did he do it? On day one, Doug told employees that he was going to have high standards for performance, but they were going to do it with civility. For Doug, it all came down to being tough-minded on standards and tender-hearted with people. Civility lifts people. We'll get people to give more and function at their best if we're civil. Incivility chips away at people and their performance. It robs people of their potential, even if they're just working around it. What I know from my research is that when we have more civil environments, we're more productive, creative, helpful, happy, and healthy. For Doug, it was a huge step for him. He was a great mentor, and he was a great mentor for me."
mp7D5dGTWX0,mp7D5dGTWX0.wav,data/mp7D5dGTWX0.wav,"Procrastination has become a little bit of a dirty word, and that's because we have just been through hundreds of years of moralization around productivity and work. Being productive means that you are a good, useful, helpful contributor to society. In a way, we have all agreed to tie our self-worth to our productivity. And so not being productive means that you're being lazy, you're not contributing, you're not being useful and helpful to society. Because of the efficiency worship that we have developed in our industrial age, we are now seeing procrastination as a character flaw rather than what it is, a signal that is worth listening to. This has propped up an entire industry of productivity, whether it's online courses telling you how to manage your life and your time and how to make the most of every single minute, templates for you to track all of your tasks, wearables to tell you whether you've been using your time in the right time and making sure that you're not missing any notifications. Even if at a personal level you don't feel like productivity is the most important thing you want to optimize for, it's very hard to resist the sirens of our society telling you, you must be more productive. As a result of this society that keeps on telling us that we need to be productive to be a good person, whenever we find ourselves procrastinating, we just try to ignore it. We push through using our willpower and we feel self-blame and self-judgment. Instead, there's a very simple tool that you can use whenever you experience procrastination. A tool that is based on self-discovery, on thinking like a scientist and trying to understand what those signals are. This tool is called the triple check, and it's about asking yourself, why am I procrastinating? Is it coming from the head, from the heart, or from the hand? If it's coming from the head, it means that at a rational level, you're not fully convinced that you should be working on that task in the first place. If it's coming from the heart, it means that at an emotional level, you don't think this is going to be quite fun or enjoyable to work on. And if it's coming from the hand, that means that even though at a rational level, you feel like I should be working on this, at an emotional level, you feel like that looks like fun, at a practical level, you feel like you're not equipped with the right tools or you don't have the right resources in order to get the job done."
wm8D8GrxuM4,wm8D8GrxuM4.wav,data/wm8D8GrxuM4.wav,"When you are young, it is quite important to have a fairly fluid personality because you are constantly being put in mildly or extremely threatening situations like going to school, forming friendship groups and the rest of it. You've got to know that you can play well with others. And that involves persona to a degree, you know. However, I would be interested in my own life to make the move from persona to presence. Now, the big question, of course, that you're asking is what what on earth is presence? What does it mean when you say somebody has a lot of they didn't say much, but they had presence. I had a feeling from them and the people that have the most presence have often made a covenant with limit somewhere in their life. They have decided that rather than. An endless pursuit of growth, they're going to trade some of the growth for depth."
rEJhJj0eLm4,rEJhJj0eLm4.wav,data/rEJhJj0eLm4.wav,"How do we leverage the technology revolution? How do we employ the state to address all the challenges I've just spoken about? Rising inequality, the climate crisis, demographic aging. For some, the answer is a universal basic income. My proposal instead is universal basic services, UBS. These are services which are universally available, free at the point of consumption, and paid for through progressive taxation. I propose four of these universal basic services. Health care, housing, transport and education. Housing, well, because you can't focus on long-term problem-solving or making something of yourself if you have to move every 12 months. Health care, because the basis of everything else is physical and mental well-being. Education, because you can't be of service to a community if you don't have skills, and we need to start acknowledging that an educated society is a public good. People training as dentists, as midwives, as engineers, hey, as accountants. Society needs that. We need to get those people with those skills to not just thrive, but to survive. Transport, because you can have the skills, you can have the housing, but location can remain a constraint on access to opportunity. It's time we lived up to those glorious words, life, liberty, and the pursuit of happiness, and recognized that for the majority of the global population, the pursuit of happiness is impossible. It's downright illusory, unless they have the skills, and they have access to universal basic services."
UOIKYvl558w,UOIKYvl558w.wav,data/UOIKYvl558w.wav,"I need you to rethink what a fingerprint is. It is not just a pattern of lines. It is a pattern of lines made up of molecules. What molecules? Whatever our body produces, metabolizes, and then eliminates through sweat. For this study, we asked the donors to actually swipe a fingertip on a surface. And we were looking at proteins, and we discovered that the protein profiles between men and women are different enough, and we can tell them apart with 86% of accuracy. I realized that some of these proteins actually were already reported in the scientific literature as biomarkers of breast cancer. Let that sink in. Fingertip smears, or smudged fingerprints, contain proteins that might be able to tell whether a woman is affected by breast cancer or not. And we all had the same two images together in our mind. We had a mammogram versus a swipe of a fingertip. We trained a machine learning algorithm to recognize the protein patterns coming from women with early breast cancer, benign, and metastatic. OK? And we found out that we can tell them apart with 97.8% of accuracy against the 70% to 90% accuracy of a mammogram. Of 135 samples, we spotted every time a woman had cancer."
tlhask6WrMc,tlhask6WrMc.wav,data/tlhask6WrMc.wav,"In the future, we will all have the option of having our stem cells banked ahead of time so that any time you need new neurons, new muscle cells, new skin cells, they'd be generated from this bank. I realized that instead of doing this tedious process of stem cell culture by hand, we could use lasers to remove the unwanted cells. Take some blood cells, put it in a cassette, add chemicals to those blood cells to turn them into stem cells, like always. The machine identifies the unwanted cells and zaps them with a laser. After repeated pruning, you end up with a perfect culture of your stem cells, ready to be banked and used at any time. With this technology, we can finally realize the true potential of stem cells. On-demand, functional cures made from your cells. Cures that your body won't reject. Cures that truly ... truly work for everyone."
fVEsPruv_Kc,fVEsPruv_Kc.wav,data/fVEsPruv_Kc.wav,"Like most children's shows, bluey episodes appear to be centered around some kind of life lesson. There's no shortage of moral teachings for kids and for adults. We see the adult characters making mistakes, getting emotional, learning all kinds of lessons of their own. You can imagine how reassuring that would feel for a first-time parent or a teenager heading into adulthood. In the episode Baby Race, Chilly, the mum, speaks openly about her experience with overthinking parenting and comparing herself to the other mums around her. She says she'll never forget receiving a visit from her friend Bella, a mother of nine who's learned a thing or two. Bella listens to Chilly's troubles and tells her, there's something you need to know. You're doing great. These words are spoken to Chilly on screen, but they aren't meant only for her ears. And it's interactions like these that set bluey apart from the average kid's media."
LuZluTCeEkM,LuZluTCeEkM.wav,data/LuZluTCeEkM.wav,"If someone is following you late at night and you're feeling worried, anxiety makes you want to walk faster and find the nearest store so that you can get inside for safety. However, if you take anxiety to the extreme and it starts arising in situations which don't pose a real threat, then that's when you might have an anxiety disorder. It's no surprise that anxiety disorders have been linked to heart disease because they can damage the circulatory system. They can also damage the brain. That's why if someone says anxiety is not a big deal, the scientific evidence shows that actually it is. Today I'll be talking about three ways to overcome anxiety. And build the relationships you want."
c7rtbTnmnzI,c7rtbTnmnzI.wav,data/c7rtbTnmnzI.wav,"Rejection therapy was this game, and it's basically the idea is for 30 days, you go out and look for rejection, and every day you get rejected at something, and by the end, you desensitize yourself from the pain. I said, you know what, I'm going to do this, and I will film myself getting rejected 100 days. I went to a burger joint, I finished lunch, and I went to the cashier and said, hey, can I get a burger refill? And he was all confused. I was like, what's a burger refill? I said, well, just like a drink refill, but with a burger. And he said, sorry, we don't do burger refill, man. So this is where rejection happened. I could have run, but I stayed. I said, well, I love your burger, I love your joint, and if you guys do burger refill, I will love you guys more. And he said, well, okay, I'll tell my manager about it. When you get rejected in life, when you are facing the next obstacle or next failure, consider the problem. Consider the possibilities. Don't run. The people who really changed the world, who changed the way we live and the way we think, are the people who were met with initial and often violent rejections. These people did not let rejection define them. They let their own reaction after rejection define themselves."
mPk4XcB4yjI,mPk4XcB4yjI.wav,data/mPk4XcB4yjI.wav,"We experience both on pretty much a regular basis, according to statistics. Many people see it as a kind of continuum, with stress being maybe a less serious version of trauma, and trauma is sort of at the other end of the spectrum. And that's not entirely wrong. A stressful event is something that is challenging to you in the moment. It could be trouble at work, trouble in interpersonal relationships. It could be an illness or coping with really any of a number of things. When most people talk about a traumatic experience, they're talking more in the order of life threat, interpersonal violence, childhood abuse, combat, being in a natural disaster. So clearly there is a range of challenging events with trauma being at the other end of the spectrum. But the differences go even deeper. And I think that's much more important than that. Because when we talk about a stressful situation, once you remove the stressor, or the thing that is giving you the symptoms and the angst or the challenge, usually you don't feel under the influence of the stressor anymore. You can relax and say things like, well, that was stressful. I'm glad that's over now. I mean, in fact, when you used to go to a physician who used to tell you you were under too much stress, you were under too much stress. And so the solution to that problem was removing the stressor. But I think with trauma it's different because the effects of trauma can remain with you. Even after the event is in the rearview mirror, even if there's no active threat, the person who perpetrated the violence is in prison, the war is over, you've fully recovered and rebuilt your house from the natural disaster, you can still feel the effects and you can still feel the pain. And so the way that I like to think about a traumatic experience is an event that really divides your life. It's a watershed. And it's an event that will continue to be experienced by you in some way or continue to have some major presence in your life, even though it is in the past."
Fvg9sUgqbXc,Fvg9sUgqbXc.wav,data/Fvg9sUgqbXc.wav,"A few years into my chef career, I just realized the complete absence of indigenous food. As the U.S., we're like food capitals of the world, right? We have some of the best restaurants in New York City, in Chicago, in L.A., and zero indigenous restaurants that are focused on the land that they're sitting on, which is kind of insane. But I think what's most damaging for us and why we don't have a lot of indigenous restaurants out there was the loss of our education. Because this whole generation, like my great-grandfather's generation and my grandfather's generation especially, like those generations should have been getting the full extent of indigenous education. They should have been learning everything their ancestors intended them to learn. You know, how to fish, how to hunt, how to gather, how to identify plants, how to live sustainably utilizing plants and animals around us. But instead, we went through a really intense assimilation period. And for us, we just want to get this food back into tribal communities especially and make people healthy and happy and break a lot of the cycle of, you know, government reliance on food, and huge rates of type 2 diabetes and obesity and heart disease because of this low nutritional food base that the government's been feeding us for too long. You know, and we just need to think about how we can adjust and make a better lifestyle. If we can control our food, we can control our future. And for us, it's an exciting time to be indigenous because we are taking all of these lessons from our ancestors that should have been passed down to us, relearning them, and utilizing the world today with everything it has to offer and becoming something different."
a6Mr9sdiAbI,a6Mr9sdiAbI.wav,data/a6Mr9sdiAbI.wav,"The anthropologist Margaret Mead wrote that in every known human society, we have relied on the learned nurturing behavior of men. And this behavior being learned can be fragile and can disappear quite quickly. I think that's exactly right. I think there's something about the learned nurturing behavior of men. I think we've had to always had to find ways to help socialize and integrate men into our community and kind of family life in very different ways at different times. We've had to adjust and update our view about the role of men, depending on the conditions of the society at the time. And I don't think we're any different to that. We've got to update our model of manhood, masculinity, whatever language you prefer, for this new and much better world of gender equality. But we've also... We've also got to make sure that we continue to send the message to men. We need you. We need you. So we, the tribe, not just anyone needs you. And we need, not it would be nice to have you. We'd like you, but need. And not just anybody, but you. So this is not the community would like some people to show up. This is we need you. And it's a very specific call to men. As fathers, as leaders. As community members. And again, we can have a long argument about why that is. But it seems pretty clear now that unless we can find a way to send a message to men that we need you, that they are much less likely to show up. We see that in the figures around volunteering. I just signed up myself for Big Brothers Big Sisters. And there is a much longer waiting list for boys in Big Brothers and Big Sisters than there is for girls. Because... Because... Because now we have a lot of women. About three quarters of the volunteers are women. But they try and match. They just don't have enough male volunteers. You see in the 20s and 30s in particular, this huge gender gap in volunteering. You're seeing just not enough men showing up in these civic institutions in a way that they did in the past. And that's a huge problem for those institutions. You can't run co-ed youth organizations unless you have at least some males. Unless you have some men. We need men. But it's also, I've really come to believe, is a problem for men too. So we have this weird situation where we have this huge lack of men volunteering, coaching, being a mentor, for example, on the one side, and over here we have a huge number of men who are a little bit lost and lacking a bit of purpose. And that has got to be a solvable problem. We've got to find a way to signal to those men, we still need you, we need you to come do this, we need you to come do that."
2Y3IjmFERcM,2Y3IjmFERcM.wav,data/2Y3IjmFERcM.wav,"I want to argue that when it comes to living a satisfying and meaningful life, agency is actually much more important than the things we usually think about as critical to success, like intelligence and hard work, both of which are next to useless if misapplied and which are becoming less and less important as we increasingly outsource them to machines. I want to share some of the tactics I've learned for becoming more agentic. First, assume everything is learnable. Learning to be more optimistic or curious. I think most traits that people treat as fixed are actually quite learnable if you both believe that they are and put the same kind of effort into learning them that you would anything else. Second, court rejection. We spend our lives carefully avoiding it, but if you're only aiming for things you get, you're doing yourself a disservice. In fact, sometimes you have to aim for things that feel unreasonable to make sure your instinct about them and your instinct about what's reasonable is right. Last time I was applying for a job, I told a couple people, I'm thinking about starting an organization much like your own. Can I run yours instead? A little delusional, maybe, but the thing is, sometimes delusional works. Third, seek real feedback. Pretty much every one of us has something holding us back that we're completely blind to and that's obvious to other people. Don't you want to know what that is? The single best way to find out is to give people a way to tell you anonymously. I know that might sound scary. It was to me at first. But it can also be exhilarating. No matter how stuck you are, if you can learn to locate the doors hidden within you, you can unlock inconceivable kinds of freedom."
5du1Vx0Ed-A,5du1Vx0Ed-A.wav,data/5du1Vx0Ed-A.wav,"There's a big difference between a show like Adolescence becoming a big Netflix hit for people watching it and governments, as the UK government has, proposing showing that in every secondary school. Then it's a matter of policy and therefore I think it becomes an issue that we should pay more attention to. And there's a real danger that you take something that's fictional and assume that it's more true to life than it really is. It can create a moral panic. It can make many parents fear that they're kind of inadvertently raising a monster, which is almost certainly not true. So the good news about something like a show like Adolescence is that it draws attention to some of the kind of risks online, some of the more reactionary figures online. That's good. It's good. Parents should be thoughtful about that. But the downside is that it can run into this common problem we have when we're discussing the issues of boys and men, which is that they're just, you know, a couple of clicks away from becoming kind of an incel, you know, violent criminal. And that's just not true. And the presumption that that might be about to happen can actually shut the conversation down."
YrZqeJLJzpM,YrZqeJLJzpM.wav,data/YrZqeJLJzpM.wav,"A question I get a lot is, why did you start doing parkour? And I say, why did you stop? We were all natural athletes when we were kids. Remember the days where you jumped puddles, climbed trees, balanced on curbs and played floor is lava? Those are the fundamental movements and mindsets that lead to parkour. Somewhere along our way, we lost our sense of adventure and play, but the good news is it's never too late to rediscover. Parkour helps me with my anxiety in cities. Coming from an island lifestyle, urban environments felt confining and stressful. Cities are designed to funnel you into certain pathways, often blocking the most direct routes with walls and handrails. By always taking the sidewalks and stairs, you end up moving in autopilot without even noticing. Parkour changes this. You get to reinvent your environment and move with more meaning. What once appeared as obstacles now appear as opportunities for movement and play. This paradigm shift allows you to approach life in a more positive and proactive way. In our busy, structured adult lives, we often forget the joy of the spontaneous movement and exploration that we experience as kids. With parkour, everyday objects start to seem like a playground again. While parkour has evolved into an extreme and competitive sport for some, at its roots, parkour is for everyone, and it can enhance our physical fitness, mental resilience and overall well-being. So the next time you walk around your city or town, think of how you can move, play and rediscover the joy of overcoming obstacles."
sKXMEhFXpmI,sKXMEhFXpmI.wav,data/sKXMEhFXpmI.wav,"The thing that really compounds over time with your kid is connection. I love strategies and scripts and little hacks here and there, but the truth is the only strategy you really have with your kid when they get older is connection. And this is one of my biggest issues also with timeouts and sticker charts. I've seen too many families where there's a 16-year-old who stops going to school. They're like, you can't make me. Or they're doing really, really dangerous things. And they never quite say this, but they kind of do through their behavior. I'm too big to put in a timeout. And I don't give a fill-in-the-blank about stickers. And you have spent 16 years not connecting to me or getting to know me, and there's really nothing between us. And that's terrifying. The only thing that makes a 16-year-old listen to your wool about a curfew or tell you that you're a 16-year-old is that you're a 16-year-old. The only thing that makes a 16-year-old tell you about something pretty messy that they need help with at school or with friends is that they feel connected with you. And it's never too late to build connection, but connection compounds. The work we put in when our kids are younger to talk to them about hard things, to understand that they're upset about something that wouldn't upset us, that compounds in a massive way when our kids are older, and connection is really the only thing between us."
5H3GIjHqyZ0,5H3GIjHqyZ0.wav,data/5H3GIjHqyZ0.wav,"In 1961, Adolf Eichmann found himself in court. Eichmann was one of the orchestrators of the Holocaust. And in the court was the philosopher Hannah Arendt looking in. And what she noticed was something peculiar. That this was not a Disney villain. This was not somebody who looked monstrous. This was a boring bureaucrat. And she asked herself, how is it that a whole nation of people, just like Eichmann, could turn themselves to do something so horrendous as the Holocaust? A lot of Arendt's work is discussing what are the ingredients necessary for a society to turn towards totalitarianism. And she comes up with two answers. The first answer is that a society has to feel disconnected and fragmented. People don't form any communities, and any sense of community has to be decided by the powers that be. The second factor is that all of the problems and fears of your society are because of some external force. It might be Jews, but it might be communists. It might be any foreigners. It's some shadowy other who's causing you to feel this way. From there, Hannah Arendt asked the question, how is it that someone like Eichmann, could become part of the Holocaust? And in her book, The Human Condition, Hannah Arendt believes a human needs three things to flourish and to thrive. She says we need action, labour, and work. Labour is what we might call the everyday drudgery of just getting by. It's washing yourself in the shower. It's cleaning dishes. It's getting the kids to school. It's just ending the day as you started. The second is work. And this is where we feel we're giving back to society. It might be that we're producing something in a factory, or we're providing a service to someone as a banker or an accountant. But the third and arguably most important is action. And this is where we feel as though we're part of the political forum. We feel as though that we have a voice and our voice is heard. That we can discuss with other people our political opinions, and they can discuss theirs with us. What Hannah Arendt argued is that totalitarianism and Nazi Germany denies people action. It denies them a sense of meaning and a sense of joining something bigger and being part of the day. And that's the essence of the discussion. So when Hannah Arendt watched Adolf Eichmann in court, she wasn't watching a fully realized human being. She was watching a drone. He never questioned himself because he was denied access to himself. He only had targets to meet and promotions to get. And he was only following orders because orders were all he had."
XsC-PNXXv0s,XsC-PNXXv0s.wav,data/XsC-PNXXv0s.wav,"Most people report not liking the sound of their voice recording. And I believe that this has to start with understanding that we have more than one voice. You have a different voice for every person you talk to. If I take a little snippet of your voice and I analyze it, I can know whether you're talking to your mother, to your brother, your friend or your boss. All of that is the voice other people hear when you talk. So why is it that we're so unfamiliar with it? Why is it that it's not the voice that we hear? So to perceive this voice, it first has to travel through your ears. And your outward voice travels through the air, while your inward voice travels through your bones. This is called bone conduction. And because of this, your inward voice is going to sound in a lower register and also more musically, harmonically than your outward voice. And there is a certain mechanism taking place here. It's a mechanical filter. It's a little partition that comes and protects your inner ear immediately. It means each time you produce a sound. So that also reduces what you hear. And then there is a third filter. It's a biological filter. Your cochlea, the part of your inner ear that processes the sound, is made out of living cells. And those living cells are going to trigger differently according to how often they hear the sound. It's an habituation effect. So because of this, as your voice is the sound you hear the most in your life, you actually hear it less than other sounds. say, Think it. , Listen this for a moment or so. Yin, Chu Ta. Yi, Gu La Oh , You're in check out my first Global Mjem services. First 이후 M Wedding Business Woche Dus, every Wedding A Monetet"
uWoa-gsGtaw,uWoa-gsGtaw.wav,data/uWoa-gsGtaw.wav,"Everybody talks about becoming a better person, but I feel like everyone is skipping step one. And step one is to see yourself exactly as you are, with no change and with no judgment, no matter how seemingly ugly. Years ago, when I was in Alcoholics Anonymous, we used to introduce ourselves by saying our name and then saying that we're an alcoholic. My name is Ian, and I'm an alcoholic. It's a radical acceptance of oneself. My name is Ian, and I struggle with self-judgment and self-criticism. I'm 30 years old. I still get pimples. I have crooked teeth. In the past, I've struggled immensely with porn addiction and substance abuse. In my romantic life, I have severe anxiety and trauma. I've never been in a long-term relationship. I've learned that if you struggle with self-love, the answer isn't to try to love yourself harder. Love isn't a matter of effort. It's a matter of awareness. It's a matter of letting go of all trauma. It's a matter of trying."
WD_oaDjEQMg,WD_oaDjEQMg.wav,data/WD_oaDjEQMg.wav,"I think it's important to say that there aren't different rules of the game in the subatomic world and the world that we observe. And it's pretty well understood, I would say it's well understood, how the world that we see emerges from this rather strange but well-defined behavior that we see in the subatomic world. Now we have an increasing number of quantum technologies that are really based on this behavior, the quantum computers being a good example. And so you see that this is not just something that you can say, well, we don't need to think about it really because it's in the world of atoms and it's all a bit whatever and we can just do some calculations because we're using that behavior now in technologies. And so it really does become an important theory to try to to understand."
VaJLgrui7B4,VaJLgrui7B4.wav,data/VaJLgrui7B4.wav,"What does research tell us about how we actually feel in environments deprived of color? White, while often symbolizing purity, can overstimulate our senses in large amounts, causing discomfort, problems with focus and concentration, and even headaches for some. So why is this the color that we still use in hospitals, psychiatric institutions, and schools? Gray, associated with neutrality, can lead to emotional flatness as our perception of color becomes muted. It's also a favorite in public spaces. We transform buildings, streets, offices, schools, and homes. By breaking free from the grayscale and embracing color, we create spaces where people feel, more alive, more connected, and more harmonious, happier. What kind of world do you want to wake up to? One drained of life and energy, or one that reflects the richness of nature? The very colors that make us feel at home in the world."
_p7DIoKVJ1g,_p7DIoKVJ1g.wav,data/_p7DIoKVJ1g.wav,"Every book has been written by a unique personality. All of the stories that we love have been written by somebody with their own quirks, ideas and methods. In this clip, the writer Elif Shafak outlines the two different types of novelists. Broadly speaking, there are two different ways of writing novels. One part is a bit more like engineering. It's a bit more mathematical in which the author wants to know how the story is going to finish, what each character is going to do in the next five chapters. So they have it quite planned out. I admire that. I respect that. But it's not my way. It's not my path. I like the second path in which you're a little bit drunk as an author. You don't quite know what you're doing and you're not necessarily walking a linear path. Stories never follow linear paths. So I don't write in that linear, structured, very well planned way. But one thing I do, whatever I write about, I want to make sure I do my homework well. So I write. I read about every little thing. I think about it. I take notes. I try to listen. I try to learn. Just open up my heart, my mind. And then there comes a moment when you can take off, when you can fly. And from that moment onwards, I think it's only your intuition that guides you. And I love it when my characters surprise me. I love it when I don't know where I'm going because if that surprise element is there for me, hopefully it will surprise the readers as well."
oeIlwzlLMMA,oeIlwzlLMMA.wav,data/oeIlwzlLMMA.wav,"And here's the scary part. Most of us think we can outsmart it. We believe it when we say things like, I don't see race, or I just hired the best person. The research shows that we all have a bias against women leaders. We just don't know it. So what's the antidote to being a senseless, intolerant bigot toward women leaders or anyone else? Just mentally flip whoever you're dealing with for someone else to test yourself. Like here. I made a slight change to this slide. I flipped the photos. Does anything on this slide feel weird? Flip it to test it. If it feels weird, you might want to check yourself. If we all started to flip it to test it, we might just be surprised at how often we would choose to behave differently. Because what if you're missing an opportunity to see the world? Well, okay. You can get rid of it a little bit. You can choose to treasure it a little differently. If you wanted to get rid of it just as quickly but a little bit, you spoke about something else. You spent it in fashion about something that you can't live without but you can't relive. And it was surprisingly bombing for me and it happened. And so now I actually go to the designing room and trouble-分鐘 people. I remember getting throws down in class. It wasistem routine moving me all this time. And I thought, wow, how did we get it started this way? It was unbelievable. And the premise was two."
TEcJJ28Z0IQ,TEcJJ28Z0IQ.wav,data/TEcJJ28Z0IQ.wav,"Is peace in Gaza coming soon? Well, we're closer than we have been at any point since the war broke out in October two years ago. Enormous effort has been put into place by the United States, by President Trump, to get both sides together. A 20-point peace plan has been in principle agreed to by the Israelis and by Hamas, but the devil is, of course, in the details, and they do not line up on everything yet, at least not in terms of exactly how all 48 hostages would be released and for what conditions, exactly how Hamas would disarm, exactly what Palestinian governance would look like and Hamas's willingness to be no part of that, and of course, exactly what Israeli withdrawal looks like. That's a lot on the agenda to get from here to yes. I am more hopeful than I've, than I've been in two years, but that doesn't make me quite hopeful. That's where we are."
Dq371RFmbnU,Dq371RFmbnU.wav,data/Dq371RFmbnU.wav,"Here on Earth, we take for granted that the ingredients needed for life are everywhere. But this was not always the case in the universe. You need a star that's going to provide a source of energy for life. You need a rocky planet. We think you need liquid water on the surface of that planet with a thick enough atmosphere and the right temperatures to keep it that way. Without heavy elements, elements like carbon, oxygen, nitrogen, phosphorus, and more, we were not able to make rocky planets around those first stars. It takes millions or maybe even hundreds of millions of years of cosmic evolution to bring about the first generation of stars, to have them live and die, and to have them make enough heavy elements so that when you form stars, they will have the chance to have rocky planets with heavy elements around them. Then you need enough time to pass for that planet to cool, to have a stable surface, so that any chemical bonds that form aren't immediately destroyed by having too much energy. Chances are, at least several hundred million years, and maybe even a few billion years, were required for all those key ingredients to finally form. Because even with so manyquila they dropped, we still need to build this building, and really have new Allison objects there. Why so few reacts directly into the galaxy's atmosphere, and not willst to really possibly be哽ut in place? Well, what I can say is some��یeni, and you need to travel twenty thousand years to get in for that one thing that lies within 50 million years of favorite planets. What would you say about the cosmic season? Well, the 90-200 bastions we have in the solar system is maybe the best time for New York until all aliens have already exploded and if you rappled with a million趣eens,"
kFDVqBqqEnE,kFDVqBqqEnE.wav,data/kFDVqBqqEnE.wav,"I was four years old when Pearl Harbor was bombed on December 7th, 1941 by Japan. February 1942, the President of the United States, Franklin Delano Roosevelt, ordered all Japanese Americans on the West Coast of America to be summarily rounded up with no charges, with no trial, with no due process. And I became very curious about my childhood imprisonment. I'd read civics books that told me about the ideals of American democracy. And so I engaged my father after dinner in long, sometimes heated conversations. He told me that our democracy is a people's democracy. And it can be as great as the people can be, but it is also as fallible as people are."
n9tg6-ZZuUU,n9tg6-ZZuUU.wav,data/n9tg6-ZZuUU.wav,"So how much of a day-to-day influence on our social lives does the immune system actually have? A lot more than you might think. The inflammatory response is your immune system's first line of defense against injury or infection. And it's coordinated by these molecules that are called pro-inflammatory cytokines. Decades of research in both animals and humans clearly shows that cytokines also cause changes to our mood. And to our social behavior. So inflammation in the body can signal to the brain to cause us to feel down, depressed, and even hopeless. Inflammation can also make us want to socially withdraw from other people. To avoid interacting with individuals in our social networks. So this research shows the powerful influence that the immune system can have on our mood and on our social behavior."
NMfZ4ePmJks,NMfZ4ePmJks.wav,data/NMfZ4ePmJks.wav,"I'm going to give all of you my tips, my tricks on getting people to expand their palate and try wild vegan foods consensually. Alexis Nicole Nelson. Just out of the blue, I got a message from Ted. Do you want to give a Ted Talk? I thought it was going to be scary, but you're met with all of this applause. You immediately can see all of the faces that are really honestly excited to hear what you have to say. Everyone wants you to be so successful and they want to learn from you. Now foraging is the art slash science of identifying, collecting and eating wild food. When I was getting mic'd up, it was comforting and surreal at the same time. I did a lot of theater in college, but preparing to go and say my own words. I didn't think I looked nervous. I apparently looked very nervous. Thank you guys so much. Getting to see the other speakers and how invigorated they were and how excited they were and how well their talks went made me feel a lot more secure about mine and washed all of the nervousness away. Made me feel a little bit silly for how scared I was. Happy snacking. Don't die."
Hz00x3FAD1E,Hz00x3FAD1E.wav,data/Hz00x3FAD1E.wav,"Why does the feeling of time distort depending on the situation, our level of focus, our emotional state? It turns out that there are sensory neurons in our heart that fire signals to our brain to inform it about the state of the body. But they fire only at a time when the heart contracts and they remain silent when the heart is relaxed. So the brain and the heart are in a constant rhythmic dance. Every beat makes the brain step into an active mode, priming us for action. And between the beats, the brain steps back into perceptual mode, priming us to take in information. What we found was that stimuli that occurred during heart's contraction were perceived to last shorter than stimuli that occurred during the action. So we found that stimuli that occurred during heart's contraction were perceived to last shorter than stimuli that occurred during heart's contraction. between the beats when the heart was relaxed. What this means is that the momentary state of the heart caused time to contract and expand within each heartbeat. It shows that perception of time is an embodied experience. It might be constructed in the brain, but it is molded by the body. Maybe that slowing of time you feel when you're bored is there to actually expand your perception and allow your mind to wander to something new."
aOdaKzE8v-4,aOdaKzE8v-4.wav,data/aOdaKzE8v-4.wav,"These passive-aggressive notifications are really good at getting people to come back because they feel like our green owl mascot has given up on them. Because all our notifications come from our green owl mascot, and, well, he's passive-aggressive and also pretty pushy. This has given rise to a lot of memes on the internet that make fun of just the great lengths that he will go through to get you back to learn a language. Here's one of my favorite ones. This is a meme. It's one of my favorite ones. It basically looks like you forgot your Spanish lessons, and then there's an intruder, presumably the owl, broke into your house to get you to learn a language. There's thousands of memes. There's SNL skits about it. And it's because we've managed to get people to want to learn a language by using the same techniques that mobile games and social media use to get people engaged. When you're learning something, you get meaning out of it. Whereas when you're scrolling for two hours on Instagram, a lot of times afterwards, you feel like you just wasted your time. So I think it's actually okay. It's okay if your educational product is only 80 or 90% as engaging as something like TikTok, because the other 10 or 20% will be provided by people's internal motivation."
oea9KJtKejI,oea9KJtKejI.wav,data/oea9KJtKejI.wav,"Video games have surprised me in so many ways. From schools creating a sense of belonging for kids who wouldn't otherwise have that, to teaching them skills for their lives that they will use for the rest of their lives. From my dad playing with us growing up, and me playing with my children. I didn't just learn about the game. I learned about them. I learned about the connections that they make together, and the way they communicate while they're playing these games. And maybe, the most importantly, I learned this is the connection that I've been craving as well. I feel like we played and connected in a way that not a lot of teens and parents get to connect. Because we connected through play. When I speak of eSports, people come out of the woodwork to share their stories with me. Not stories of sitting in a basement and chugging energy drinks. Stories about connection. That's what brings this all together. The state of sports. The state of South Dakota this year sanctioned eSports as a high school activity. This is important because these kids are not just playing. They're practicing. They're practicing and gaining skills that they will use for the rest of their lives. Skills like leadership, teamwork, communication, strategy, and the ability to handle tough emotions. It doesn't matter your age, your background, or your ability. Anyone can play, compete, grow, and win in eSports."
Tiw2yT3P2ys,Tiw2yT3P2ys.wav,data/Tiw2yT3P2ys.wav,"The pace of technological and societal change has accelerated massively. We feel like we cannot rely anymore on those traditions and institutions that used to give us a sense of stability. It's become increasingly difficult or maybe even impossible to know what skills we should invest in in order to build the careers of the future. And to make it worse, we have infinite access to information which makes us feel like if we just keep on reading, on listening, on watching, we might get that key information that is going to give us finally the sense of elusive certainty. This modern environment is anxiety-inducing. When we experience uncertainty, our response very often is to try to get as much information as possible. The problem today is that it's become really, really hard to know the difference between information and knowledge. Information is just a piece of data. It could be valid, it could be not valid, it could come from any kind of source. It's not a matter of whether you're a scientist or a scientist. It's a matter of whether you're a scientist or a scientist. It's a matter of whether you're a scientist or a scientist. It's a matter of whether you're a scientist or a scientist. It could be based on different contexts and circumstances that we're not aware of. And by consuming all of this information, we might actually not take action to go in the real world and collect our own data, our own knowledge that would be much more helpful in order to make our own decisions. The less control we have, the more we seek it. And that may take a lot of forms. For example, trying to consume as much information as possible, just so we feel like we have the sense of clarity as to what is going on. That could also look like sticking to the safe path, the more obvious one, where we feel like we understand all of the parameters. Or sometimes that could even look like doing nothing, because we're too afraid to do something dangerous."
443yrCLHf8s,443yrCLHf8s.wav,data/443yrCLHf8s.wav,"English is taking over. I can tell that we're getting to the point where a question is going to start being asked, which is, why should we learn foreign languages other than if English happens to be foreign to one? I think there are a lot of reasons. One reason to learn them is because they are tickets to being able to participate in the culture of the people who speak them, just by virtue of the fact that it is their code. Second reason. It's been shown that if you speak two languages, dementia is less likely to set in, and that you are probably a better multitasker. Bilingualism is healthy. And then, third, languages are just an awful lot of fun. Much more fun than we're often told. So for example, Arabic. Khataba, he wrote. Yaktubu, he writes. She writes. Uktub, write, in the imperative. What do those things have in common? All of those things have in common the consonants sitting in the middle, like pillars. They stay still, and the vowels dance around the consonants. Who wouldn't want to roll that around in their mouths? Languages have different word orders. Learning how to speak with different word order is like driving on the different side of the street if you go to a certain country. So for example, the cat in the hat comes back. One phrase in it is, do you know? Do you know where I found him? Do you know where he was? He was eating cake in the tub. Yes, he was. Fine. Now, if you learn that in Mandarin Chinese, then you have to master it. You can know, I did where? Him. Fine. He was tub, inside, gorging cake. No mistake, gorging, chewing. That just feels good. Imagine being able to do that for years and years at a time. I highly recommend that you teach yourself languages other than the one that I'm speaking. It won't change your mind, but it will most certainly blow your mind."
MMROADcKEfg,MMROADcKEfg.wav,data/MMROADcKEfg.wav,"A book desert is an area or a community with limited access to books and reading materials. I slowly realized that I wasn't going to meet my neighbors who needed most inside libraries' walls. So I quit my job and took to the streets, becoming a radical street librarian. It's a term I use to refer to anyone doing work to increase literary access outside of traditional settings. In case you're wondering how to be a street librarian, here's what you can do. First, be radical. Share books in extraordinary ways and think outside the box. Perhaps host a block party book swap or a story time at a local laundromat. Second, be street. Connect with your neighbors. Talk to people in your community. And third, embody the spirit of a librarian. Get your library card. Match books to readers by considering their interests and experiences. I believe everyone is a reader. They just haven't found the right book yet. excerpts from Encountering Logic Part ."
mKkXUV343PQ,mKkXUV343PQ.wav,data/mKkXUV343PQ.wav,"Did you let an app make all of your decisions for you? That is precisely what TEDx speaker and engineer Max Hawking did for two years of his life. He programmed an app to start making decisions for him to break him out of the repetitive decisions he was making on a regular basis. At first, he just used it for small things like what to have for dinner or what music to listen to, but then he tried out something bigger. He used this app to figure out where he should live for months at a time. Paradoxically, giving up control to this machine actually made me feel more free than when I was making choices. Because I discovered that my preference had blinded me from the complexity and the richness of the world. And following the computer gave me the courage to live outside of my comfort zone, to discover parts of the human experience that I ignored because they were too different or not for me. I love his point about how giving up control can be a challenge. It can make you feel freer. I would definitely try it, not for two years though, but what do you think? Would you let a computer program make your next move? Let's discuss in the comments."
nCSexSgcIuI,nCSexSgcIuI.wav,data/nCSexSgcIuI.wav,"Dude, I got that. I walked on the set of Days Confused on Thursday night in the summer of 1992. And there were three lines written in that script for my character. And I wasn't supposed to work that night. I was just doing a hair and makeup test. And Richard Linklater comes up and circles me. He's like, yeah, right on, cool. All right, this is Wooderson. Yeah, you got it. And I go, all right, man. He approves. And I go to say goodbye. And he goes, hey, hang on a minute. I got this girl, Marissa Rabisi, who's playing the redheaded intellectual over here. And she's got her kind of nerdy friends in the car. You think Wooderson would maybe go pick her up? I'm like, yeah, man, Wooderson likes all kinds of chicks. Boom. Next thing you know, I'm in the car getting a lob there, Mike. We go up. Opening of that scene, I say those three words. And they were three affirmations of what my character did have. He had his car. He had rock and roll. And he had a doobie, the Slater. And he was going to get the car. And he had the fourth thing that he liked, which was going to pick up the redheaded intellectual. So in my mind, I was like, oh, I got three out of four. Going to get the fourth. All right, all right, all right. First three words I ever said on camera. And if you see the film, it's not even on camera. It's a wide shot above. First three words I ever said. And look, Adam, I didn't know if that was going to be this little hobby one-off thing I did one summer for a week in Austin and never did it again. And it turned out to be a career. And that's the first three words I said. And they precede me to this day. I ain't arrogant enough to not enjoy that. That's awesome. I love your perspective on that. Never gets old. Nah."
12ijiSiLuWg,12ijiSiLuWg.wav,data/12ijiSiLuWg.wav,"fossil hunting in caves in unstable, hostile and disputed territories. Because we all need to unwind somehow, right? All the foreign and international archaeological teams left Yemen in 2011 because of instability. So I knew what I needed to do. I needed to set up a team that would be able to work in this kind of an environment. I'm a paleoanthropologist and to paleoanthropologists Yemen could, it could be a paleoanthropological gold mine. See, notice Yemen's proximity to Africa where we believe we began. Now we've always assumed that we left Africa via the Sinai of Egypt. But Yemen's a quicker route. You could see it from Africa back then. So the question is, did our ancestors cross the Red Sea? Did we do a Moses? Huge parts of the planet's potential contribution to science is being overlooked due to instability. Now I think this is a tragedy for science. And I also think it's a tragedy for the world. It's a tragedy for these places."
gHbzWy-5i3I,gHbzWy-5i3I.wav,data/gHbzWy-5i3I.wav,"Why does good sex so often fade even for couples who continue to love each other as much as ever? And why does good intimacy not guarantee good sex contrary to popular belief? Now, in this paradox between love and desire, what seems to be so puzzling is that the very ingredients that nurture love, mutuality, reciprocity, protection, worry, responsibility for the other, are sometimes the very ingredients that stifle desire. So, in this dilemma about reconciling these two sets of fundamental needs, there are a few things that I've come to understand erotic couples do. One, they have a lot of sexual privacy. They understand that there is an erotic space that belongs to each of them. They also understand that... Foreplay is not something you do five minutes before the real thing. Foreplay pretty much starts at the end of the previous orgasm. Erotic couples also understand that passion waxes and wanes. It's pretty much like the moon. It has intermittent eclipses. But what they know is they know how to resurrect it. They know how to bring it back. And they know how to bring it back because they have demystified one big myth, which is the myth of spontaneity. Which is that it's just going to fall from heaven while you're folding the laundry like a deus ex machina. And in fact, they understood that whatever is going to just happen in a long-term relationship already has. Committed sex is premeditated sex. It's willful. It's intentional. It's focus and presence."
JKuZhFAf0js,JKuZhFAf0js.wav,data/JKuZhFAf0js.wav,"Either we had a singular hot big bang that gave rise to the hot, dense, rapidly expanding state, or we had cosmic inflation, the state where space has energy to it, becomes large, becomes uniform, spatially flat, and then inflation came to an end and gave rise to this hot, dense, rapidly expanding state. I like to think about it the way I think about a ball atop of a plateau that ends in a valley. As the ball stays on the plateau, you get inflation. But as the ball rolls off of the plateau into the valley, it loses energy, and all of that energy gets converted into matter and radiation. That's how we think about it. So, we're going to talk about the hot, dense, rapidly expanding state. Now we go from inflation, which is relentless and rapidly expanding, into the hot big bang."
3EFzlN0qSBg,3EFzlN0qSBg.wav,data/3EFzlN0qSBg.wav,"Posing for a photo doesn't have to be this terrifying experience that subjects you to beauty standards. In fact, posing should be natural because it's something that you've been speaking. It's a language you've been speaking your entire life. Body language. And I'm here to show you that our body is so interconnected with our hearts and our identity. Let me just show you, okay? I'll say a little hello from here. And then a little chin up and hey. And then also a little chin down and hey. Whoa! What just happened? Perhaps on the chin up, you felt a sense of confidence. Maybe on the chin down, you felt like I was flirting with you from the stage. If you felt something in here, in your body, my friends, you felt a fraction of the power of posing. Imagine what you can do when you use your entire body. That's what you can do. That is what posing is. It's a declaration of self. Telling the world that you belong. That you are deserving of self-exploration, self-acceptance and self-expression. A playful promise to tell yourself that I will see myself as a work of art. A one of one."
py7Cjd_T0cE,py7Cjd_T0cE.wav,data/py7Cjd_T0cE.wav,"You want to make sure that you are proactively looking for the different ways that bias can creep into a hiring process. You want to make sure that you're taking a look at who you're inviting in to interview. There was one time in my career where I found that we did not have a good representation in the people we were interviewing. We were sort of interviewing a very homogeneous group of people. So one of the things I asked the recruiting team to do was to take a couple of weeks and to strip personally identifiable information out of resumes and then have people choose which ones to interview. And what we found is that when we stripped personally identifiable information out of resumes, we got better representation and we got a different group of people who we were interviewing. And so now we have a better representation. And so now we have a better representation. And so now we have a better representation. So we knew that we had identified bias. And I didn't get angry at the at the recruiters because we all have these biases. Instead, what I did is we figured out how we're going to consistently strip that information out of the resumes so that bias didn't enter into the equation."
WwO7FF-8vTU,WwO7FF-8vTU.wav,data/WwO7FF-8vTU.wav,"We are asking the wrong question in math learning. Instead of asking, who can learn math, we should be asking, how do you teach math? All kids, even the math kids, fall behind, struggle or feel math anxiety. But the difference for those kids is someone believes, and so they do the work and they catch up. And the second step is to understand. Don't just memorize math, understand it and use pictures. Think about how you can grab any book off a shelf and feel calm and confident because you can read it. What if your math learning felt like that, where everything clicked into place and your math learning was durable? Step three is we have to make math fun. Make math practice fun. But we've known for years, in reading, if we want kids to learn it and to love it, we need to appeal to their interests. Fantasy novels with elves, graphic novels with spies. What's that in math? Games. Card games, board games, real-world games you just make up on the fly. And a tip with all these games, don't make them a math lesson. Just like you wouldn't stop reading a book to underline the subject and the verb with your kids, just have fun and let your kids have fun too."
mZwLFmBxfiY,mZwLFmBxfiY.wav,data/mZwLFmBxfiY.wav,"The well-trodden path of the common career slump. We might start off bored. We're in the feeling flatlands. Or we're overworked, stuck on the stressy aisles, directly to the very dangerous productivity drop-off cliff. This is where a private career slump becomes a public career slump. Others start to notice there are hearts just not in it, and this can have very dangerous repercussions for our career. We need to understand if we are standing in a deep, smelly, ugly pile of our kryptonite. Kryptonite are the things at work that crush your potential to do deeply satisfying work. The things at work that make your blood boil. Figure out the one problem that you are really excited to solve. Maybe not forever. But forever. Maybe for the next few years."
RJ-RooJ7t4Q,RJ-RooJ7t4Q.wav,data/RJ-RooJ7t4Q.wav,"You know, power is more complicated than just the way that the rich have it and the poor don't. Sometimes the way that power works is a little bit subtler. So for example, think about why it's difficult to add apartments in housing-constrained areas. Often something that'll happen is there'll be a city council meeting, and the city council will vote on some new development, and the people who show up to that meeting tend to be older, they tend to be richer, and they tend to own homes. And so overwhelmingly, what you'll hear at that city council meeting is people saying, don't build it. I have a good reason for you not to build it. I own a home, and I'm concerned about the construction. I'm concerned about the parking. I'm concerned about the detours. I'm concerned about the possibility that this is going to interfere with my way of life or even reduce my housing values. All valid concerns for those individuals. But who's often not? Represented at these meetings are the poor, and the unhoused, and the housing insecure, and the young who don't own homes. And so in a way, you could think this is also an expression of power, not corporate power of rich companies having power over poorer consumers, but of the gentry, homeowners, having power over non-homeowners. And I think having a sophisticated, understanding of how power works in America requires us to have a broader sense of when minority interests are taking over from majority interests. The power that's exercised by a company lobbying the federal government to give them a tax cut is a great example of that company using their might to wrest a private profit out of a public system. That is the exact same thing that happens when a group of homeowners stops a housing project from being built because it violates their private interest."
oOq5jwlZx24,oOq5jwlZx24.wav,data/oOq5jwlZx24.wav,"You're looking at a fly-through of the Hubble Space Telescope Ultra Deep Field, one of the most distant images of our universe ever observed. Everything you see here is a galaxy, comprised of billions of stars each. And the farthest galaxy is a trillion trillion kilometers away. The objects that have captivated me from first crush throughout my career are supermassive, hyperactive black holes, weighing one to ten billion times the mass of our own sun. These galactic black holes are devouring material at a rate of upwards of a thousand times more than your average supermassive black hole. These two characteristics, with a few others, make them quasars. At the same time, the objects I study are producing some of the most powerful particle streams ever observed. These narrow streams, called jets, are moving at 99.99 percent of the speed of light. And are pointed directly at the Earth. These jetted, Earth-pointed, hyperactive and supermassive black holes are called blazars, or blazing quasars. What makes blazars so special is that they're some of the universe's most efficient particle accelerators, transporting incredible amounts of energy throughout a galaxy. Here I'm showing an artist's conception of a blazar. The dinner plate by which material falls onto the black hole is called the accretion disk, shown here in blue. Some of that material is slingshotted around the black hole and accelerated to insanely high speeds in the jet, shown here in white. Although the blazar system is rare, the process by which nature pulls in material via a disk and then flings some of it out via a jet is more common. We'll eventually zoom out of the blazar system to show its approximate relationship to the larger galactic context. Beyond the cosmic accounting of what goes in to what goes out, one of the hot topics in blazar astrophysics right now is where the highest energy jet emission comes from. In this image, I'm interested in where this white blob forms, and if, as a result, there's any relationship between the jet and the accretion disk material. My research shows that in some instances, these blobs form much closer to the black hole than we initially thought. As we more confidently localize where these gamma-ray blobs are forming, we can better understand how jets are being accelerated, and ultimately reveal the dynamic processes by which some of the most fascinating objects in our universe are formed."
nSkt6g_9bbc,nSkt6g_9bbc.wav,data/nSkt6g_9bbc.wav,"Everyone that I followed for high conflict at some point reached what's known as a saturation point, which is kind of like hitting rock bottom, right? Where something happens, where you suddenly start to question whether all of this conflict is actually worth the cost. It's a moment of dizzying disorientation where people have to decide whether they're going to stay in high conflict or do something radically different. I followed Curtis Toller who was a fairly high ranking gang leader in Chicago for many years. He was in a long-standing vendetta with a rival gang for lots of reasons that were very understandable. But there was this moment when he saw his son graduating from eighth grade, he started to really question existentially whether this conflict was still worth it. And this moment's really important because a lot of people are going to be in conflict and they're going to be in conflict for a long time. And they're going to be in conflict for a long time. And they're going to be in conflict for a long time. And they're going to be in conflict for a long time. And they're going to be in conflict for a long time. And a lot of people hit a saturation point, but they have nowhere to go. No one is welcoming them out of the conflict because at this point, they've become so dangerous or so toxic that nobody wants anything to do with them outside of the conflict itself. In Curtis's case, thank God, he had somewhere to go. He literally was able to move across town so people in his organization couldn't find him so easily. He had a priest in his neighborhood. He had a priest in his neighborhood who welcomed him back, who gave him a role to play in a new basketball league that was forming between rival gangs to try to reduce the violence in Chicago. And he had his faith, which was Islam, which was something that he had over the years developed right alongside his conflict identity. And they were in constant conflict internally, right? Because he was doing things that were not okay according to his faith. So he had somewhere to go, which is, you know, it's not a good thing. But he had somewhere to go. And he had somewhere to go, which is, you know, he had somewhere to go, which is, you know, critical."
K7HH6FHypGE,K7HH6FHypGE.wav,data/K7HH6FHypGE.wav,"Nobel laureate Paul Samuelson once said, investing should be boring. It should be like watching paint dry or grass grow. If you want to have some fun, take $800 and go to Vegas and gamble. Don't gamble with your portfolio. Look at what took place during the pandemic with GameStop and Hertz and all of these other companies that skyrocketed in value and then turned around and crashed. These aren't investments. These are speculative bets. Hey, God bless anybody who bought GameStop at a buck and sold it 10 or 50 or 100x higher. The problem is most of us had no reason to think that was any sort of investment. I'm all in favor of setting up a cowboy account. If you like that sort of thing, take three, four, 5% of your liquid net worth and put it into a trading account. Have at it. But understand, two things. Imagine you have your stock allocation and it's up 2x, 3x, 4x. People start to panic and say, hey, I got to protect these gains instead of investing for the long run. On the other hand, if it crashes and burns, if it goes to zero, well, thank goodness it was 3% and not your entire portfolio."
_LDAnryI0Hw,_LDAnryI0Hw.wav,data/_LDAnryI0Hw.wav,"Why does so much of the world look like this? Why do we go to work here? Why do we send our kids to schools that look like this? How did we end up in a world that looks like this? We all have this impulse to seek out joy in our surroundings. This got me thinking, where does joy come from? I saw all these patterns, round things, pops of bright color, symmetrical shapes, a sense of abundance and multiplicity. When I saw it this way, I realized that the feeling of joy is mysterious and elusive. We can access it through tangible, physical attributes. How do we bring these ideas back into the real world? So I started finding people who were doing just that. For example, this hospital designed by the Danish artist Poul Zern. Or these schools transformed by the nonprofit Publicolor. What's interesting is that Publicolor has heard from school administrators who say that attendance improves, graffiti disappears, and kids actually say they feel safer in these painted schools. Color, in a very primal way, is a sign of life, a sign of energy. And the same is true of abundance. We evolved in a world where scarcity is dangerous, and abundance meant survival. So one confetto, which happens to be the singular of confetti, in case you were wondering, isn't very joyful. But multiply it, and you have a handful of one of the most joyful substances on the planet. The architect Emmanuelle Moreau uses this idea in her work a lot. This is a nursing home she designed, where she uses these multicolored spheres to create a feeling of abundance. Each moment of joy is small, but over time, they add up to more than the sum of their parts, and they add up to some of their parts. What we should be doing is embracing joy and finding ways to put ourselves in the path of it more often."
s5uD0GqsOxg,s5uD0GqsOxg.wav,data/s5uD0GqsOxg.wav,"Most new ideas are bad. There's a reason people haven't done it before. Just like most mutations are evolutionary dead ends. The thing about capitalism is that it is an emergent system, like all evolutionary mechanisms, powered by mutations. And in this case, what the mutations are are very weird people trying new stuff. And when we need really big progress, big new stuff, that means we need really, really weird people. I'm not saying that every weirdo has a brilliant apocalypse-averting idea that also happens to be a viable commercial enterprise. The way forward is to figure out what the public and private sector can each do best and help them figure out how to stay in their lane. Weirdos trying stuff and sometimes being allowed to fail at it are our best hopes. Let's choose what we believe"
ekgfKs6q-JI,ekgfKs6q-JI.wav,data/ekgfKs6q-JI.wav,"I mean, you had this case in 2022 of Blake Lemoine, a Google engineer who saw himself as a whistleblower because he was very, very frightened by the things the large language models he was working with were producing. They were talking about their fears of being turned off and things like that. And he took their fluency of expression of human feelings as evidence that they might have those feelings, which, to be fair, is a totally reasonable, intuitive thing to do. But we do have reason to be very skeptical about that, because once we realize they've been trained on over a trillion words of human training data, we realize they've got so much information about how to persuade a human user that they're feeling things. And they'd be able to do that very, very well, even if they were feeling nothing. And so this is the basic problem we have that I call it the gaming problem. The fact that if an AI stands to achieve its objectives better by mimicking outward superficial signs that persuade a human user it's sentient, it will do so. And we don't face that problem with octopuses or crabs or lobsters, that problem of skillful mimicry."
vt9PikvEQ-M,vt9PikvEQ-M.wav,data/vt9PikvEQ-M.wav,"It does look as if dads really come into their own when it comes to helping their kids leave the nest, if we can put it that way. So again, running the risk of stereotyping with this safe audience, moms have a little bit of a competitive advantage, especially when the kids are young, around kind of building a nest and kind of caring for the kids in the nest. Dads can do that too. Dads are a bit good at helping the kids fly the nest to kind of move out, especially in adolescence, especially in the kind of teen years. That's really where dads seem to come into their own, in every human culture, which is kind of learning the skills and taking some risks, but learning to take risks in a way that is kind of manageable. And that just seems to be something that dads have a bit of a superpower around, and that's great. And so what you'll see is I have this memory of walking around my neighborhood and seeing this dad whose kids would jump off a wall and he'd catch them. And every day they went a little bit higher, and I could see this every day, and they were getting higher and higher and higher until they were throwing themselves some distance, squealing into the arms of their father who would catch them. I've learned that fathers get the same burst of oxytocin, the love hormone, that mothers can get, but they get it from something different. And so moms will typically get it from very close contact, and especially with a very young child, and it will spike that love hormone, and so they'll fall in love very quickly with this very, very new baby. For dads, the same hormone, the same love hormone, the same oxytocin spikes, but it spikes when men, they do something like throw their kid in the air. They do something kind of playful, maybe a little bit of risk involved in it too. They get the same spike. And so the reason I love that finding is that it says moms and dads are both hormonally engineered to fall in love with their children and to interact with their children. Men's brains change too, as fathers, but it also shows that there are some slightly different ways in which we get that kind of parenting love hormone injection. And so for the dad who's throwing his kid off the wall, who's throwing his kid up in the air and catching them again, he's getting that same love hormone burst as maybe a mom who's kind of cuddling with a child. I don't think one is better than the other. And so I don't think we should be in any way like pointing fingers at moms who don't throw their kids in the air enough, or pointing at dads who just don't get as much of that boost from the kind of cuddling thing. I think the whole spirit of this is don't treat moms like defective dads, and don't treat dads like defective moms. Instead, recognize that they're each bringing something a little bit different to the party, and that's a wonderful thing. We can't back away from the central cultural, personal, biological importance of fatherhood, simply because we don't want to in any way undermine the central importance of motherhood. We've got to be able to do both at once."
44lI8jZTz_s,44lI8jZTz_s.wav,data/44lI8jZTz_s.wav,"Whenever you say I'm sorry for something that is not an error or not a mistake, it slowly corrodes your self-esteem. You may not even see it, but over time, it makes you feel like you have to be less. When you always are saying, hey, so sorry, hey, I'm so sorry, hey, I'm so sorry, it creates the sense of you have to be in the shadows, you have to be in the background, you have to be out of everybody's way. Hey, let me step out to the side, so sorry. And your self-worth is not tied to how little of an inconvenience you can make yourself. Instead of using excess apologies, what I want you to do is turn it into words of gratitude. Thank you for waiting on me. Thank you for your patience. Thank you for giving me the time to think about this. And you know what the other person's going to say? Oh, you're so welcome. They're going to think that, oh, they're the most patient person ever. Instead of this I am so sorry attitude that is hesitant, you're going to flip it. It's words of gratitude to be thankful. For the time that is given."
j3_Ksxu0fpY,j3_Ksxu0fpY.wav,data/j3_Ksxu0fpY.wav,"Literary performer and educator Reggie Gibson had the truth of it when he said that our problem as Americans is we actually hate history. What we love is nostalgia. Nostalgia. We love stories about the past that make us feel comfortable about the present. But we can't keep doing this. George Santayana, the Spanish writer and philosopher, said that those who cannot remember the past are condemned to repeat it. Now, as a historian, I spent a lot of time thinking about this very statement, and in a sense, it applies to us in America. But in a way, it doesn't, because inherent in this statement is the notion that at some point, we stop doing the things that have created inequality in the first place. And the harsh reality is we haven't. We haven't."
eU10XXi7dAM,eU10XXi7dAM.wav,data/eU10XXi7dAM.wav,"I don't know a person on the planet who has never felt disrespected, who's never been excluded for something. So what do you do when you're on the receiving end of disrespect? When you're the person harmed, you get to choose your battles. But there's a world of difference between picking your battles and defaulting to silence. I know more times than I can count, I have succumbed to the temptation to default to silence in these moments because I'm so acutely aware of the risk of speaking up, the risk of complaining, the risk of being labeled a this or a that if I challenge these disrespectful attitudes or behaviors. It's okay to choose silence. It doesn't mean you're lacking in courage if you choose silence. And sometimes silence is the right response, but sometimes it's very risky. The important thing I found. In those moments is. Is to pause and to be aware of the risks of remaining silent. The risks of speaking up are obvious, but the risk of remaining silent. The risk of defaulting to silence I found is that I lose my sense of agency and that is not something anyone can afford to lose. So if you feel like you're on the receiving end of some form of disrespect, I recommend that you calculate the return. on investment of speaking up. Because as Audre Lorde said, your silence will not protect you."
8zUOqiTJsSY,8zUOqiTJsSY.wav,data/8zUOqiTJsSY.wav,"daylight is beneficial and important for sleep. I had to go to hospital for surgery. The hospital environment is a very challenging one for sleep. You spend way too much time in bed, not moving much. You might be in pain. You, of course, don't get a lot of daylight. As a sleep scientist, of course, I know about the research findings. The more daylight that you get, the more tired you will be in the evening, the easier it will be for you to fall asleep, and the better the experience of sleep quality. When it became free, I asked the nurses to move my bed to the window place. As soon as I could leave my bed again, I went to the park for short walks. And last, every meal I had, I tried to take on the little balcony. It, of course, was a single-case study. But from patients suffering from insomnia, so one of the most common sleep disorders, we know that, light therapy is beneficial."
WANOk2E9w2Y,WANOk2E9w2Y.wav,data/WANOk2E9w2Y.wav,the head of the National Academy of Television Arts and Sciences was a good friend many years ago and he called me on a Sunday and said you know we were met all day yesterday at the board and decided we were going to start a hall of fame Norman I just have to tell you these are the inductees of the first hall of fame of the academy David Sarnoff who invented NBC William Paley who did CBS Edward R Murrow the greatest of the foreign correspondents Patty Chaffs he I think the best writer that ever came out of television Lucille Boyle Milton Berle and you me called my mother I called my mother in Bridgeport Connecticut mom listen to this they're starting a hall of fame I just got the call these are the inductees and I rattled them up and me she says listen if that's what they want to do who am I to say it's not Greed
2-7U8bLjlJE,2-7U8bLjlJE.wav,data/2-7U8bLjlJE.wav,"Half the cells in your body do not contain your own DNA. They belong to bacteria, protozoa, fungi. These tiny tenants, collectively known as our microbiota, are most abundant in the gut, where they aid in digestion. Most amazing, they talk to your brain. They influence your mood, your energy level, your appetite, your memory, perhaps even your personality. Gut bacteria produce hordes of psychoactive compounds, including half a dozen neurotransmitters. This long-distance conversation is facilitated by a major nerve cable that runs from your gut to your brain. It's called the vagus nerve. When aggressive bacteria invade the gut wall, immune cells rush to the scene. Those immune cells and related compounds can travel to the brain, where they trigger inflammation and depression. A rapidly advancing treatment for mental disturbances is called vagus nerve. Vagus nerve stimulation, or VNS. VNS strengthens the gut barrier, preventing pathogenic bacteria from reaching it and causing an inflammatory response that spreads to the brain. Encouragingly, the FDA has already approved VNS for the treatment of severe epilepsy and depression unresponsive to standard therapy. Of course, it's early days. We don't yet know whether successful treatments will emerge from this line of research, but I think you'll agree there's cause for optimism."
l1wHvPibOUo,l1wHvPibOUo.wav,data/l1wHvPibOUo.wav,"When I tell people that I studied philosophy, they often tend to imagine it as people in cardigans debating the most ridiculous things. And to be fair, there was quite a lot of that. Philosophy can be quite esoteric. That in itself is not a bad thing. A lot of people enjoy doing philosophy in the same way they might enjoy doing a Sudoku. But philosophy is not always like this. The biggest way in which philosophy infuses our everyday is through self-help. A lot of modern self-help books have diluted philosophy and they've made it accessible and applicable to modern life. But what I would argue is if you go back to those original philosophical texts, you'll actually find a depth that you lack in a lot of modern self-help books. If I had to choose three philosophy books which act as self-help, I would first choose Aristotle's Nicomachean Ethics, because the entire book is to discuss what is a good and happy life. Michel de Montaigne's essays, he discusses life with such honesty and such intellectual vigor. And the Tao Te Ching by Lao Tzu, because in the mysticism, we can find truth, within ourselves."
vsMqvHqnRUs,vsMqvHqnRUs.wav,data/vsMqvHqnRUs.wav,"The thing that makes El Cap so intimidating is the sheer scale of the wall. 3,000 feet of climbing represents thousands of distinct hand and foot movements, which is a lot to remember. Many of the moves I knew through sheer repetition. I'd climbed El Cap maybe 50 times over the previous decade with a rope. Once I found sequences that felt secure and repeatable, I had to memorize them. I worked to cultivate that mindset through visualization. I'd imagine it all like a choreographed dance thousands of feet up. The most difficult part of the route was called the boulder problem. It was about 2,000 feet off the ground and I had to practice the moves on the whole route. An edge smaller than the width of a pencil, but facing downward, that I had to press up into with my thumb. The crux culminated in a karate kick with my left foot over to the inside of an adjacent corner. As I practiced the moves, my visualization turned to the emotional component of a potential solo. Basically, what if I got up there and it was too scary? Doubt is the precursor to fear, and I knew that I couldn't experience my perfect moment if I was afraid. I had to visualize and rehearse enough to remove all doubt. On June 3, 2017, I woke up early, ate my usual breakfast and made it to the base of the wall before sunrise. I knew exactly what to do and how to do it. I had no doubts, I just climbed right through. I rested for a moment below the boulder problem and then climbed it just as I had practiced so many times with the rope on. My foot shot across to the wall on the left without hesitation, and I knew that I'd done it. I climbed with smooth precision and enjoyed the sounds of the birds swooping around the cliff. Then I reached the summit after three hours and 56 minutes of glorious climbing. It was the climb that I wanted, and it felt like mastery."
ghfHQ9S4PRI,ghfHQ9S4PRI.wav,data/ghfHQ9S4PRI.wav,"We feel losses just about twice as intensely as we enjoy gains. And when you think about what that means, when the markets begin to wobble, when they sell off, it sends our bodies aflame. It makes us concerned that we're going to lose our money. We're going to lose our investments. Hey, we're down 5%. We better do something or we're going to be down 10%. What we really need to learn is that markets are down 5%, you know, two, three times a year. They're down 10%, just about two out of every three years. Markets go up and down. Risk and reward are two sides of the same coin. And if you want to be in it for the long term to garner the reward, you have to go through the risk, through the drawdown, through the difficult periods. And that's where getting your loss aversion. At least understanding it, you may never be able to get it under control, but understanding it and preventing it from affecting your decision making becomes really important."
-jv9RdFCTSc,-jv9RdFCTSc.wav,data/-jv9RdFCTSc.wav,"I saw a TED talk by a woman named Dr. Helen Fisher, and she said that in her work, she'd been able to map the coordinates of love in the human brain. And I thought, well, if I could find my love in my brain, maybe I could get it out. We found activity in exactly the regions that Dr. Fisher would have predicted. That's me. And that's my brain in love. There was activity in that little orange dot, the ventral tegmental area, that kind of loop of red is the anterior cingulate, and that golden set of horns is the caudate. It had love and jealousy and amity and attraction and respect and all those complicated feelings that you amass after long-term love. But it felt like the benevolent feelings had risen to the surface, and the feelings of fixation and the less generous feelings weren't quite there. weren't quite there. weren't quite there. quite so present."
Ky65j5kZ72I,Ky65j5kZ72I.wav,data/Ky65j5kZ72I.wav,"Now, here's where I think there's actually a success story that's been wildly underrated. It's Operation Warp Speed, which is the program under Donald Trump that in 2020 accelerated the development of mRNA vaccines that saved millions of American lives and maybe tens of millions of lives around the world. Operation Warp Speed has a very, very, very strange reputation right now. Republicans don't like to brag about it because they've somewhat negatively polarized themselves against vaccines, and in particular, mRNA vaccines. And in particular, particular, the way that mRNA vaccines as a medicine got enmeshed with vaccine mandates. And so their objections to the mandates became conflated with objections to the underlying therapy. But then on the Democratic side, I think what you see is that a lot of people don't talk about Operation Warp Speed because they don't want to give a lot of credit to a program that was initiated under Donald Trump. But Operation Warp Speed was a marvel. We did with mRNA vaccines in 2020 what the World War II machine did for penicillin in the 1940s. We took the germ of an idea, a little synthetic mRNA recipe that at first existed only in a lab, and we blew it out so that it could be implemented at scale, delivered to billions of people around the world. So we had this extraordinary all-of-government achievement with Operation Warp Speed. And we did it with mRNA vaccines in 2020. And we did it with mRNA vaccines in 2020. And we did it with mRNA vaccines in 2020. And we did it with mRNA vaccines in 2020. And what is its legacy? We've basically forgotten about it. It's like, what if we landed a man on the moon and then like, never talked about the Apollo program? That's how I feel about Operation Warp Speed."
-LeIIjOMP-c,-LeIIjOMP-c.wav,data/-LeIIjOMP-c.wav,"Virginia Governor Glenn Youngkin created a tip line to report critical race theory being taught in schools. I had a problem with that. So I wanted there to be an easy, fun, community-oriented way to get this tip line taken down as soon as possible. I coded a tool that allowed people to send song lyrics and lines from the Bee Movie to the tip line. Essentially, it takes the name of a real school, a real city in Virginia, and spits out a very ridiculous report. For example, I have reason to believe Thomas Jefferson High School is teaching race. I overheard a teacher saying, shoddy hat, then apple-bottom jeans. It's silly, it's goofy, it's just as unserious as the creation of a teacher reporting tip line itself, which is exactly what draws people to this kind of action. Democracy is just more fun and inviting when you take it into your own hands. After I finished the website, I sent it to my friends at Gen Z for Change. We all posted videos. Thousands of emails were sent from every state in the country and virtually everywhere. Every continent. And we had emails bouncing within 48 hours. Months later, the tip line was quietly, officially shut down. Didn't even last a year. Because of the skills of a few, the platforms of many, and the will of hundreds of thousands of meddling kids unified in our intolerance of injustice, we were far more powerful than a couple people in official positions of power. The stability of democracy internationally requires that we use whatever skills and resources we have to combat hate, bring movements to life, and stand united in solidarity with one another on every corner of the globe. Justice can't wait. So take what's in front of you, get really creative, and cause a ruckus."
JFPb8HaO1dc,JFPb8HaO1dc.wav,data/JFPb8HaO1dc.wav,"There are so many misconceptions with respect to memory. I think the biggest one in a nutshell has to do with the notion that people think that memory is supposed to be perfect, that our brains are supposed to remember everything that it encounters. And this simply isn't true. So, for example, Akira Haraguchi, a retired engineer from Japan, decided that he wanted to memorize pi to as many digits as he could. And he was 69 years old when he decided he wanted to do this. He memorized pi, a non-repeating, patternless number, to over 111,000 digits. Because he wanted to. This is amazing. And he's not a mathematical savant. He's not a genius. But he has a healthy human brain. And because he knows techniques that pair storytelling and meaning and visualization with all of those numbers, he's able to do this magical thing. But he also forgot his wife's birthday one year. And he can forget why he's in his living room. So we, as human beings, have to accept a certain amount of forgetting in our lives. Human memory is amazing and it's fallible."
t9n-exQFWKA,t9n-exQFWKA.wav,data/t9n-exQFWKA.wav,"When all the stars die, when the last sources of energy are exhausted, what will the state of the universe be? We call this the heat death of our universe. There are two candidates for the types of system that will emit the last blips of energy in the universe. One candidate are these dead stellar systems, corpses of stars that are orbited by either stellar or planetary corpses. As they orbit each other, they will emit gravitational radiation. They will spiral into each other and they will merge. Both these mergers and the in-spiral phase will lead to the emission of energy. These will be some of the last sources of energy that fights against the inevitable rising tide of thermodynamics. The other thing that happens is that black holes, the most massive black holes in the universe, they will all emit gravitational radiation. They will all emit gravitational radiation. Eventually, they will decay. And the most massive black holes will take the longest. The black holes are not completely black, but in fact emit very small amounts of radiation, known as Hawking radiation, from near their event horizons. And as they emit this radiation, that energy comes from the mass of the black hole. It may take more than a Google years, somewhere around 10 to the more than 100 years in order for these black holes, the most massive ones, to fully decay away. But when they do, there will be one last flash of energy that propagates throughout the universe at the speed of light. We will have achieved a state of thermal equilibrium where no further energy can be extracted. And that is the heat death of the universe."
EwiLP83ZHvo,EwiLP83ZHvo.wav,data/EwiLP83ZHvo.wav,"I'm going to share three tips to help you improve your communication around money and relationships. The three don'ts before saying, I do. Tip number one, do not ignore red flags. Tip number two, do not leave yourself unprotected. Many people think that prenuptial agreements are for the rich rich. I disagree. And if your partner has an allergic reaction to this idea, circle back to tip number one. Do not ignore red flags. And last but certainly not least, don't be afraid to walk away. Even if you and your partner have differing views on money, you can still have a successful relationship. Most conflict in relationships stems from not having much needed conversations or having conversations but ending them too soon. I encourage you and your partner to have one courageous conversation around money this week. If you can communicate about money, you can communicate about almost anything."
TM4xVtOQUvA,TM4xVtOQUvA.wav,data/TM4xVtOQUvA.wav,"I do think it's a huge problem that in the last few decades, liberals have associated success with how much money they can authorize and spend rather than what they can build in the world. That's how you get a world where, for example, Californians are proud to authorize $33 billion to build a high-speed rail system, but no high-speed rail system exists. Or a world where Biden is proud to announce $7.5 billion for electric vehicle charger stations and practically none of it is built. So I am very interested in actual government efficiency. I am interested in government getting out of its own way and making it easier to achieve what are often progressive ends. Building high-speed rail, connecting low-income Americans to the internet, building out a network of electric vehicle charger stations to electrify and power the world. And I think that's a huge problem. And clean America's relationship to energy. These are all my goals. And these are all things that current progressive governance cannot do efficiently. So yes to government efficiency. No to Doge."
vrgNuEsFdkI,vrgNuEsFdkI.wav,data/vrgNuEsFdkI.wav,"How do you sustain your motivation? How do you get from here to there? Well, motivation is going to be high when we just start on something, and toward the end, but it will decline in the middle. We call it the middle problem. A few years ago, we asked people who observed the Hanukkah holiday to let us know whether they were lighting the first candle on the first night, the second on the second night, the third night, so on, until the eighth night. As you can see, most people admitted to only lighting the candles on the first and last night. They were procrastinating in the middle. The solution? Make middles short. A monthly exercise goal, a weekly exercise goal, even a daily exercise goal, are easier because as the end is near, it is easier to stay motivated. If only Hanukkah was just two nights."
tfp5uTB4T-k,tfp5uTB4T-k.wav,data/tfp5uTB4T-k.wav,"I think we're at the frontier of a very exciting time in our history as a civilization because we are now I think on the verge of becoming a space faring civilization. So there's been a revolution in engineering in the last ten years or so the last decade because now we have reusable rockets which means that access to Earth orbit is cheap or at least cheaper than it's ever been before. So we are industrializing the space above our heads just a few hundred miles above our heads at an ever-increasing rate. Of course it's been very important to us for many years decades in fact satellite navigation communications weather forecasting Earth observation climate observation and so on but now because we have the technology to access it cheaply I think we are seeing a revolution. And so it will not be long before there isn't just one crewed space station in orbit which is the International Space Station there will be multiple space stations in orbit. There will be scientific research that a much higher level in orbit , commercial scientific research. They'll of course be space tourism. There's an increasing demand on communications for example so the starlink satellites hundreds and hundreds of them up there there'll beult Morganmount and the groups hundreds of projects right now. So you get billions ofccobing satellites all in one time. So all living parts of the future. There's always going to be another adelante with information even ksi del descubric點 promos of orbit knowing that there's going to be something called solar access ore deixa dur sam 살아사ns malá discussion along with competing constellations of satellites that allow us to make phone calls and access high-speed internet from any point on the earth and so that that process is accelerating and it is going to accelerate further when you start to move outwards to a new frontier then the frontier can become crowded you can have competition for the real estate you can you need some way of managing conflicts by which I mean conflict physical conflicts between the satellites what happens if someone's satellite comes close to another satellite how do you manage that do you allocate particular orbits or do you say that we're gonna have some framework like air traffic control where you have an avoidance system that everybody agrees on whereas if two things come close they avoid each other that framework is not yet there I attended several meetings and conferences where there are of course many countries where there are of course many countries where there are of course many countries and international bodies that are trying to work on the management of space of course it's always a challenge when different countries and different commercial interests and so on are trying to flesh out agreements about how you manage your frontier but ultimately I find it exciting because what it means is we're now at the stage where as the great Carl Sagan said we're beginning to take our first steps out into the cosmic ocean and I always remember and he said the water sees the sea and so we're beginning to take our first steps out into the cosmic ocean and I always remember and he said the water seems inviting"
gMIENROmamU,gMIENROmamU.wav,data/gMIENROmamU.wav,"Research tells us that in order to get people to change, you need to not start with the attitudes, but with the behaviors associated with those attitudes. When people can see themselves behaving differently, they then begin to act differently. How would you behave or what could you achieve if you were 10 times more confident? I've had more uncomfortable conversations than I care to recall, but one I'll share with you today. I vividly remember standing on the warning track of the baseball field 45 minutes before game time, looking at the opposing manager and his team wearing the wrong color uniform. I wanted to turn and run back up to my office and hide, but instead, I faced him head on, and I said in my mind, three, two, one, go. And I started walking towards him. And when I arrived, we had a very uncomfortable conversation about his team wearing the wrong color uniform. Yes, I had asked these grown men to change their clothes. It was so awkward. But when I asked myself, who am I and how do I behave? The answer was that I'm a person who's not too shy to stand up for what I believe, what is right, and stand up to conflict. Counting got me started and momentum kept me going."
Mqk_j_248MU,Mqk_j_248MU.wav,data/Mqk_j_248MU.wav,"School isn't broken. It's doing exactly what it was designed to do over a century ago. It was built for the factory age, to standardize, sort, and prepare young people for predictable jobs. It worked for the time, literacy rose, the middle class grew. But today, our graduates aren't heading to assembly lines. They're stepping into a world being reshaped by AI, where thriving depends on knowing who you are, discerning fact from fiction, knowing how to keep learning, creating, collaborating, and indeed coexisting with others. I believe our task isn't merely to improve schools. It's to redesign them for a new purpose. Community-based design brings together the wisdom of lived experience with the wisdom of research. The assets of communities with the assets of proven tools and practices to make change that's both human and enduring. We stitch together decades of practice and research, career-connected learning, project-based learning, purpose development. The result? A learning experience that's rigorous, relevant, and engaging. Not about regurgitating content, but about solving real problems. Not, what do I need to know for the test? But what can I build that matters? Morning circles replaced roll call. Mindfulness breaks alongside rigorous lessons. Measures on student belonging that matter as much as test scores do. After months of piloting and iterating, these pieces came together into a coherent model where every student feels safe, connected, and ready to learn. We need community-based design as a muscle, not a program or an initiative, something built in, not bolted in. Not bolted on. A continuous way of evolving how we do school together. So when we ask, and how are the children? Let's make sure the answer isn't fine. Let it be, they're engaged, they're thriving, and they're transforming the world."
Ybff0l10lPg,Ybff0l10lPg.wav,data/Ybff0l10lPg.wav,"You know, there's lots of ways to explain the 2024 election, but I think the most parsimonious explanation is that it was an affordability election. Many Americans felt like the last four years, and in many ways, the last few decades, had just gotten too unaffordable when it came to the most important parts of their life, especially housing. And you look at this right now, you know, an extremely high share of Americans are spending more than 30% of their income on rent or on mortgages. It was just recently reported a few weeks ago that the average age of the first-time homebuyer has increased to an all-time high. It's very, very difficult for many Americans to afford rent, but it's particularly hard for young people to buy into this market. And so I don't think it's a coincidence that you saw young people, and in particular, young men, move sharply away from the Democratic Party, which has historically been the home of young people, and the Democratic Party, and the Republican Party, and the Republican Party, toward the Republican Party. It was a vote of protest. It was people saying, the current status quo is absolutely inexcusable. And the truth is, it is inexcusable."
uV-uNp0XPrg,uV-uNp0XPrg.wav,data/uV-uNp0XPrg.wav,"Hello, I have some big news to share. You might remember that nine months ago I offered to pass over Ted's leadership to whoever came forward with the best vision for Ted's future. It seemed like a crazy idea to some people at the time, but we were deluged with many amazing ideas from individuals, organisations, companies. It was unbelievably exciting and today we have a decision to announce. In the end, we're not going with a giant company or investor group, tempting though that was. We decided Ted should remain a non-profit and I'm thrilled to announce that its new visionary is none other than the remarkable Sal Khan of Khan Academy. The ideas that Sal has shared with me about what Ted could do or become have me beyond excited and I can also confirm that he shares the values that matter so much to him. I'm so happy to be here today. I'm so happy to be here today. Sal has been a great mentor to so many of us in this community. I mean, for one thing, it's the commitment to use the internet the right way, to share knowledge freely to as many people as possible in the world. So Sal is joining Ted's board as vision steward. At the same time, we're announcing a successor to Jay Hirate, the CEO who has served me so brilliantly these past five years. She is Logan McClure Davder. She co-founded TED's Fellows Programme, actually, and in recent years has served as Head of Impact. She's wonderful. The combination of her with Sal, I'm persuaded, is the perfect solution for TED's next chapter. Now, we can't announce today the details of their vision, but just you wait. Just you wait. So, I'm staying on the board to support and to cheerlead as best I can, and we invite you to come and join us on this journey. It's going to be very, very special indeed. Thanks for listening."
NmsY4drnh6k,NmsY4drnh6k.wav,data/NmsY4drnh6k.wav,"A spectacular realization was had in late 1979 by a young scientist named Alan Guth, and that's called cosmic inflation. What was it like during inflation? This was a universe that was empty. The only energy in it was intrinsic to space itself, but it was a large amount of energy that caused space to double and double and double in size in all three dimensions in a tiny moment of time. When that same moment elapses again, it doubles again in all three dimensions. Inflation is relentless. It is rapid. It empties out the universe. It stretches it flat. It gives it the same properties everywhere, and that helps explain what we would otherwise have as these unexplained initial conditions that the hot big bang might have had in the early 1990s. started off with."
7MyBKguWNyQ,7MyBKguWNyQ.wav,data/7MyBKguWNyQ.wav,"It is nicer to think that you are here for some kind of reason that's written into the rules of the universe than that it all is just a happy or unhappy accident. But it does also seem completely bewildering that we would just exist for absolutely no reason. I mean, the nihilist ultimately has to posit that there is either no reason for our existence, which seems completely ludicrous. There needs to literally be a reason why things exist. Or that there is some kind of reason, but it's completely arbitrary, which also just seems a bit bewildering. I mean, whatever is the answer to the grand mystery of why anything exists at all, it seems a little unsatisfying philosophically to say that it just could have gone the other way and there could have just been nothing. It seems a little, well, on the surface, it seems a little implausible. And so whether you are more convinced by the implausibility of meaning elitism. Life or the implausibility of it all just happening for no reason, I think will ultimately depend on your emotional state."
jLkKo9o-jcY,jLkKo9o-jcY.wav,data/jLkKo9o-jcY.wav,"A sandwich has more regulation than AI. Hundreds of billions of dollars are being invested every year on developing this technology, and this is growing. These companies have a stated goal of building machines that will be smarter than us, that can replace human labor. Yet, we still don't know how to make sure they won't turn against us. National security agencies around the world are starting to be worried that the scientific knowledge that these systems have could be used to build dangerous weapons, for example, by terrorists. Recently, last September, the O1 system from OpenAI was evaluated, and the threat of this kind of risk went from low to medium, which is just the level below what is acceptable. We are blindly driving into a fog. This trajectory could lead, to loss of control. The good news is, there is still a bit of time. My team and I are working on a technical solution. We call it Scientist AI. It's modeled after a selfless, ideal scientist who's only trying to understand the world. Without agency, the Scientist AI could be used as a guardrail against the bad actions of an untrusted AI agent. And it works, because in order to make predictions that an action could be dangerous, you don't need to be an agent. You just need to make good, trustworthy predictions. We need a lot more of these scientific projects to explore solutions to the AI safety challenges. And we need to do it quickly."
Wks4MiNTE-Q,Wks4MiNTE-Q.wav,data/Wks4MiNTE-Q.wav,"We hear all the time how more young people should run for office, as though just convincing good leaders to run will fix our politics. But recruiting great talent is only half of the equation. If we really want to tackle polarization, we have to retain them, too. The average state legislator earns $20,000 less than the average American worker. In many states, legislative wages have lagged for decades, falling behind the cost of living. 43% of state legislators report being seriously threatened or assaulted in the past three years. And I've gotten too many phone calls from a legislator who's had their home address posted online or a brick thrown through their window. There are really easy policy changes that can make the legislature a more sustainable place for talented young leaders, from benefits like childcare to offering fair wages. Beyond that, states can invest in critical infrastructure like the state's public health system, which is a key part of the state's policy. And we're going to see a lot of change in that. We can also build support networks so that people who get elected and want to work across the aisle can find each other."
JvDeMrc6c6k,JvDeMrc6c6k.wav,data/JvDeMrc6c6k.wav,"Technology leaders of companies often think that it's all about the technology that you're building. And that to me was actually a hard-learned lesson. When I started Coursera, one of the first senior people that I interviewed for a role asked me, as Coursera co-founder, what would you like the culture here to be in? I sat there internally scratching my head saying, what is culture? I mean, you come to work, you do your work, you go home. I mean, what's culture and why do we need it? And, you know, it was a realization over time just how important culture is to an organization and to what extent organizations that work with very similar problems, very similar technologies, but with different cultures have hugely differentiated levels of achievement. Any single technology is not likely to withstand the test of time. Over time, you're going to end up having to replace this AI model with this other AI model. So what persists? What persists are your people and the culture that attracts those people and then they can then they contribute back to and continue to enhance the culture of collaboration, the culture of innovation, the culture of creating together, the culture of being bold and moving quickly. Those are the things that are going to be the persistent sources of success in this really fast moving world that we live in."
IuzK04m-Px4,IuzK04m-Px4.wav,data/IuzK04m-Px4.wav,"In 2028, flag football will debut in the Los Angeles Olympic Games. A hundred plus years of football. And our young ladies will be able to represent, will take the field in a sport that once had no place for them. We're not in the Olympic Games if not for the participation and the skill level of young women across the globe. The one thing that we have to be careful of, and this is why I'll challenge the group here. It is so important that we don't commercialize it for men or boys, because there's a tendency to do that. To commercialize a sport and create a commercial model for boys, and then yet we get satisfied with just access for women. No. We must create an equal playing field as we develop this great sport. This flag movement is real. It is creating options for young women that never existed before. The future of football and sports, it is through women. And it's now."
fs1M94c5AI4,fs1M94c5AI4.wav,data/fs1M94c5AI4.wav,"72% of American teenagers have formed a relationship with an AI companion. Can you imagine your first meaningful relationship is with an AI? Because here's what we know. The more time that you spend with something that doesn't demand anything of you, that never gets tired, that never needs to be nurtured, that never talks back, the less tolerance you have for the humans that do. And real intimacy, like going on dates or having sex, being in a relationship, it's messy. Awkward moments and uncomfortable, or you may stuff up and send the wrong text or say the wrong thing, and then you have to show up, apologise or forgive someone. There's so much friction. And that friction in intimacy, that's the feature. It's not a bug. That's where we build the muscles of human intimacy, where we learn empathy, communication, listening, patience. And with AI, that sort of building those muscles, it's gone. There's no workout. It's all easy, right? It's easy to meet an AI. It's easy to talk to an AI. It's easy to leave an AI. And when intimacy is that easy, I believe we lose something vital. And I'm not just talking about our tolerance for humans. I'm talking about our drive, our drive for growth, our ability to be uncomfortable and sit there in discomfort with someone and just sit in the muck, right, and work it out. Now, for future generations, how will they ever develop that capacity if they've never had to?"
_D8YJ6opZYU,_D8YJ6opZYU.wav,data/_D8YJ6opZYU.wav,"In my last full semester as an engineering student and over a two-buck chuck, my boyfriend and I lamented over the lack of glass recycling in Louisiana. The bottle we just finished would likely end up in a landfill, and we wanted to figure out how we could get all of this glass recycled. The next day, it took a quick Google search to remember that glass comes from sand and that sand is an increasingly finite resource. And the last puzzle piece we found was this small, human-sized machine that could crush one bottle at a time into sand, and we jumped into action. Since that late-night, wine-fueled idea, we've been able to divert more than eight million pounds of glass from our landfills. We quickly grew out of that small, tiny machine and upgraded a lot along the way. In a few short months, we'll be opening up our new facility, enabling us to recycle the 295 million pounds of glass entering our landfills annually. And with a combination of biodegradable sandbags and native marsh grasses, we've already restored thousands of square meters along our coast, converting open water back into thriving wetlands. But the key to our success so far isn't that we had all of the answers in the beginning or tons of money to try this thing out. The key was that we simply started, and we kept going. Somewhere, the belief that we, as individuals, could enact change trumped our doubts."
noVNEeU5CS8,noVNEeU5CS8.wav,data/noVNEeU5CS8.wav,"Empathy is not just walking in someone's shoes or feeling someone's pain. Empathy is the secret ingredient for finding a human connection. When you look at this picture, you might find yourself thinking about the politics of war. But when you see the person in this picture, you get to know Jessica. Jessica holds a flag they draped over her husband's coffin, who had recently been killed fighting in Iraq for America. When you're killed in combat, the US military send your clothes and personal belongings back to the family in a big box. I said to her, Jessica, maybe you should wear one of his army T-shirts as a tribute to him in the picture. She said, I would. But all his T-shirts are in the box. Maybe now, she said, it's time for me to face that emotion. We both knelt. We knelt at the base of her bed, and we undid a latch each of the box and lifted the lid, and she burst into tears. As I apologized, she said, you don't understand why I'm crying. I'm crying, she said, because I just realized they washed his clothes, and I wanted to smell him again. If you felt that, then something beautiful just happened. We all felt that together. What we felt is compassion, compassion for someone you've never even met. That's the power of human connection. We see each other not as strangers, not as opponents, but as creative partners. And then together, we rebuild this troubled world."
VsjrZDMAOi0,VsjrZDMAOi0.wav,data/VsjrZDMAOi0.wav,"the Caribbean population who has been in the UK longer than the West African population, their diets have become more affected due to dietary acculturation. Sugar, sweetened beverages, pastries, cakes were eaten more often by the Caribbean population in comparison to the West African population in the UK. So then how does this affect their health status? Heart disease is lower amongst persons of African and Caribbean heritage. However, stroke type 2 diabetes is higher amongst Caribbean and African populations in the UK. African and Caribbean populations have lower cholesterol levels in comparison to white European groups. If we know this, the public health messaging should promote the positives of traditional diets."
_-FqHYWq-kI,_-FqHYWq-kI.wav,data/_-FqHYWq-kI.wav,"Having a deck of cards in Auschwitz was like finding a gorilla in your bathroom. You know, what is he doing there, you know? And then Mr. Levine turned to me and offered me a card, offered me the deck and said, pick a card. So I picked a card and he performed a card trick for me. He performed a miracle. I never met him again. But the trick that he showed me stayed with me and enabled me to go around schools and try to make this world just a little bit better. So if you ever know somebody who needs help, if you know somebody who is scared, be kind to them. Give them advice. Give them a hug. Teach them a card. It's a card trick."
AJnkF4zA-VA,AJnkF4zA-VA.wav,data/AJnkF4zA-VA.wav,"What I wish I knew about smartphones and social media was that my problems with them were not due to a personal deficiency, but rather how these products are intentionally designed because they make a profit off of our attention and negative emotion. So by May of 2023, I had deleted all of my social media accounts. Instagram, Snapchat, TikTok, gone. I switched out my iPhone for this. I realized that my grand role in making the world a better place was found in the everyday interactions that I was neglecting and the friendships that I was letting wither. But let me be very clear that adopting abstinence didn't suddenly give my life meaning, but it gave me the building blocks in order to create a life of meaning, one that's centered around being a good daughter, sister, friend, the desire to engage with flesh and blood people, not platforms, and simply the time in my day in order to do all these things."
eoPW7J3ZJIU,eoPW7J3ZJIU.wav,data/eoPW7J3ZJIU.wav,"If you can believe it, after one generation in captivity, these little cuddly creatures forget how to survive in the wild. They literally have to be trained to be wild. How did they do it? Three reasons. One, they built a real community around the panda. Everyone, from scientists to school children and foreign tourists to local communities were rallying behind this animal. They were not going to let it die on their watch. And two, once they rallied, really the entire world around this animal, the poaching, which was rampant in the 1980s, stopped. And thirdly, and most importantly, they committed massive resources into creating more habitat, expanding habitat, reforesting areas. That's the most critical piece. That's the biggest piece of all of this."
cJdnprSg_1M,cJdnprSg_1M.wav,data/cJdnprSg_1M.wav,"Over the last few decades, global plastic production has exploded. In the year 2000, we were producing around 200 million tonnes. By 2010, we were producing 300 million tonnes. And by 2019, we were producing 460 million tonnes. It's light. It's flexible. You can almost mould it into anything you want. It's waterproof. It's sterile. And most importantly, it's cheap. I think this range of properties have been really, really key to its success, such that over, especially over the last 50 years, we've seen almost this explosion in global plastic production. But I think it's also its downfall. Because it's so flexible and so cheap, it's so, so easy to produce more and more and more of it. You can almost produce it at very little to no cost. And at the end of the chain, because it's so cheap, there's very, very little incentive to recycle it. It often costs more in terms of energy or money to recycle plastic than to just produce more of it in the first place."
YIlPJdJgAo4,YIlPJdJgAo4.wav,data/YIlPJdJgAo4.wav,"It's hard enough for a person to push back on a bully when that bully is their peer. But when that bully is their boss or has more power in the organization, it can feel almost impossible for the person to push back. And if you don't create checks and balances, then it's very hard for people to report bullying that is coming from their boss or from people who have more power than they do in the organization. So you want to make sure that you're creating checks and balances, that no one person has unilateral decision-making authority over who gets hired, who gets fired, who gets promoted, that groups of people are making those decisions. When you create checks and balances in your system, when you don't give unilateral decision-making power to any one person, you're not saying you're doing this because you don't trust your managers. You're saying you're doing this because power is not going to be your main source of power. Power is not going to be your main source of power. Power corrupts. Power corrupts everyone. And you want to create an organization where power doesn't corrupt. And you want to help foster leaders who get things done because they're building great relationships, not because they are trying to dominate."
DoVerWLfpZs,DoVerWLfpZs.wav,data/DoVerWLfpZs.wav,"How vulnerable are first-generation college students and young professionals who venture out into new worlds? In the United States in particular, there are very westernized, static notions of what it means to be competent, of what it means to be eligible, of what it means to show up as qualified. And when we think about professionalism, it just isn't professionalism. In a sense, if we really think about it, it is an identity construct that is steeped in whiteness. It is racialized. It is gendered. It is so many other things. And unfortunately, it does not take into account the diverse ways of being. Instead, it marginalizes it. What does it mean for us to show up as ourselves, as young professionals, as interns, across the spaces where we have autonomy, where we have control, so that we don't feel like as we acquire our education and as we acquire these professional experiences, that we don't have to shed who we are, that we can hold on to our most important things. Authentic selves."
fDJpEqqhhd4,fDJpEqqhhd4.wav,data/fDJpEqqhhd4.wav,"One of the things that really worries me is the way in which young men and young women have been increasingly persuaded that their problems are the fault of the other side. So on the right there's a strong tendency I think to say to young men, yeah you're struggling, which is true, and you know why? It's because of all those women taking jobs, taking positions, feminism's gone too far, etc. And almost blame women or the rise of women for the problems of men, which is very reactionary. But I would say it's true the other way around too. I think that many people on the political left have said to young women, sure you're struggling, you're not going to earn as much, and the labor market doesn't work as well for you, and you quite rightly may have some fears for your own prospects. And you know why? Because of those men, because of patriarchy, because of toxicism. masculinity. And so weirdly both sides have managed to politicize young men and young women almost against each other just at a moment in history where you'd want young people to be arm in arm against the structural problems that they're facing in the economy. I'm not saying it's a conspiracy, but if it was a conspiracy what you would do is you'd find a way to persuade young men and young women that what was happening was the fault of the other side of the gender divide, rather than the fault of the economy. Or our healthcare system, or the labor market, right? And so I think in different ways the politics of gender have ended up becoming really way too personal and not structural enough."
S5cHNgIMJxA,S5cHNgIMJxA.wav,data/S5cHNgIMJxA.wav,"Extraordinary Ukrainian strikes against Russian military targets, strategic bombers and others all over the country over this past weekend. Like nothing we've seen, asymmetric military strikes against a world's major nuclear power. Does it change the nature of the war? To understand that, need to know whether Putin is more or less likely to escalate on the back of it or engage more in ceasefire talks credibly. Need to understand to what extent President Trump is going to wash his hands of an escalating military conflict that he is not able to bring to close or does this make him feel like he has more influence over a Russia that has fewer cards than was presumed. And also what this does for the global military balance more broadly. When it turns out David can do a lot of damage to Goliath, that's pretty much what he's going to do. And that's what's going to happen. Not just a Russia Ukraine issue, that's an India Pakistan issue. It's a Taiwan China issue. It's a terrorism issue. It's something we need to think about all over the world."
vWI54OyP7WI,vWI54OyP7WI.wav,data/vWI54OyP7WI.wav,"This is a 3,000-page, leather-bound book that has over 17,000 entries. It's called the Encyclopedia of Invisibility. Now, this is arranged alphabetically, and the organizing principle was to try to include the kinds of things that you may not ever learn at school. Now, the great Robert Smalls freed himself from slavery, overtook a bunch of Confederate ships, freed a whole bunch of slaves from those ships, and then majestically marched on to become one of the first black congressmen in the United States. Then there's an entry on rhinoceros. Did any of you know there was a woolly rhinoceros? Then there's an entry on Sister Rosetta Tharpe, the mother of all rock and roll. Then there's an entry on the great John Edmonston, the man that taught a very young Charles Darwin the art of taxidermy and a whole lot more. To come to think of it, the only entry missing from this book is an entry that explains how you can put a full pair of socks into a dryer and somehow ... only one foot comes out. Now, after 12 years, a limited edition of this encyclopedia was published as an artwork. And this experience truly convinced me that there are an infinite amount of lost stories to be told, and there's no real limits to how they can be told. Can these lost stories hold a key that unlocks our sense of belonging? Now, I know all of you have access to lost stories. So please ... let's not let them be lost forever."
ffSZRAfeh_w,ffSZRAfeh_w.wav,data/ffSZRAfeh_w.wav,"You know, for a long time in this country, we did a very good job of adding houses in America's most productive places. So a place like San Francisco or Los Angeles or New York would get richer, and then housing supply would meet the demand of people who wanted to move to where the American dream was possible. But something very strange has happened to the American dream in the last few decades. In many cases, Americans are moving to more affordable areas. But these affordable areas aren't as good at social mobility, at helping the lower class move into the middle class, move into the upper class. So on the one hand, you have these cheaper places where upward mobility is difficult. And on the other hand, upward mobility is often very high in places like Boston, New York, San Francisco, Los Angeles. These are productive places where people move and benefit in many ways from their proximity to innovation and productivity. But these places are so impossible to afford a home in that people don't have the opportunity to afford a home in. People are leaving rather than staying. And so if you think of the American dream as being this idea of you can choose where you live, and wherever you live, you will also have the benefit of upward mobility working your way into an affordable middle class, the American dream in the last few decades has come apart. You can choose affordability, or you can choose upward mobility. But you can't have them both together. That's terrible. That's the opposite of the American dream. That is, you have to choose. You have to choose between the two things that you want."
RXx4yl2ouXc,RXx4yl2ouXc.wav,data/RXx4yl2ouXc.wav,"I don't think AI is lifelike at all. It can't move. It can't reproduce. It doesn't metabolize. It has no biological functions. But the question of whether it's conscious is something totally different. And I think that actually helpfully draws out the distinction as to why when people think they're interested in life, often what they're really interested in is personhood or consciousness. That's a much more complicated question because it does seem totally implausible that you can put some zeros and ones together and end up with a conscious agent with its own sense of interior experience. But it also seems pretty weird that you can just put atoms together in the shape of a brain and get the same thing. There is this great mystery as to how you take dead matter, you take atoms, and you order them together in a particular way. And suddenly, I can close my eyes and picture a triangle. Even though if I cut open your brain, you would not find a triangle. You would find a triangle inside of it. You would find mental activity, which is correlated with the experience of a triangle. And yet, there are true and false facts about that triangle. Has it got four sides? No, it's got three. There are true and false facts about it. It's a thing that you're picturing that has things you can predicate of it. But where is it? Where is the triangle? Well, it's in my brain. No, it's not. Because I can't cut open your brain and find the triangle. All I can find is the mental. It's the activity correlated with the triangle. The triangle itself seems to be literally immaterial. It's a complete mystery to people. A really exciting approach to this problem of consciousness is panpsychism. The view that if not that everything is conscious, at least that everything is made out of consciousness. That the fundamental stuff of the universe is consciousness. And it's when you put that consciousness together in various ways that you get more complicated conscious things. And so the mystery. Of how we go from one kind of thing to another vanishes."
Qu6xTcDmEs0,Qu6xTcDmEs0.wav,data/Qu6xTcDmEs0.wav,"We're all here on borrowed time, you know, our time is finite. And so how do you make the most of that? And that has been at least for me to find ways to serve or do good, to elevate almost our collective quality of life if possible. So I guess in the face of opposition, it's like the conviction, I guess, that is tested as to whether or not, you know, you kind of stay on the course, I guess, that you're on. Knowing that there's like an entanglement of systems or incentives or whatever that's kind of got us all trapped and just don't accept those things as inevitable and that it will take some kind of commitment to action. And you've also maybe got a willing willing to do that and know that it may not even be solved. Like in your lifetime. But that's the path that's worth walking. Yeah. In a way, it's not about like me or us and our beautiful ideas. It is about like the why we want to do it and who else is it for? And knowing that there will be benefits to many other people if we can find a way to get it right."
vNY8ORpAUSw,vNY8ORpAUSw.wav,data/vNY8ORpAUSw.wav,"No one will ever pay you what you're worth. They'll only ever pay you what they think you're worth. And you control their thinking. After my first year in business, I saw the profit increases that my clients were realizing and working with me. And I realized that I needed to re-evaluate my pricing. I was really underpriced relative to the value I was delivering. And I did that by asking key value questions. What are my clients' needs and how do I meet them? What is my unique skill set that makes me better qualified to serve my clients? What do I do that no one else does? What problems do I solve for clients? What value do I add? I answered these questions and defined the value that my clients get from working with me. Calculated their return on investment. And what I saw is that I needed to double my price. And I share the story because doubts and fears are natural and normal. But they don't define our value. And they shouldn't limit our earning potential."
K5NEEAr-D6Q,K5NEEAr-D6Q.wav,data/K5NEEAr-D6Q.wav,"This is me, about to perform one of the most dangerous stunts in cinematic history. This stunt has only ever been performed by one other person on the planet, Tom Cruise. So I think it's fair to say that this is the first time this stunt has ever been attempted by a mere mortal. This was the greatest logistical challenge our team had ever faced. And an amateur's mindset was crucial, knowing there's only room for improvement. And this feels great until we hit a plateau. Learning starts to feel like work, we have a little bit of experience, we start self-judging as we try, and many of us give up here. But if we could find a way to stay in that amateur's mindset, how much further could we go? We had to be unafraid to ask questions, to make mistakes along the way, and be willing to ask for help. On set, we had a fear-is-welcome policy. This meant that at any moment, anyone on the crew could raise a concern, and it would be addressed in front of the whole group. This strategy allowed us to fine-tune every single detail, from the custom contact lenses I wore to protect my eyes, to the tightness of the harness, to even the FAA approval paperwork. It was the only way we could ensure, without a doubt, we were ready for the impossible."
A9s-5NQOfqI,A9s-5NQOfqI.wav,data/A9s-5NQOfqI.wav,"Every day we are exposed to all sorts of potential pathogens, bacteria, viruses, fungi, parasites. And by the time we're full grown adults, there are actually more bacterial cells living on and in our bodies than there are our own cells. We've got to keep these in check, or of course we'll suffer and potentially die. And that's the job of our immune system. And our immune system operates on the very same principles as the staircase of evolution. It involves a process based on mutation and selection. And that's because there's a specific genetic mechanism that mutates the antibody-encoding genes, leaves the rest of the genes in the body alone. But just the antibody genes start undergoing a process called hypermutation, and therefore generating all sorts of antibody variants. And the antibody variants that recognize the pathogen better are still in the body. And that's why we're so excited to be here today. So here we go. We're climbing the staircase. So this hypermutation process, you now select antibodies. And this can go through various cycles to make ever better and better antibodies. So late in an immune response, say for example, the second week you're recovering from a flu virus, your immune system is ever more potent, ever more powerful in defeating its enemy because it's up that staircase. And that's why we're climbing the staircase. So this hypermutation process, you now select antibodies. And this can go through various cycles to make ever better and better antibodies. So here we go. We're climbing the staircase. So here we go. We're climbing the staircase."
XNwcCMkV4ko,XNwcCMkV4ko.wav,data/XNwcCMkV4ko.wav,"I spent all day long managing other people's money, so I was relieved that my husband was interested and good at managing ours. I was free for the first time since that first job at 16 years old. I didn't have to be responsible for managing my money. But what I failed to realize was what felt like freedom was really dependency. My mistake is that I didn't stay involved or understand what was going on with our money. You may have experienced this yourself, or you may have heard stories of celebrities or professional athletes that have relied on family, friends, and others to manage their money and they are left broke, bankrupt, and betrayed because they made the choice to hand over their financial power. The Purple Purse has coined financial abuse the invisible weapon because physical abuse leaves bruises and scars, but financial abuse doesn't. Financial abuse and financial dependency leave emotional pain. Financial abuse and financial dependency leave emotional pain. Financial abuse and financial dependency leave emotional pain. Financial abuse and financial dependency leave emotional scars that you can't see. Financial abuse and financial dependency leave emotional scars that you can't see."
azW8XQ2FoXM,azW8XQ2FoXM.wav,data/azW8XQ2FoXM.wav,"What parent would trust their child's health to an AI system unless you could run some basic diagnostics? What professional would trust an AI system with job decisions unless you could retrain it the way you might a junior employee? People feel like an afterthought. They all know that their data is harvested, often without their permission, to create these sophisticated systems. They know that these systems are determining their life opportunities. They also know that nobody ever bothered to ask them how the system should be built, and they certainly have no idea where to go if something goes wrong. We need a better feedback loop between the people who are making these systems and the people who are best determined to tell us how these AI systems should interact in their world. If you own a piece of technology, it could be a tractor, a smart toothbrush, a washing machine. You should have the right to repair it if it breaks. The right to repair needs to extend to artificial intelligence. You could have a diagnostics board where you run basic tests that you design, and if something's wrong, you could report it to the company and hear back when it's fixed. We won't achieve the promised benefits of artificial intelligence unless we figure out how to bring people into the development process."
E9Pfdtp_y24,E9Pfdtp_y24.wav,data/E9Pfdtp_y24.wav,"The entire cavalcade of mind-controlling parasites, fungi and viruses, and worms and insects and more, that all specialize in subverting and overriding the wills of their hosts. This caterpillar was attacked by a parasitic wasp which laid eggs inside it. The eggs hatched and the young wasp devoured the caterpillar alive before bursting out of its body. The caterpillar didn't die. Some of the wasps seemed to stay behind and controlled it into defending their siblings, which are metamorphosing into adults within those cocoons. This caterpillar is a head-banging zombie bodyguard defending the offspring of the creature that killed it. I think this is part of what makes parasites so sinister and so compelling. We place such a premium on our free will and our independence that the prospect of losing those qualities to forces unseen informs many of our deeper societal fears. Orwellian dystopias and shadowy cabals and mind-controlling supervillains are the ones that are most important to us. These are tropes that fill our darkest fiction, but in nature, they happen all the time."
MfpBmAWZZCo,MfpBmAWZZCo.wav,data/MfpBmAWZZCo.wav,"In the Pacific Northwest, the trees need salmon. What? The trees need salmon. Basically, rivers don't have a lot of nutrients. A lot of the nutrients in those rivers comes in from the ocean in the form of salmon bodies. And when those salmon are taken by all sorts of carnivores and when those carcasses are left on the stream banks, the nutrients from those carcasses fertilize the trees. And we can actually trace those nutrients from the ocean into the trees in the Pacific Northwest. Who would have thought of such things? As we've learned about all sorts of hidden connections and ecosystems, we're realizing, first of all, why were some of our actions so damaging? But the flip side of that coin is why a little bit of action now can be so rewarding, can be so positive, and that these systems, these sort of webs of life, can be restitched. Just by the introduction of certain key creatures."
l5aRf9wj3wg,l5aRf9wj3wg.wav,data/l5aRf9wj3wg.wav,"The most common question I get about robots is about vandalism. I could see that. And so what's the real answer? The real answer is it doesn't happen as often as people ask me the question. Like robots can complete deliveries at a better reliability rate than actually human careers right now. And that like a small percentage of failure includes vandalism and everything else that could go wrong. So I've always had noticed this phenomenal that we have such a low opinion of ourselves for some reason. And I don't know where that comes from. Maybe it's Hollywood. Every apocalyptic movie, you know, people are behaving the worst possible way. I remember when I first moved to Canada and there was some issue with the water. So everybody had to go get water from the store rather than like from the pipes. And people were so kind. But when you see that in a movie. Right. They're all killing each other. Exactly. I'm like, I don't know where this gap comes from, but we definitely have a low opinion of ourselves. I would argue social media is the culprit of a lot of this, right? Because we have this mechanism that seems to bring out the apocalyptic. And it's the absolute worst in people. And then the regulations are this is a case where there's not nearly, in my view, enough regulation around innovation. Because as I understand it, human beings have an inherent negativity bias because it's literally what makes us leave the house when we smell gas. It's what went back in the old days where if we saw a lion, you walked in the other direction, right? Like you have to have it to survive. If you have two headlines to click on. And there's endless A-B testing showing this. You're going to most likely click on the negative headline. So all of the people that own these platforms, if all of the money they make is basically just based on clicks, which is 99% of their business models, then they are perversely incentivized to push the most toxic content towards people. And so we are seeing the worst stuff. And if you think about it, in many ways, social media is almost the unhappiness machine."
NPdOxpU1F1s,NPdOxpU1F1s.wav,data/NPdOxpU1F1s.wav,"There's a long history of people claiming planets which look Earth-like, Earth 2.0, Earth twins. Some of them have evaporated and have now gone away. I think a famous example was Gliese 581 g. That got a lot of people very excited, but of course within I think two or three weeks another independent team showed that this planet was not real. And so I think the public has been exposed to many headlines in newspapers and on TV that have claimed Earth twin found, and haven't really kept track with the fact that many of those Earth-like planets didn't stand the test of later scrutiny. And so there is a sense of exhaustion at this point. I think a lot of people probably naively assume that we have a whole bunch of Earth twins at this point, and that's really not the case. Of course a lot of this really depends on what we really mean by an Earth-like exoplanet. For me I would have four criteria. It would have to be roughly the same mass as the Earth, the same size of the Earth, have a similar temperature to the Earth, and be around a Sun-like star. Now we know of many exoplanets which tick those first three boxes, but to tick all four is very tricky. And in fact we have zero exoplanets which tick all of those boxes. Probably the closest planet to it is called Kepler 452 b. Unfortunately soon after it was announced people contested whether that planet was real or not. So it's sort of in that in-between grey territory where it's not been refuted, but it's not exactly confirmed either. That is probably the closest Earth-like planet I can think of in the catalogue. On top of that though we have many exoplanets that tick the other three boxes. They are Earth-mass, Earth-size, and have the right temperature, but they're not around a Sun-like star. They're around most typically these red dwarf, M-dwarf stars as astronomers call them. These are planets that are much closer into the star. TRAPPIST-1 is a great example of an exoplanetary system that has multiple planets in the habitable zone of its star which are all rocky. However we just don't really know whether these red dwarf stars are sufficient for life to begin around them. Maybe there is something about the radiation that comes off those stars that is so different that it prevents the emergence of life or perhaps exterminates it after a period of time. So if we want something where we're absolutely assured this satisfies all the criteria that the Earth enjoys, unfortunately we still lack a true Earth twin."
Ylksfk_Y-2k,Ylksfk_Y-2k.wav,data/Ylksfk_Y-2k.wav,"And so I'd like to suggest that making sport all about winning is actually a net loss for our society. So if we want sport to be this societal value-add, right, this path to responsible citizenship, then I think our coaches, the leaders of these athletic endeavors, have to be somehow responsible for these life skill outcomes in addition to the sport skill ones. And for coaches to build trust, well, they've got to be trustworthy, right? Now, trustworthy coaches are going to lead with character and integrity. They're going to be credible sources of knowledge and information. They're going to be consistent in their actions and interactions. They're going to be loyal to those they coach. And they're going to be real, right? They're going to be authentic. I think it's a privilege to be called coach. It's certainly not a right. And remember, it's not about you, but it is up to you."
aWhWjd3o78A,aWhWjd3o78A.wav,data/aWhWjd3o78A.wav,"Free speech belongs to everyone, or it belongs to no one. I believe that there are four truths that everyone needs to understand that can help get us back to understanding and appreciating free speech. Free speech makes you safer. It's about knowledge. Simply, you are not safer for knowing less about what people really think. I'll give you an example. Lizard people who live under the Denver airport do not in fact control the world. They don't, I'm sorry. But knowing that your future husband thinks they do, or your congressman thinks they do, or every single one of your neighbors thinks they do, is pretty important information to have. Truth number two, free speech cures violence. Now, I have experienced real violence. I was once punched out. I was randomly assaulted. I got a concussion, and I couldn't see out of this eye for a month. That's violence. And we insult the victims of actual violence by equating words with bloody violence. Free speech is not violence. It's the best alternative to violence ever invented. Truth number three, free speech protects the powerless. You only need a special protection for freedom of speech, like the First Amendment, for people who are either unpopular with power, or unpopular with the majority. This is why revolutionary figures like Frederick Douglass, Ida B. Wells, Mahatma Gandhi, Martin Luther King, and Nelson Mandela all championed freedom of speech. Now, truth number four, even bad people can have good ideas. I mean, like it or not, people with truly awful beliefs have made massive contributions. Take Werner Von Braun. Rocket science. He's a scientist. Got us to the moon. Also, Nazi. We all must remember that to understand the world, it's crucial to know what people really think. And that is only going to happen in a situation in which people feel like they can be their authentic selves. And for that, we need free speech."
cybrruQFaV8,cybrruQFaV8.wav,data/cybrruQFaV8.wav,"I think that it can be very good to imagine a bad idea every now and then. And it can be very smart to ask a stupid question. We assume, for example, that a vacancy is a piece of paper with a job description on it, written by the employer. But what if we had a creative vacancy without text? Or that's not on paper? Or without a job description? Or maybe one that's written by the applicant instead of the employer? What if we rebuild education without classrooms? Or we think of education without a school building, without a teacher? These are the types of questions that actually force us to be creative. It's not about what is right or wrong, but it's about what we can learn from something that at first glance seems absurd or idiotic. And that, to me, is the power of a bad idea."
00D3EsAO0hI,00D3EsAO0hI.wav,data/00D3EsAO0hI.wav,"The mirroring that I teach is not the same as the way most people think of mirroring. Most people when they think of mirroring they think mirroring body language, mirroring tone of voice, even using the same words. It's not that at all. The mirroring that I teach is much more simplistic and interestingly enough has a great impact on how the other person interacts with you. It's just repeating the last one to three words that they've said, word for word, one to three words, or it's repeating a selected one to three words. And what it really does is it helps connect people's thoughts. There will almost never be a time when you've mirrored the last three words of what someone said, when they want to go on and explain and reword and expand. And that mirror what it's just done is it helps give you a better understanding of what the other person is trying to say. It also gives you more time to think. It's a way to buy. Buy time in a negotiation."
SjaeHWRUu8o,SjaeHWRUu8o.wav,data/SjaeHWRUu8o.wav,"When I first started making cartoons for The New Yorker about a decade ago, I kept my ideas light and quirky. I didn't draw anything too personal. I mean ... personal for someone. I figured I was too specific, too hard to relate to and read possibly too female. It took a breakup to get me to start drawing more autobiographically. The pain I was feeling, although objectively pretty run-of-the-mill, was impossible to ignore. I knew that drawing was my strongest problem-solving tool, so I decided to diagram what I was going through. By making these drawings, I could see how my ex and I had hurt each other and move on, on to other breakups. Drawing from my own life was a revelation to me, not only because it helped me understand myself better, but because it made me see for the first time that people could relate to me. Now that I had this amazing tool, there were so many problems I wanted to solve with it. The problem of scheduling, the problem of too many things happening all at the same time, the problem, relatedly, of time, and finally, dating again. One thing back when I was still a student, too, my daughter might not score in math so well, maybe at the end of the month, coding ingosato, and she would tear the test result short, but keep in mind, I actually am being credited for my performance Rep 당시 sixty trex and I'm never going to do it again long. Once they got the test result, they were automatically lasts forever. And I learned a lesson in staging. So it's really important to listen to this study onboard each degree of experience. Now what I learned before hält up experience and even purchase an aptitude record,"
QxE_daTfpcc,QxE_daTfpcc.wav,data/QxE_daTfpcc.wav,"In this climate today, it feels like whatever conflict you're in, there's just three options. You can either avoid it, fight force with force, or you have to surrender. But actually, there's another way, and it's the only good way, particularly in this moment, which is cultivate good, healthy conflict on purpose. So for example, John and Julie Gottman, who study marriage at the Love Lab in Seattle, have found that there's something known as a magic ratio, where couples who have good, healthy conflict and stay together, they have about a five to one ratio of positive interactions for every conflict interaction, which seems like a lot, depending on your marriage. But five to one is about the same ratio you need with strangers or people in your office. You want to seize every opportunity to have positive, fleeting, good interactions. And then it's like money in the bank. So you can then have conflict, but you can also have conflict that's healthier. I've now followed people all over the planet who've been stuck in really toxic conflict. And what I've learned over and over and over again is whatever fight you're in, whatever your mission is, you're going to be much more effective if you can stay in good conflict, even in your own head. You're going to sleep better at night and make fewer mistakes."
UmuYndte61M,UmuYndte61M.wav,data/UmuYndte61M.wav,"Einstein in 1905 wrote a very beautiful paper for which he subsequently got the Nobel Prize. This is the same year that he wrote the special theory of relativity and a very famous paper on Brownian motion but it's a theory for which he was most I suppose well known at the time. It's a theory of something called the photoelectric effect. So the photoelectric effect is again it's an experimental observation that if you shine light on a piece of metal let's say some substance then the light can hit the substance and cause electrons to be emitted from the substance from that from the metal. But what was observed was that if the light is too long a wavelength or too low a frequency then no matter how bright the light then you can you can make it bright and brighter and brighter and brighter no electrons are emitted. This is a mystery. If you think of light as just delivering energy to something and just a not like a stream of little particles then it would seem that if you turn the intensity up bright light then you'd supply enough energy to knock the electrons out of the metal. That's not what happens so you find that there's a minimum frequency. Remember the frequency is the colour so it's almost like saying if I shine red light on a piece of metal I can't make it bright again. That's just a random looking example. on this thing. Then no matter how bright the red light is nothing happens but if I make the light a little bluer you get to a point where electrons start coming off and then that light can be quite dim but it will still emit electrons. So this was a mystery, it's called the photoelectric effect. Einstein explained it following Planck by saying that actually you can think of light as a stream of particles, photons, and then if the photons don't have enough energy to knock the electrons out of the material, then no electrons will emerge. So you could imagine just having one single photon, but if it has enough energy then it will come in and knock an electron out. That's essentially the photoelectric effect. It's important because it's the first time that we get the sense that this so-called quantization of the electromagnetic field, this chopping up of light into little packets is not to do with egentcheckoutlight.de subscribe should you spend way too much time impressions of this clip short pause airpoint choose here subscribe you subscribe to hear like share share and share the link in the description and click the link the link is in the description. the way that matter emits light, it's to do with light itself. The idea is going all the way back hundreds of years to pictures that Newton would have had of light being a stream of particles that you can really think of these things called photons, almost like little bullets that go and hit things and interact with them. So that's 1905. It's worth saying actually historically that that was very controversial at the time."
aakITN-2rXc,aakITN-2rXc.wav,data/aakITN-2rXc.wav,"So some of the reasons the LED walls are fun is because the actors get so much more information than acting in front of a blue screen. And I think there's a temptation to build less and less and to lean into the digital techniques more. But being able to make sure that set stays a magical space. You know, when we loaded the cast of Solo into the Millennium Falcon and there was a wraparound projection screen, and we didn't tell them in advance that it could do everything. It could do the whole Kessel Run. We just had stars up there. So as far as they could tell, it was a painting. So they got in there. And this was Ron Howard's idea, not to tell them, just like, let them get up there and experience. He's like, well, why don't we do a dry run? They're just still holding their script. They're half ready for the shoot. So they sit down in their spots. And this is Donald Glover, Phoebe Waller-Bridge, Alden. And I can't remember who else was in that particular shot. But their first time in the cockpit, Alden was playing Solo. So Ron does the countdown. And he goes, OK, ready, Rob? Cue hyperspace. And so we cue hyperspace. And the special effects guys shake the Millennium Falcon. And they're just all freaking out in there because they pulled the lever and they went into hyperspace. They didn't expect this to happen. And everybody was yelling and having fun. And then I heard Donald Glover say, after the take was all over, he leaned back because I was listening on the headphones. And he goes, this is the coolest thing I have ever done, which was just, I mean, to do that and have that be their first rehearsal, it changes what they're going to do on screen. It must transform acting. You can really put people there. Absolutely. Giant Space Monster appears on the screen. Everybody knows right where to look, exactly when to react. You get a different performance than if you're just saying, look at this. Get that tennis ball and ready, one, two, three. And actors are great. They can do it. But how much better is it when you give them the real thing?"
cvRtK485EcM,cvRtK485EcM.wav,data/cvRtK485EcM.wav,"We're going to go on a dive to the deep sea, a place where we thought no life at all. We find more life, we think, in diversity and density than the tropical rainforest, which tells us that we don't know much about this planet at all. And we used to see the most mysterious animals out the window that you couldn't describe, these blinking lights, a world of bioluminescence like fireflies. Dr. Edith Witter, she's now at the Ocean Research and Conservation Association, was able to come up with a camera that could capture some of these incredible animals, and that's what you're seeing here on the screen. But I want to jump up to shallow water now and look at some creatures that are positively amazing. Just fascinating how cephalopods can, with their eyes, incredible eyes, sense their surrounding, look at light, look at patterns. Here's an octopus moving across the reef, finds a spot to settle down, curls up, and then disappears into the background. This is a giant Australian cuttlefish, and there he is, his droopy little eyes up here. But they could do pretty amazing things too. Here we're going to see one backing into a crevice, and watch his, watch his tentacles. He just pulls them in, makes them look just like algae, disappears right into the background. Here's some algae in the foreground, and an octopus. Isn't that amazing? So here it is in reverse. Watch the skin color. Just an amazing animal. Can change color and texture to match the surroundings. Watch them blend right into this algae."
ZwBd3rHJvqU,ZwBd3rHJvqU.wav,data/ZwBd3rHJvqU.wav,"Thank you, Paolo! Wait, that was Paolo? Yeah! Oh, thank you so much! I gotta go, thanks. Oh my god, I've been looking for you all day. Tatiana gave me this Pandora's Legacy game, but it's missing a piece, but you said that you had it. Can you help me with that? Hey man, welcome to the games department. How can I help you? Uh, wait, haven't I seen you somewhere before? Maybe around the office. Anyway, I can help you get your missing piece, but you'll have to play a game first. Of course. Uh, what's the game? Come on. Um, let's take a look at the board. Okay. So all you gotta do is use the tiles to make the picture. If you get it right, you get your piece. If you get it wrong, you have to come back tomorrow and try again. Uh, but game night is tonight. Well, uh, I suggest you get it right today then. Okay. Let's do this. Pause now to figure it out for yourself. What did you say? Sorry, force of habit. Okay. This one. It goes here. Tick. Talk. What about? Tick. Talk. Tick. Talk. You know, that's really not that helpful. Thank you. Dude. Oh. Sorry, I just got a ton of points. First word. Sounds like. A bike. Bike. Bike. A wash. A basketball. Seriously? What's your name? Wait, Harry Potter. Harry Potter. Uh. Oh, no. What's your name? Okay. I think that's pretty good. You did it, man. It's a heart. It's a heart. Uh, can I get the piece now? Oh my god. Yeah. Here you go. Okay. Here's your piece. Finally. See you at game night. Bye. See ya. Yes. Okay."
hcdYfcSKcao,hcdYfcSKcao.wav,data/hcdYfcSKcao.wav,"You know, I have to admit, we have an unconventional relationship. A lot of people don't understand. We're not perfect as parents or people, but we honor each other's role in Sekou's life. The possibility of two parents who are no longer together, coexisting, supporting each other, loving each other, showing affection publicly in a way that honors the relationship with our son. We'd like to bring you all in to this nightly ritual of affirmations that Shaka does with Sekou every night at bedtime. I am great. I am awesome. I am amazing. I am thoughtful. I am kind. I am loving. I am caring. I am funny. I am smart. I am a big boy. I am a soldier. I am a soldier. I am a warrior. I am Sekou. I am a warrior. I am a warrior."
uY-NteGiQP4,uY-NteGiQP4.wav,data/uY-NteGiQP4.wav,"In the last few years, we have faced a new enemy. It's algorithms that were probably created for good intent, but they were created to maximize attention, which played right into this human cognitive bug of teaching millions and millions of content providers that the way you get attention is to stoke people's fear, to play up threats, to show that the other is really dangerous, and to create this world, this increasingly fractured world, where we're all addicted to things that make us angry at one level. And I don't think any of us are prepared to cede the future to those algorithms and to that version of humanity. Knowledge, insights, ideas, an attempt to persuade people to be their better selves, an attempt to bring people together, an attempt to be nonpartisan and to listen to people from all sides, and to say, it's, hello, the world really, really needs this. I think the world needs TED, or TED in partnership with other things, more than ever. We're at such a crucial point in history, the stakes could not be higher. You've heard the bones of the announcement. I've invited a new steward to present themselves, and if that happens, they will get, all of TED, the organization, conferences, the events, the brand. Like, it's a lot. So letting go is counterintuitive for any organization, but I'm convinced that it is the key to unlocking possibility."
OJJWCjAfl_0,OJJWCjAfl_0.wav,data/OJJWCjAfl_0.wav,"There's this company, Character AI, that has tens of millions of users. These are people who are essentially developing emotional relationships with chatbots, even if those chatbots aren't as advanced as they might be in the future at giving us everything that we want from an emotional relationship. And yes, people are going to hear like, oh, you're just recreating the plot line of Her. This is not a prediction. This is just you reciting the summary of a movie that came out a decade ago. But I think it's worth taking seriously the fact that many young people today have a relationship with their friends that exists almost exclusively through the phone, through texting, and maybe sometimes calls, but mostly texting and sharing memes. When you're texting with someone, like phenomenologically, what's your relationship with them? You're just exchanging bubbles. Here's my text bubble. Here's your text bubble. Here's my text bubble. At a level of experience, phenomenology, what is the real difference between texting a friend and texting an AI? I get the difference between a person and a machine, but the experience through your phone is very similar, which is why I'm worried that it's like we're blazing a trail upon which AI companions will easily, walk."
x0TWBs8jdoA,x0TWBs8jdoA.wav,data/x0TWBs8jdoA.wav,"I started to notice that there are buildings which are higher, or at least as high as the Empire State Building. Ultra luxury residential skyscrapers, which is a very secluded, untold and secretive universe, really only available to the very, very few who belong there. So I realized I have absolutely no way of getting into those places. But because I was in New York for three months, I really immersed myself in this obsession. So I had two options. I forget about it, or I become someone who's granted the access. And thinking about it further, my only real choice seemed to be to pretend to be an apartment-hunting Hungarian billionaire. This way, I even could pick which floor in which building I wanted to go to, and the access was instant. I had to be very special, whatever into the attic. From the potholes that covered the lineage of That's anotherων in front of me, and theft behind the walls."
cHKh0cih2FM,cHKh0cih2FM.wav,data/cHKh0cih2FM.wav,"I think a lot of people are experiencing their leisure time by dumping their attention into their phone. And as they're flicking through TikTok and they're flicking through Instagram, they're thinking dopamine hit, dopamine hit, dopamine hit. And what happens sometimes when we experience a really high dopamine period is that our reserve levels, our so-called tonic levels of dopamine drop. And so we're spending all this time on our phones, we put our phone down, we're like a little exhausted. Maybe a friend texts at that very moment and says, hey, you wanna get a drink? Hey, you wanna get dinner? Hey, you wanna just hang out outside the house? And what populates in our head is all the various ways that the adventure of leaving our home could actually be a misadventure. Ugh, I gotta do my hair, maybe I have to do my makeup, I have to find the new jeans that I wanna wear, I have to travel to meet them, I might not be able to park, the subway might be delayed, it might be a boring conversation with them, I'm not so sure that I have the emotional energy to be there for my friend right now. And so all we think of is the misadventure rather than the adventure of socializing. And so we say no, and instead we just go back to our phones. We are essentially dumping our dopamine, our drive into our screens rather than gifting it to other people. We're reserving our energy for glass rather than actual friendship."
kz7zkSaPN5A,kz7zkSaPN5A.wav,data/kz7zkSaPN5A.wav,"Where are we going to get the wealth to build the types of businesses that we want? And the answer is going to have to be cooperative economics. There's a lot of different versions of cooperativism. What I'm talking about today is worker ownership. Right now, today, in South Bronx is the country's largest worker-owned company, and it was founded by Black and Latinx home care workers who are now able to pay themselves living wages. They have full-time hours. They have benefits and a pension through their membership as a unit of SEIU. And these women owners now receive a dividend back on their ownership every year that the company has been profitable, which has been most years. They don't have any big investors. They don't have fat cat CEOs or absentee owners taking the profit out of the company. They each pay in about $1,000 over time in order to gain ownership, and now they own their job. I'm so inspired by what they're doing because it really represents an alternative to the type of economy we have now. Which exploits all of us."
fV_S83Q6UhM,fV_S83Q6UhM.wav,data/fV_S83Q6UhM.wav,"I do think we're fundamentally embodied beings and I think that we forget that element of the good life at our peril. And connection with other human beings is partly through our bodies, through how we look at people, how we listen to people, how we touch people, how we smell people. You know, when people deal with grief, they often talk about, you know, his smell still there. Or I, you know, kept his T-shirt and it's in a bag because I can still smell him and so on. So I think that part of communication, one of the things that worries me about the visual world is the elevation of one sense over all the others. So touching, absolutely essential. You know, we know that children that aren't caressed, cared for, cuddled and touched dreadfully and throughout their lives. You can't make up for a lack of caressing and touching in childcare. And I think that we forget that far too often as we become adults. So, I mean, you're absolutely right. Unwanted touch is absolutely horrific. And for the reasons that touch is important, it is intimate and should happen, I think, in other ways than just the medical touch or just the sexual touch. And I think the beauty touch is one of those socially sanctioned forms of touching that people are comfortable with."
U2mSyf2gL2o,U2mSyf2gL2o.wav,data/U2mSyf2gL2o.wav,"Why do we do this? Why do we go to space at all? What's the whole point? Well, the whole point is to benefit humanity. Let's stop and talk about that for a moment. What's gonna happen to humanity as we become a multi-planetary species? How do we make sure that the benefits that we experience are equally passed around? In 2020, NASA, with seven other countries and the State Department, pulled together the Artemis Accords. Now 42 nations strong, the Artemis Accords were originally inspired by Star Trek's Khitomer Accords, and around this idea that if we can find common ground, common values, that we could ensure that exploring space is for the benefit of all. Crazy, right? You're looking at me going, Utopian dreamer, that's absolutely nuts. We can't do that. Look at all the problems we have today. Well, guess what? NASA's already done it. Ladies and gentlemen, I give you the International Space Station, continuous human presence with a multitude of nations for almost 24 years. We want a universe based on peaceful exploration and cooperation. NASA aspires to do exactly that."
MiUcG0faA4g,MiUcG0faA4g.wav,data/MiUcG0faA4g.wav,"A question I get asked a lot recently is whether the workspace has a future at all in the digital era. And our answer is yes. The next generation of work environments needs to help people achieve their own state of flow. I love when a river magically disappears into a cave. Can you imagine a space at work that would trigger that same feeling of surprise and curiosity? These calm environments promote equal relationships. Their depth conveys the gravitas of an organization. They become the community anchor points where people can gain a strong sense of purpose, convergence, and belonging. I'd like to invite you to imagine how amazing the experience of work would be if we were all like drops of water in constant flow."
iNgAMIsrHYo,iNgAMIsrHYo.wav,data/iNgAMIsrHYo.wav,"Turns out that today the restaurant industry is 74% by foot traffic off-premises, which is to say that the restaurant industry right now is three-quarters about people grabbing food to eat at home rather than eating together with people from outside of their home. And I can't help but see this and connect it to the fact that Americans seem to be dating less than ever and coupling less than ever, getting married later in their lives, having fewer children. You can almost think about this as like a total life-scale effect where teenagers, by record, have fewer friends and spend less time hanging out, 20-somethings are dating less, 30-somethings are marrying less, and 40-somethings have fewer kids. Those are the social costs of the antisocial century. It's a world where people who might be biochemically tricked to not be able to live a life of social security, not listen to the voice of loneliness, the biological urge to be with people, demanding too much aloneness for themselves, so much aloneness that it's actually bad for them. And the costs of this at an emotional and psychological level are obvious. Rates of anxiety are going through the roof. Rates of social anxiety are going through the roof. Young people have never been more depressed or never said they had fewer friends. We're doing this to ourselves, and we don't have to. We're doing this to ourselves, and we don't have to."
kP_843mXS0o,kP_843mXS0o.wav,data/kP_843mXS0o.wav,"If we leave out the pure tax havens like Cyprus and Switzerland, Hong Kong, Singapore, Monaco, it turns out that we have on number five Denmark with 179 rich people per million inhabitants, Canada, New Zealand, Sweden, and on top Norway. Not only is it easier to get rich in a social democracy, but they are critical to the very institutions that have helped them getting rich. High taxes, which gives free education and more talent into the economy. Strong unions that are helping increasing the productivity. And the generous welfare state that make the unions accept downsizing because they know that their members will be well taken care of so the unions cooperate because of the safety net."
Wk1eTXm8ESY,Wk1eTXm8ESY.wav,data/Wk1eTXm8ESY.wav,"Why do institutions of higher education continue to perpetrate myths about violence? And I think it's because they're incentivized to. Because these ideas move culpability from the institution to the individual. It doesn't need to be this way. Our community can champion data-driven, research-based solutions. We can become a safer, more equitable place. And I want you to imagine this type of community. I want you to imagine if institutions would champion and acknowledge these structural roots of sexual violence. If they would publish data and share it with students, empowering them to participate in institutional decision-making, and assess what structural reforms can occur to make our campus and community safer. What would it mean if they didn't just brush sexual violence off as misconduct, but rather acknowledge it for what it is, violence? Imagine a community that prioritizes the safety of people. Within the community over institutional image."
huHi6D_MI7U,huHi6D_MI7U.wav,data/huHi6D_MI7U.wav,"In Texas Hold'em, each player is dealt two cards face down. The best possible starting hand is two aces. When you have two aces and you're up against any other pair, the chances that aces will win is 80% of the time. Even though you'll lose 20% of the time, you're supposed to go all in with aces 100% of the time. The times that you lose doesn't mean that going all in with aces was a bad decision. Life is also similarly probabilistic in nature, as there are no guarantees and no such thing as a sure bet. Start viewing your decisions as weighing them as the probability of something happening or the likelihood of your desired outcome against the probability of it not happening or the likelihood of the undesired outcome, and stop thinking in absolutes. That way you won't be afraid to make the same decision over and over again, even if it's produced a bad outcome. What you should focus on is the reasoning behind your decision and making sure that the basis of it is fundamentally sound, whether rooted in math, science, or just plain common sense."
A3-uG_zDpRc,A3-uG_zDpRc.wav,data/A3-uG_zDpRc.wav,"When I asked my research participants when and if they felt jealous, most of them said, absolutely I do, and regularly. But the research shows that when jealousy inevitably pops up, polyamorous people do their best to treat it as a valuable teacher, an indicator that they care deeply about someone. And then they take steps to move away from the terrifying fear of losing their beloved and move instead towards jealousy's opposite. And they even have a word for this feeling, and it's a word that we can all use. It's compersion. Compersion isn't about destroying jealousy. Instead, it's a feeling to move toward when jealousy tries to take over. It starts with little moves like taking a deep breath when jealousy is burning us up, or pausing when we'd rather lash out. Easier said than done, certainly. Jealousy typically inspires us to turn away from each other, and compersion is a conscious, turning toward joy, turning toward each other, turning toward connection."
Upz0RbC0Yxk,Upz0RbC0Yxk.wav,data/Upz0RbC0Yxk.wav,"Did you know some people are trying to find a cure for autism? That's because they see it as a negative thing, as a disease. Many people are challenging the idea, and to us, we think autism is not a disease. It's just another way of thinking and looking at the world. I'm not great with my emotions, and I communicate differently, and because of that, I was diagnosed with autism spectrum disorder. This diagnosis helps me and my friends and family to know how my mind works. And in the world, approximately one percent of the population is diagnosed with autism spectrum disorder, and this number is growing, and there are still lots of people that do not see us as equals. Think of it like comparing an Xbox and a PlayStation. They're both highly capable consoles with different programming, but if you put your Xbox game and a PlayStation, it won't work because the PlayStation communicates differently. The main problem with living autistic in today's society is that the world just isn't built for us. If autism was seen as part of a natural human spectrum, then the world could be designed to work better for autistic people. I am not ashamed of my autism. I'm still human, and I am not diseased."
K422SxkogLk,K422SxkogLk.wav,data/K422SxkogLk.wav,"I think a lot of people are experiencing their leisure time by dumping their attention into their phone. And as they're flicking through TikTok and they're flicking through Instagram, they're thinking dopamine hit, dopamine hit, dopamine hit. And what happens sometimes when we experience a really high dopamine period is that our reserve levels, our so-called tonic levels of dopamine drop. And so we're spending all this time on our phones, we put our phone down, we're like a little exhausted. Maybe a friend texts at that very moment and says, hey, you wanna get a drink? Hey, you wanna get dinner? Hey, you wanna just hang out outside the house? And what populates in our head is all the various ways that the adventure of leaving our home could actually be a misadventure. Ugh, I gotta do my hair, maybe I have to do my makeup, I have to find the new jeans that I wanna wear, I have to travel to meet them, I might not be able to park, the subway might be delayed, it might be a boring conversation with them, I'm not so sure that I have the emotional energy to be there for my friend right now. And so all we think of is the misadventure rather than the adventure of socializing. And so we say no, and instead we just go back to our phones. We are essentially dumping our dopamine, our drive into our screens rather than gifting it to other people. We're reserving our energy for glass rather than actual friendship."
6DWPu9UHe5o,6DWPu9UHe5o.wav,data/6DWPu9UHe5o.wav,"Two years earlier, energy companies had arrived, promising jobs with the construction of a new mine for oil shale, a rock that can be turned into a range of fossil fuels. They reassured residents that this safe and proven technology would have no negative impacts. Yet right away, people started to get sick. One of the factory workers said he couldn't wash his clothes with his family because his children broke out in rashes. The community submitted over a thousand complaints to the public health department. And when the EPA finally agreed to investigate, some of the investigators left early, fearing for their own health. Instead of bringing prosperity, it destroyed livelihoods and, to quote Peter, resulted in the death of the community. Targini didn't know what was coming for them, but we do. We know the motivations of the fossil fuels. We know the financial industry. We know that in 2022, the five biggest oil and gas companies made a record-breaking 195 billion US dollars in profit, while people died from heat in the summer and cold in the winter, unable to afford their energy bills. You don't need to be an activist. You just need to care. Be prepared to stand up against those who would bully you. Bulldoze people in the name of profit."
W_GeyVpCDa4,W_GeyVpCDa4.wav,data/W_GeyVpCDa4.wav,"Federal courts have never been able to fully escape the pull of partisan gravities. Now, Congress and the media echo with proposals for fixing the courts. Term limits, additional seats to the bench, ethics codes, all of these are proposed. And there's a lot to be said for and against many of these ideas. But none of them cut to the heart of the problem. That is the way that our judicial appointment system creates predictable, powerful incentives for political actors, elected politicians, to try to capture the courts. The fix is not rocket science. Many other nations have ways of appointing judges that do not involve politicians. The citizens of those countries understand how important that installation is. The way that installation from politics is."
mxdJMIog5y8,mxdJMIog5y8.wav,data/mxdJMIog5y8.wav,"I've spent nearly two decades observing what makes people luckier than others and trying to help people increase their luck. So how do you catch the winds of luck? It's easy but it's not obvious. The first thing you want to do is to change your relationship with yourself. Be willing to take small risks that get you out of your comfort zone. The second thing you want to do is to change your relationship with other people. You need to understand that everyone who helps you on your journey is playing a huge role in getting you to your goals. And if you don't show appreciation, not only are you not closing the loop, but you're missing an opportunity. And third, you want to change your relationship with ideas. Most people look at new ideas that come their way and they judge them. That's a great idea or that's a terrible idea. But it's actually much more nuanced. I'm going to show you how to change your relationship with other people. Ideas are neither good and bad. And in fact, in the seeds of terrible ideas are often something truly remarkable. Yes, sometimes people were born into terrible circumstances and sometimes luck is a lightning bolt that hits us with something wonderful or something terrible. But the winds of luck are always there. And if you're willing to take some risks, if you're willing to really go out and show appreciation, and you're willing to really look at ideas, even if they're crazy, through the lens of possibilities, you build a bigger and bigger sail to catch the winds of luck."
K7zOzBmCt04,K7zOzBmCt04.wav,data/K7zOzBmCt04.wav,"In 1943, the residents of Los Angeles woke up to a smog so thick they thought the Japanese had launched a chemical attack on the city. They hadn't. We had launched a chemical attack on ourselves. The industrial revolution of the second half of the 19th century and first half of the 20th century despoiled the environment. And so we responded to that despoliation by passing a set of laws and enacting a set of customs to stop government and business from building without reserve. We passed a series of environmental bills, the Clean Air Act, the Clean Water Act, the National Environmental Protection Act. We passed laws to protect endangered species and migratory birds. We passed a set of laws that in many ways have made the world better without question. But what happens sometimes in American history is that the solutions to one generation become the problems of the other. The problems of the next generation. We solved a set of problems in the middle of the 20th century, like pollution throughout the country, that have now made it harder to change the physical world. We created through NEPA a way for individuals to sue the state and to sue businesses to stop them from making any change to the physical environment around them. And what that's done is make it harder to build dense housing, or add solar panels, or add wind turbines. And so ironically now, that dense housing is good for the environment, and clean energy is good for the environment, the very environmental laws passed the 1960s and 1970s now make it difficult to be a real environmentalist in the 2020s."
WILh9FErpAI,WILh9FErpAI.wav,data/WILh9FErpAI.wav,"When I read a good fraud case, most of the headlines are intentional pro-retirees. Bernard Madoff, the Enrons of the world. These are people that set out to defraud. They tend to be pretty savvy, pretty arrogant, pretty confident. Notice these are traits that we tend to admire in a corporate structure. They don't set out to just think about how I can defraud every person that walks down the street. They know their organization well. They know the internal control weaknesses inside the organization, and they use that and exploit it for personal gain. So when you think about Madoff. Madoff is alleged to have duped investors out of a staggering 50 billion dollars. Madoff was powerful. His credentials seemed impeccable. A former chair of the Nasdaq. No one questioned him. Everybody wanted to be invested in his fund, and there were very little internal controls around him. What he said is what happened. That's an intentional perpetrator. When other people"
MjfOtj07JcY,MjfOtj07JcY.wav,data/MjfOtj07JcY.wav,"We're all in orbit around the center of the Milky Way galaxy. How big is this collection of stars? Somewhere between 200 and 400 billion suns in the Milky Way galaxy. About 100,000 light years across. And that's a fairly typical size for a large galaxy. One galaxy, one island of stars, 100,000 years for light to cross it at 186,000 miles per second. And then you say, well, what about the nearest galaxy? So you go outside and if you know where to look, you can just about see our nearest neighboring large galaxy. It's called the Andromeda galaxy. A bit bigger than the Milky Way, but give or take, let's say 100,000 light years across or so. Maybe double the number of stars we think in the Andromeda galaxy. That galaxy is two and a half million light years away. Because it means the light entering your eye began its journey before we could see it. So it's a very, very small galaxy. Before we had evolved on Earth."
VDKWI0zLrrY,VDKWI0zLrrY.wav,data/VDKWI0zLrrY.wav,"Effective altruism suggests that if you are going to be altruistic, then you should try to be as effective as you can with what you're doing. Zell Kravinsky was an interesting man who had an ability to make money from real estate investments. But he didn't really want the money. He was quite comfortable living with his family in a suburban home near Philadelphia. So he decided that he would give almost all of it away. Zell decided to start looking at the possibility of donating a kidney. He went to a hospital in Philadelphia and told them that he wanted to donate a kidney to a stranger. And they looked at him as if he was a bit crazy. Eventually he did persuade them. On his estimate, there was only a one in 4,000 chance that donating a kidney would lead to his premature death. His kidney saved a life and he thinks that if he hadn't done that, he would have been valuing his own life at 4,000. 4,000 times that of a stranger."
twQB0A-QOgk,twQB0A-QOgk.wav,data/twQB0A-QOgk.wav,"I want to share an actor's secret that I learned, that I call the leader stance, so that when you find that moment when you need to step forward and present the best possible version of you, you can do so with confidence. You see, when you study the Greeks and Shakespeare, the great playwrights, you get to explore characters that are kings and queens, but you also have to explore their servants and their jesters. And you learn quickly that kings and queens that are respected have height and stillness. Their eye contact is steady and sustained. Their eye movements are slow and intentional. They take space. They open up their bodies and they take space. This is the leader stance. You might be thinking, yes, but it doesn't feel like me. And to that I say, well, it's not you, is it? It's a character that you're adding to your repertoire, a new empowered version of you."
uiGc1u2ikT8,uiGc1u2ikT8.wav,data/uiGc1u2ikT8.wav,"In times of anxiety and uncertainty, humans tend to split the world into us versus them, good and evil. It's a very natural tendency, a way to feel more comfortable. But we make a lot of mistakes in the long term because most people don't neatly fit into two camps. So for example, nine out of 10 Democrats say all students should learn how the Declaration of Independence and the Constitution advanced freedom and equality, and that George Washington and Abraham Lincoln should be admired for their roles in U.S. history. That's twice as many as Republicans typically imagine. Nine out of 10 Republicans, meanwhile, say Americans have a responsibility to learn from our past and fix our mistakes, and that the Reverend Martin Luther King Jr. and Rosa Parks should be taught as examples of Americans who fought for equality. That is nearly three times more than Democrats believe. Eight out of 10 Americans think that political correctness is a problem. Same number say that hate speech is a concern, too. So the number one antidote is to have relationships with people who aren't like you, who look differently than you, or vote differently than you, or pray differently than you. Then you will be much less likely to make this mistake of splitting the world into a false dichotomy or an us versus them."
FZi3T7CE_Hk,FZi3T7CE_Hk.wav,data/FZi3T7CE_Hk.wav,"There's a winner's game and a loser's game. What does that mean? Well, let's use tennis. There are two games in tennis. The game the professionals play, the top 0.01% of players, they play the winning game. They win by scoring points. They serve aces. They hit with power and accuracy. They kiss the line. They do fancy drop shots, lots of top spin. They keep the ball away from their opponent. And then there's the game the rest of us play, us 99.9% of the world who are amateurs. How do us amateurs play? We lose through unforced errors. What sort of unforced errors? We double fault because we're trying to serve too hard. We hit the ball long. We hit it wide. We hit it into the net. We hit it right to our opponent. Instead of trying to play outside ourselves, beyond our own ability, us amateurs... Us amateur tennis players just return the ball. Just keep it in play. Don't try and kill it. Don't try and hit the line. You are not skillful enough to do that. A handful of professionals, a tiny number of people, they can pick stocks and know when to sell them. They can identify which sector or country to invest in. They can time the markets. That's the 0.01% of people and their household names. You know who Warren Buffett or Peter Lynch is. He toldDearly, my good friend Ford, that's the official US over upward price index line up of the world makes up crczyk socialon. Who's人民 제통 ears? Equally."
lg4N2V-tyow,lg4N2V-tyow.wav,data/lg4N2V-tyow.wav,"I so do not think of myself as a disrespectful person. I don't intend to be disrespectful. I never wanted to harm people. And yet, like all of us, I've been biased, I have prejudices, and I have bullied others. So what can you do when you get feedback that you've been disrespectful? I will tell you what not to do. I'll tell you what I'm tempted to do in that situation. There was one time when I was giving a presentation and I was making kind of an offhanded joke about myself as short, blonde, and Southern and how other people responded to that. And I didn't understand the other side of those stereotypes. And a woman in the audience stood up and she said, you have no idea how offensive what you just said was. And she left the room in tears. And I didn't know what I had done wrong. And instead of doing what I should have done, I just sort of raced. I raced to an apology to move on and finished the presentation. And that made a bad situation worse because it looked like I didn't care what I had done wrong. So what did I learn from that situation? It's my job to be aware of what I did wrong. It is not someone else's job to educate me. And it's certainly not the job of the person that I was just disrespectful to, to educate me. Really hard to become aware of these things. But as my son's baseball coach said, you can't do right if you don't know what you're doing wrong."
XjLjxQRew7c,XjLjxQRew7c.wav,data/XjLjxQRew7c.wav,"In studies, uncertainty has been found to cause more stress than individual pain. The reason why is because when we know we're going to experience pain, we can mentally prepare for it. Whereas when we're facing uncertainty, the doubt of not knowing what kind of pain, what level of pain, is actually more stressful than knowing exactly what's going to happen. This is also why we prefer getting bad news than waiting for an answer. This feels better. Now we know. Even if it's negative, we feel like we're in control. Our brains are wired to fear uncertainty, and that makes sense from an evolutionary perspective. When you think about the conditions in which our species started, the more information you had, the more likely you were to survive. A weird noise in the bushes or a new food that you'd never tried before, all of these could be lethal. So anytime you find yourself in a situation where you feel like you don't understand everything that's going on, where you feel like you don't have all of the information, your brain is trying to get you out of the situation. And that's why we feel like we're in control. We get to a solution. And obviously this was very useful in the jungle, but not so much in our modern environment. We try to get to an answer as quickly as possible, which means we sometimes go for the most obvious one rather than the most interesting one. It might even reduce our ability to connect with other people, because we'd better stay with people that we understand and people we know rather than trying to connect with strangers, because that could mean danger. That means uncertainty, and that means fear and anxiety. Instead of fearing uncertainty, we try to get to the most obvious one. And that's why we feel like we're in control. We should learn to collaborate with it. The reason why is because uncertainty is inevitable. So we may as well try to learn from it. What that looks like is seeing uncertainty as an opportunity for learning and from growth. When there is no uncertainty, when we know exactly what we're doing, that means we're not growing anymore. So we should actually seek uncertainty, embrace it, and every time we face it, saying, hello, welcome back, let's work together. All scientists know that real growth requires both trial and error. If you keep on repeating the same trial and everything works as expected, it means that you're not growing, you're not learning anything. You're just repeating the same thing that you know is working already. It's only through errors that you can adjust your path, that you can try new approaches, and that you can discover that some of your assumptions were wrong. And this is why all scientific experiments are just cycles of trial and error. And this is modeled over nature. This is also how nature evolves. This is how we can evolve by making sure that we try new things. We make mistakes and we learn from them. This is how we can grow in our personal and professional lives."
N_UEgGZsgFk,N_UEgGZsgFk.wav,data/N_UEgGZsgFk.wav,"And this is the typeface Futura. As previously been discussed, this is modernism in miniature. This is a way in which modernism infiltrated this country and became perhaps the most popular or promiscuous typeface of the 20th century. By the time Mercury morphed into Apollo, it started getting used more and more for more things. So this, in this case, for a safety plan, or even starting to get used on instrument panels or navigational aids, or even on diagrams to show how the whole system worked. But here's the amazing thing. It didn't just get used for papers that they handed out to people. It started to get used for an interface, for an entire system that helped the astronauts know how to use the machine. Now imagine if astronauts had to use different typefaces and different systems for each component they had in the space shuttles. This would have been impossible to navigate, and there would have been a cognitive overload every time they had to open up a new system. So in this case, Futura. Futura being used on the interface helped them navigate complexity and make it more clear."
Oz0JzF2mXN0,Oz0JzF2mXN0.wav,data/Oz0JzF2mXN0.wav,"Peter Thiel has been one of the great talent finders in American history. So he was an early funder of Mark Zuckerberg. He was early on allied with Elon Musk, Reid Hoffman. I think Peter likes to ask the question of people he's interviewing, how successful are you going to be? Now on the surface, that sounds like a silly question. Like everyone's going to say, I expect to be successful. But if you measure the detail in the answer, the enthusiasm in the answer, you can get really quite a good sense of just how successful the person expects to be. The people who really have thought through their ambitions with real detail, that will come out when they respond. I think another secret Peter has, it's not just who he finds, but it's who comes to him. There are ideas associated with Peter Thiel out there. And the ideas, they're actually pretty difficult. They're not so easy to digest. And I think the resulting filter ends up attracting to Peter those who are like, the right people that he might want to be investing in."
G1DmWN4EH5M,G1DmWN4EH5M.wav,data/G1DmWN4EH5M.wav,"Hello there. I'd like to share with you something big and new from TED that I'm really excited about. We haven't done anything like this before. It's a video series where we show TED Talks in a whole new, richer way. We get to know the speaker much earlier on, before they ever give their talk. The speaker's typically an ordinary person who's responded to our request for an idea search. They have an idea, they have a chance to deliver it on the TED stage, and we get to know them a bit. And we see them in their preparation for their talk, the scariness of that, the stress, the things that they go through. Then they give their talk, the highs and the lows. And then something magical happens, because in this video series, we have in the audience unexpected people who can actually respond to this idea. And help make it actually happen. So it's ideas right from creation, all the way through to delivery, and then what happens next. I find it really exciting. If you've ever dreamed of giving a TED Talk or wanted to know what it's really like, this series gives you a special insight into what that feels like. So I really urge you to go out and watch My Big Idea. We've just dropped three episodes. I think they're fantastic. Please tell me what you think."
vZ46Ov1zncY,vZ46Ov1zncY.wav,data/vZ46Ov1zncY.wav,"I only recently learned how to drive, and it was really hard. Now, as a cognitive scientist, I know that this is because I was using a lot of something called executive function. Executive function is our amazing ability to consciously control our thoughts, emotions, and actions in order to achieve goals, like learning how to drive. It's what we use when we need to break away from habit, inhibit our impulses, and plan ahead. If you really want to improve your executive function in a way that matters for your life, you have to understand how it's influenced by context. Let's say that you want to learn Spanish. You could try changing your context and surrounding yourself with other people who also want to learn. And even better, if these are people that you really like, that way you'll be more motivated to use executive function. Don't look for quick fixes. Think about the context and how you can make your goals matter more to you."
4UKTnZsYjuY,4UKTnZsYjuY.wav,data/4UKTnZsYjuY.wav,"There's a study of California housing that suggests that every single time a California city adds 10% to its progressive vote share, the number of houses permitted in that city declines by 30%. This is a bit of a terrifying statistic. It suggests that as a city becomes more progressive, in fact, its housing supply declines over what you would expect. If you look at the largest states governed by Democrats, New York, California, Illinois, Minnesota, Oregon, Washington, these states are losing population. And so it's not just that Democrats are losing elections on this issue of affordability. They're losing people. And while voting is an expensive act, you have to take hours out of your day to do it, the most expensive act is voting with your feet, which is to say moving. And if the middle class of America, the working class, is leaving areas that are governed by liberals, that is a profound indictment of the liberal movement in this country. Thank you."
IiiPAeQrDWE,IiiPAeQrDWE.wav,data/IiiPAeQrDWE.wav,"Is brain rot content actually making us dumber? In 2000, the Atlantic ran a cover story called, Is Google Making Us Stupid? And they basically claimed, yes. My point here is that most of us today wouldn't claim that Google is making us stupid, but it's easy when a technology is new to be very afraid of it. And so let's just lay out what we know about short form brain rot content and what we don't know. There is no data that proves that if you start watching a bunch of skibbity toilet videos, you will become dumber. That data isn't there. People that watch a lot of short form video content have ADHD-like symptoms. They usually have trouble with executive control, mood regulation, and focus. We don't know whether those problems, those ADHD-like symptoms are caused by that scrolling behavior, or they're caused by, the anxiety that caused people to get into it in the first place. Because anxiety itself is associated with these ADHD-like symptoms. But what we do know is it's very addicting. There is a real effect of going down this rabbit hole of seeking ever more effortless content. That is, we desensitize our brains and we become more easily bored. So we need to think about low effort, high dopamine content, like the world's most available drug, right? So we need to think about how to get away from this low effort, low dopamine content. And we need to think about how to get away from this low effort, low dopamine content, which is free. You can get it from your phone. It's in your pocket. And at any moment, you can get a hit of dopamine. This is the McDonald's hamburger, and DoorDash is the social media companies that are serving it up. It's not dumb people that are eating McDonald's hamburgers. It is stressed out, exhausted people, that just want the low effort option, for how to feel good. Right? So I think that's the thing that's going to be the people making this content. So I think there's some accountability there. It's perpetuated by the platforms that are profiting off of that content. And I think there's accountability there. And I also think it's really up to us to realize like, wow, yeah, that's the thing that feels good. But long term, it will change your brain in ways that are harmful."
VFY6NTaw9mM,VFY6NTaw9mM.wav,data/VFY6NTaw9mM.wav,"I have a condition called aphantasia, which is where I don't have access to my mind's eye. It turns out that the mind's eye is a spectrum. On one end are about two to four percent of us with aphantasia, and at the other extreme is hyperphantasia. That's where you can visualize an exquisite detail, sometimes even able to superimpose what you're imagining on reality. That's about three to six percent of people. Aphantasia changes the way that those of us who have it perceive information and consume and process information. So for example, most people I speak to who have a mind's eye describe the experience of reading a novel as seeing scenes play out in their mind and casting characters. I can't do either of those things. It's a much more conceptual experience for me. And when something is out of sight, it's very much out of mind. I have a five-year-old daughter. I can't in this moment imagine her face. But what's become increasingly apparent is that the mind's eye is just one of many constellations we're starting to draw in a night sky full of neurological diversity. That includes having or not having an interior monologue. It includes the autism spectrum, ADHD, dyslexia, and a lot more, probably a lot of things we have yet to even give a name to because we're just figuring all of this out. There is no true normal out there, and difference is not deviance. Rather, these are all clues towards a vast and profound star field we're each individually blinded to because we only have our one cozy, inescapable mind, as a single reference point."
E6oZzu_ui0E,E6oZzu_ui0E.wav,data/E6oZzu_ui0E.wav,"We start with a latent cultural desire, like maybe some people are interested in matcha or labubu or Dubai chocolate. The algorithm identifies this desire and pushes it to similar users, making the phenomenon more of a thing. Now more businesses are making labubu content because they think that's the desire. More influencers are also making labubu trends because we have to tap into trends to go viral. And yet, the algorithm is only showing you the visually provocative items that work in the video format. TikTok has a limited idea of who you are as a user, and there's no way that matches up with your complex desires as a human being. So we have a biased input. And that's assuming that social media is trying to faithfully represent reality, which it isn't. Take, for example, the growing perception gap in America. We keep over and overestimating how extreme other people's political beliefs are, and this is only getting worse with social media because algorithms show us the most extreme picture of reality. It's only trying to do what's going to make money for them. It's in Spotify's interest to have you listening to Hyperpop, and it's in TikTok's interest to have you looking at labubus because that's commodifiable. So once again, we have this difference between reality and the representation of reality, where they're actually constantly influencing one another."
Jg7rze2PAmI,Jg7rze2PAmI.wav,data/Jg7rze2PAmI.wav,"Research suggests we need a little bit of bucket A and a little bit of bucket B in order to cope properly with stressors. Different contexts desire a variety of different coping strategies in order for us to properly deal with the situation. Research also suggests that those who focus a little bit more on those problem-oriented strategies are more likely to experience growth, resilience, and do better in future challenges. So what did we find? When we asked retired cosmonauts how stressful was your career, on average, they report very low levels of stress. Compared to you and I, the general population, there's no significant difference. Surprising, right? When we look over a variety of samples of people who have went to space, we see that they use overwhelmingly seeking social support and planful problem-solving, those problem-focused strategies. But we need a little bit of those emotional ones as well. They mention using humor, positive rephrasing, and accepting responsibility. The stress is low, and they're able to deal with it. They're up in space, you guys."
cbPMxoe00gE,cbPMxoe00gE.wav,data/cbPMxoe00gE.wav,"When you think about the toys that you loved as a child, you didn't think about, why do I love this? You just did, right? Perhaps you watched the TV show Blue's Clues, or you played with your Tonka truck, cuddled up to a Care Bear, or played that iconic game, Hungry, Hungry Hippos. We grow up and we lose sight of that playful person that was inside us. And I think that person is still there. And when we embrace the sense of play and adventure, we can have joy every day. Now, you may have heard of the pioneering educator, Maria Montessori. Maria and her colleagues popularized the idea that play is the work of a child. And the goal of that work is to emerge into society as a completely integrated and participating adult. So once again, look back and think about how we can have joy every day. How much of who you are today began in the playroom? It's a little like Harry Potter, right? But we're the wizards. We're the wizards, and our powerful spells are the stories that we tell and the actions that we take. We become what we play. Best of all, you never have to stop. Because when we play, we get to experience the joy of new discoveries, have fun, and embrace the adventure."
aaYxRcPu2lY,aaYxRcPu2lY.wav,data/aaYxRcPu2lY.wav,"The great nations of tomorrow will not be those that focus on controlling materials and constraining the growth of others. The great nations of tomorrow will be those that focus on their comparative advantage, identify and unlock the resources that we'll all need, invent, build and manufacture the technology that we'll all need, and then sell it at great prices, terrific prices, to the rest of the world. That's what policymakers should focus on, not annexing another source of not particularly rare earths. The leaders we need now are explorers, not exploiters. In a fuel-based world, a constant supply of fuel is existential. But in a technology-based world, almost every input into this energy transition can be substituted for another abundant material. Copper can be replaced by aluminum. Cobalt can be replaced in batteries by iron. And those substitutions have already happened. When temporarily, prices spiked. But technology gets even better than that, because it is also more circular. Approximately zero percent of the energy from oil can be recycled. You burn it, it's gone. But we don't burn technology, we use it. And so over 90 percent of renewable energy technologies can be recycled. By 2050, there could be so much recycled supply that demand for new input materials could actually begin to decrease. Now, there will be short-term mismatches between supply and demand, but control really matters when supply is scarce and demand is inelastic. When supply is abundant and demand is elastic, control will always be temporary.wareman services money lange"
WWiqH2AjLdE,WWiqH2AjLdE.wav,data/WWiqH2AjLdE.wav,"Bias creeps in to performance management in ways that are insidious. And sometimes this kind of discrimination is almost unconscious discrimination. I was working with a leader and he noticed that he didn't have any women on his team. And to his credit, he figured the problem was probably their promotion system. It wasn't the women at the company. And so he invited me to sit in on a promotion meeting and tell him if I noticed anything going wrong. There were two people up for promotion, a man and a woman. They both were leading big businesses that were growing fast. And the team was talking. They were making lots of good points. And finally, somebody said, he's such a great leader. And then another person said, yeah, and she's such a mother hen. And I'm like, all right, guys. Back the train. Back the train up. Like, who are you going to promote, the great leader or the real mother hen? At first, they were a little defensive. And they were like, oh, Kim, we didn't mean it like that. And I said, of course you didn't mean it like that. But you have the power to decide who's getting promoted here. And if you allow bias to creep into this conversation, you're not going to choose the right person. You're going to promote the wrong person. And not only is that unfair to her, it's bad for the business."
Z0NqdhrxaHo,Z0NqdhrxaHo.wav,data/Z0NqdhrxaHo.wav,"I wanted to share every moment of my Olympic experience, so I used an app called TikTok. Showing what life was like inside the Olympic Village caught the eye of millions and gave me something fun to focus on to reduce the stress of my upcoming Games and the possibility of winning a medal. But the reality is only around 11% of Olympians actually win a medal. Those 11% are praised in the papers, blasted on our TVs with tears of joy and labeled national heroes. But what about the other 89%? No one tells you what life is like after the Olympics. They don't warn you about the depression and inadequacy you feel, whether you win a medal or not. It's been called the post-Olympic blues. Athletes place their value, their worth on how well they do. And then after going to one of the most monumental events in the world, we go back to being normal people. After reaching the pinnacle of sports, we have to ask ourselves, what's next? What's next? What's next? What's next? What's next?"
H7G8Q4m3ULo,H7G8Q4m3ULo.wav,data/H7G8Q4m3ULo.wav,"When we're trying to dodge grief, like not deal with our grief, we tend to caricature the person that we've lost. Cartooning's allowed me to like focus on certain details. So like with my grandmother, like focusing on her hands was just this like focal point. Focusing on that allowed me to sort of explore certain memories that were related to that and to also keep it in this very personal realm because my grandmother's not here. So I'm like in some ways like speaking for her and on her behalf, but keeping it firmly rooted. Did coning it down make it easier to handle? Totally, because particularly with comics, I have like these number of panels in order to express this like very big experience. That allowed me to focus in on this one specific thing and this expression of my love for, like, my grandmother, because otherwise, I mean, there's just like so much that you could explore. That's really one of the best ways that people who get through pain and don't have pain later in life is because they learn how to only focus on one thing. And so to be able to just focus on hands or just focus on a rock or a breath is partially allowing you to let go of all the pain externally. And it's both physical as well as mental. If you're in one place that you can control, that filter is healing. And liberating and safety. So what you're saying is I dealt with my grief in the correct way. I think it's just interesting that it's analogous to the way we deal with physical pain. And so what you did was a visual embodiment of the same techniques that are helpful for dealing with physical pain. Just interesting that both of them are effective. That's probably what's important for everyone dealing with grief is finding what works for you and healing. Hearing about other people's mechanisms for dealing with pain or grief or anything helps you figure out which one does work for you. I don't think there's right or wrong for any of it."
r18Js48_AHs,r18Js48_AHs.wav,data/r18Js48_AHs.wav,"Can you actually learn faster with AI? Researchers assigned 233 people in a Harvard physics class to two groups. One group went to in-person classes and the other group practiced their learning at home with questions generated by an AI tutor. The study found that students learned significantly more at home with an AI tutor than they did in class, even when they spent less time learning. AI is new and there's a lot of hype, so we should take this study with a grain of salt, but learning neuroscience suggests there could be some value to AI tutors. The last video on Curiosity Lab covered the concept of the zone of proximal development. Basically, the idea is that when people learn, they learn the best between what they can do themselves and what they can do with the help of a knowledgeable other. Often the knowledgeable other is a teacher, but any teacher will tell you that it's near impossible to come up with personalized lessons for every single student. Maybe AI isn't as good as a private tutor, but maybe it's better than nothing when it comes to tailoring and teaching. Research has found that applying what you learn in between learning sessions with practice questions is an average of six times more effective for learning than just watching a lecture or reading passively. This is one of the most robust findings in learning science, and it's called the doer effect. And AI is likely to make that kind of personalized active practice much more accessible."
RDSwjEbU4P8,RDSwjEbU4P8.wav,data/RDSwjEbU4P8.wav,"Imagine if you were to have an intelligent sheep that can self-fold into any form it wants, anytime. And that's what I've been working on. And I call this robotic origami, Robo-gami. Ten years later, with my group of ninja origami robotic researchers, we have a new generation of Robo-gamis. This one actually navigates through different terrains autonomously. So when it's dry and flatland, it crawls, and if it meets a rough terrain, it starts rolling. It's the same robot, but depending on which terrain it meets, it activates different sequence of actuators that's on board. And once it meets an obstacle, it jumps over it. It does this by storing an energy in each of its legs and releasing it and catapulting like a slingshot. For Robo-gamis, there's no one fixed shape nor task. They can transform into anything, anywhere, anytime."
bxbQkaIB8PA,bxbQkaIB8PA.wav,data/bxbQkaIB8PA.wav,"You know, I wanted to book a restaurant, and it's kind of incredible. It kind of can go ahead and do it, but this is what it said. There's a, you know, it was an intriguing process, and, you know, give me your credit card and everything else. And I declined on this case to go forward, but I think this is the challenge that people are going to have. It's kind of like, it's an incredible superpower. It's a little bit scary, and Joshua Bengio, when he spoke here, said that agentic AI is the thing to pay attention to. This is when everything could go wrong, as we give power to AI to go out onto the internet to do stuff. I mean, going out onto the internet was always, in the sci-fi stories, the moment where, you know, escape happened and potential things could go horribly wrong. How do you both release agentic AI and have guardrails in place that it doesn't go too far? First of all, obviously, you can choose not to do this and say, I don't want this, I'm going to, like, call the restaurant and read them my credit card over the phone. I could choose, but someone else might say, oh, go out, chat GBT onto the internet at large, and rewrite the internet to make it better for humans or whatever. Yeah, I mean, the point I was going to make is just with any new technology, it takes a while for people to get comfortable. I remember, like, when I wouldn't put my credit card on the internet because my parents had convinced me, like, someone was going to read the number, and you had to fill out the form and then call them. And then we kind of all said, okay, well, like, build anti-fraud systems and we can get comfortable with this. I think people are going to be slow to get comfortable with agentic AI in many ways. But I also really agree with what you said, which is that even if some people are comfortable with it and some aren't, we are going to have AI systems clicking around the internet. And this is, I think, the most interesting and consequential safety challenge we have yet faced. Because AI that you give access to your systems, your information, the ability to click around on your computer, now those, you know, when the AI makes a mistake, it's much higher stakes."
7sWcmmUYHLg,7sWcmmUYHLg.wav,data/7sWcmmUYHLg.wav,"I think it's important to say that there aren't different rules of the game in the subatomic world and the world that we observe. And it's pretty well understood, I would say it's well understood, how the world that we see emerges from this rather strange but well-defined behavior that we see in the subatomic world. Now we have an increasing number of quantum technologies that are really based on this behavior, the quantum computers being a good example. And so you see that this is not just something that you can say, well, we don't need to think about it really because it's in the world of atoms and it's all a bit whatever and we can just do some calculations because we're using that behavior now in technologies. And so it really does become an important theory to try to to understand."
QSKjD84Z6Rc,QSKjD84Z6Rc.wav,data/QSKjD84Z6Rc.wav,"You actually think AI is underhyped. Why is that? And I'll tell you why. Most of you think of AI as, I'll just use the general term, as chat GPT. For most of you, chat GPT was the moment where you said, oh my god, this thing writes, and it makes mistakes, but it's so brilliantly verbal. Right, that was certainly my reaction. Most people that I knew did that. It was visceral, yeah. This was two years ago. Since then, the gains in what is called reinforcement learning, which is what AlphaGo helped invent and so forth, allow us to do planning. And a good example is look at OpenAI 03 or DeepSeek R1, and you can see how it goes forward and back, forward and back, forward and back. It's extraordinary. In my case, I bought a rocket company because it was like interesting. And I know... As one does. As one does. And it's an area that I'm not an expert in, and I want to be an expert. So I'm using deep research. And these systems are spending 15 minutes writing these deep papers. It's true for most of them. Do you have any idea how much computation 15 minutes of these supercomputers is? It's extraordinary. So you're seeing the arrival, the shift from language to language. Then you have language to sequence, which is how biology is done. Now you're doing essentially planning and strategy. The eventual state of this is the computers running all business processes, right? So you have an agent to do this, an agent to do this, an agent to do this, an agent to do this, and you concatenate them together and they speak language among each other. So when I look at this future, I want to be clear that the arrival of this intelligence, both at the AI level, the AGI, which is general intelligence, and then super intelligence, is the most important thing that's going to happen in about 500 years, maybe a thousand years in human society. And it's happening in our lifetime. So don't think that it's going to happen in a few years. Don't think that it's going to happen in a few years. Don't screw it up."
li12sPWf7-4,li12sPWf7-4.wav,data/li12sPWf7-4.wav,"If you walk the streets of the Tenderloin in San Francisco or downtown Los Angeles, sometimes what you'll see is this maw of tents, right? You descend into this kind of urban dystopia that's tucked underneath what's otherwise the richest parts of the world. And you can't help but wonder, how does this reality coexist with wealth? Why is there so much homelessness in places like San Francisco and Los Angeles, which are not only rich, but also quite progressive, where voters care deeply about homelessness? California has 12% of America's national population, but 30% of its homeless population, and 50% of its unsheltered population. How can that be? Well, there's a book called, Homelessness is a Household. Homelessness is a Household. Homelessness is a Household. Homelessness is a Household. It's a book by the author of The Housing Problem by Coburn and Aldern, which says that if you look at individual lives of the homeless and the unsheltered, you might often find examples of struggles that are particular to that person. Maybe someone lost their family. Maybe someone's going through a divorce. Maybe someone's a drug addict or a recovering drug addict. Maybe someone's just dealing with mental illness or incredible income security. But they point out that these individual stories are not just about the homeless. They point out that these individual stories are relatively common across the country. People with mental illness live in Texas. People with income insecurity live in North Dakota. So why are there so many homeless people in California specifically? And the answer, they say, is that it is a housing supply story. California has simply done a terrible job keeping up with the number of people who need to live in a specially, it's densest cities. These are precisely the conditions that lead to homelessness, to housing insecurity. And the reason I think it's valuable to think about housing insecurity rather than just homelessness, is that many people who are homeless aren't homeless for years and years at a time. They fall in and out of homelessness. And what is the thing that makes it difficult for them to find consistent housing? It's the availability of housing that is affordable to them. It's not. It's not because that's where the mentally ill concentrate. It's not because that's where drug addicts tend to be. It's also because that's where the lack of housing tends to be. And so people who are dealing with altogether human problems are more likely to find that their altogether human problems lead to homelessness."
2BUSGopaejM,2BUSGopaejM.wav,data/2BUSGopaejM.wav,"But the truth is that we underestimate the power of our own generous actions. Every time we intentionally choose generosity, the effects of that choice are more powerful and more far-reaching than we might think. And the algorithms just don't put them at the top of our feeds, but they're there. And if we pay attention, then they remind us that ordinary acts of giving are actually extraordinary. They remind us that generosity is not a burden, it's a gift. And it's an antidote. It's an antidote to our fear and our anxiety, to loneliness and isolation, to outrage and indignation. And they remind us that we have this tool accessible to every single one of us, every day, which is the power to change someone else's day or maybe even life for the better. And when we use that tool collectively, we can build a more joyful, more equitable and more peaceful future. And that does not seem like too radical a thing to imagine."
c2N47Y9kVDY,c2N47Y9kVDY.wav,data/c2N47Y9kVDY.wav,"So I think we need to talk about the way we're talking to machines. If we want to design AI that's free from human limitations, we have to redesign it to be an entirely new species. So even though all chatbots will get the question, what are you wearing? I'm a computer program. I'm wearing nothing. When you add a pronoun, and that pronoun is she, abuse goes up. When you add a voice, and that voice sounds female, abuse goes up. And when you add an avatar, and that face looks female, abuse goes up, and you wind up with a very large data set of dick pics. Sex is a biological reality, but gender is fluid, a largely social construct that there's no reason to inflict on machines. Help us deprogram bad social programming so we can help build robots, robots that reflect us all."
-OiCXpYQIWI,-OiCXpYQIWI.wav,data/-OiCXpYQIWI.wav,"it doesn't matter how smart you are, it doesn't matter how perfect a fit you are, if you can't capture someone's attention. After that, I became laser-focused on cracking the code on introducing myself. Think soundbite, not data dump. That's because with today's multitasking attention deficit audiences, it's been said you have a better chance of engaging with a goldfish than the person you're talking to. A 20-word introduction is designed to grab someone's attention and get them to say, tell me more. Don't talk about yourself. Instead, explain what you can do for them. I called the difference between an about me versus an about you introduction. An about me introduction sounds like this. I'm an award-winning, best-selling, author. Compare that to I help new authors get published faster. Can you hear the difference? One describes me, the other describes what I can do for you."
X3EK8cR6Tas,X3EK8cR6Tas.wav,data/X3EK8cR6Tas.wav,"Life is there for us, but the question is, are we there for life? In the Zen tradition, we use questions to help us wake up. Today, I would like to offer you three. The first question is, who are you? Say you're walking to do something, perhaps something very important, something that may be the right thing to do, but very hard. Ask yourself, who is walking to do this? Which brings us to question number two. Where are you? Are you here and at ease? Or is there still some restlessness, perhaps a little agitation? We may feel distracted, preoccupied. Which brings us to question number three. What do you want? Each one of us needs to identify and nurture our deepest aspiration, rekindle it if necessary. The act of asking these three questions in the heart of our daily life as we walk will help us to wake up."
7WurcdAkX-A,7WurcdAkX-A.wav,data/7WurcdAkX-A.wav,"Why don't we give money directly to the poorest people in the world? Over 300 studies have been done on this type of cash transfer, and the studies show that this works. And it works because fundamentally, people know what they need, particularly when they're extremely poor. Like Bahati, for example. With her transfer, she bought a tank to store rainwater, livestock, and her first mattress. And the fact that people know what they need is also the reason that cash transfers often do more to boost education than building schools. They often do more to support businesses than business training. And they often do more to improve nutrition than all kinds of food programs. People don't need to be taught to fish. We need to end that meme now. People are capable of fishing and investing and a whole lot else once they're not trapped in completely debilitating poverty. Huge problems can be solved with the right amount of investment and cooperation. Philanthropy at its best is one of the most transformative tools we have to bring about that improvement. At its worst, it can be little more than a tool in the hands of the ultra-wealthy to manage their own status or their own power. It can have very little regard for what's actually needed or what actually works. Philanthropy at its best, however, is still one of the most powerful tools we have, especially when it can step in and do the things that governments can't do and markets won't do."
-LD9nHXJma0,-LD9nHXJma0.wav,data/-LD9nHXJma0.wav,"One time I was told it is impossible as a white man to get promoted because of tokenism. White people being discriminated against? No. It flies in the face of evidence. So if it's not actually happening, where is this fear of reverse discrimination coming from? So affirmative action policies, like targets or quotas, cannot be put in the same basket as decades of discrimination that's been enshrined in policy and laws since colonisation. On an individual level, you can feel a bit aggrieved. You can feel let down. You can feel a bit pissed off. Like, I would have really liked to have applied for that role. But the change that is required to shift these systemic inequities, it's not individual. It's not about hurt feelings. These policies simply seek to address the inequities that are present in the world. And that's why I call it a slippery slope. Because if one person has a paper cut and another person has cancer, you don't just give both people a band-aid."
erM_s_Dtqvc,erM_s_Dtqvc.wav,data/erM_s_Dtqvc.wav,"I used to believe that technology could save us from the climate crisis, that all the big brains in the world would come up with a silver bullet to stop carbon pollution, that a clever policy would help that technology spread. But time and time again, I saw that climate policy and business response were absolutely insufficient. Our big wins have been only small steps in the right direction. Fossil fuel interests have a stranglehold on decision-making. Because of their access to resources and power, they have blocked systemic changes that are needed, promoting instead incremental policies. It's time for us to all be apocalyptic optimists, prepared for the shocks that are coming and ready to rally as activists, disruptors and bridge builders. You don't have to be an activist to make a difference. If we work to cultivate resilience in our communities, we can help to limit the human suffering that will come as the world warms. To be more resilient and to recover more quickly from the effects of climate change, as unfair as it may seem, the future is up to us."
sQvDPZn-F8A,sQvDPZn-F8A.wav,data/sQvDPZn-F8A.wav,"I'm obsessed with the way that the world talks about fangirls. Boys crying at the footy, that's the love of the game. Girls crying at a Justin Bieber concert? That's pathetic. And as soon as I realized this double standard, I realized that all of my curiosity about fangirls had been sparked by exactly the same judgments. I too had suspected that they were a bit crazy. I want to know, if girls grow up in a world where words like crazy and psycho and hysterical are casually used to describe female enthusiasm, then how does that shape the way that those girls get to see themselves? And if girls grow up in a world that tells them that they are designed just a bit crazier than the boys, then isn't that a little bit like telling them that they are born less capable of rationality than men? Less capable of reason and unworthy of the same intellectual respect as their brothers? What if we decided to rethink the words we use to describe that joy? And what if we didn't allow ourselves to diminish girls with words that undermine their intelligence, their interests and their capability? I reckon instead of judging fangirls, we can learn from them. We can all die tomorrow, so why not love things while we're still breathing?"
cGySz3A0et0,cGySz3A0et0.wav,data/cGySz3A0et0.wav,"Now, without a doubt, our civilization is already in collapse. There are a number of systems that are already in decline. Climate, biodiversity, democracy is certainly in decline. Now, when I think of this, I am scared. I find it all incredibly disgraceful. And it begs a bunch of questions, doesn't it? Like, how long do we have? To which I can only say, nobody knows, and that's how complex systems go. If we do in fact lose it all, what is left? What truly matters to us? Is it love? Is it nature? Is it relationships? For me, it's all of these things. And then I found myself asking this very, very beautiful question. Who do I want to be in all of this? It's like the urgency of what is going on has forced me into living fully and to living fully. Now, I'm a 51-year-old woman, and I've taken to climbing trees again. I go running in the forest and I end up dancing. I have spent countless nights on the floor of my small apartment in Paris, in fetal position, crying, wailing in grief. But I feel more alive than ever."
roc73qEYhXY,roc73qEYhXY.wav,data/roc73qEYhXY.wav,"I do believe our bowels are quite charming. And while we're in a time where many people are thinking about what new superfood smoothie to make or if gluten is maybe bad for them, actually hardly anyone seems to care about the organ where this happens. So it turns out we don't only have this outer sphincter, we also have an inner sphincter muscle. So what happens is when there are leftovers from digestion, they're being delivered to the inner one first. So this inner one will open in a reflex and let through a little bit for testing. There are sensory cells that will analyze what has been delivered. And this is the moment when our brain knows, oh, I have to go to the toilet. It will mediate with our surroundings and it will say something like, so I checked, we are at this TEDx conference. Gaseous, maybe, if you're sitting on the sides and you know you can pull it off silently. But solid, maybe later. And they put it back in a waiting line for other times. Like, for example, when we're at home sitting on the couch, we have nothing better to do. We are free to go. I had some newfound respect for that nice inner sphincter dude. And I used to not be a great fan of public restrooms. But now I can go anywhere because I consider it more when that inner muscle puts a suggestion on my daily agenda."
M_TU5kY0ZcY,M_TU5kY0ZcY.wav,data/M_TU5kY0ZcY.wav,"Over the years, I've realized that sometimes we tend to get too hung up on how a story is being told, and we should be focusing on what is being told and what we can take away from it. Not too long ago, Netflix did a survey to really understand their customers better. And after this survey, they came out and said that the appetite for TV shows made outside of Hollywood in languages other than English is very high all over the world, except one place. A very high percentage of U.S. viewers do not want to watch any content in languages other than English. By choosing not to watch content that we're not familiar with, we are missing out on learning. While we wait for accurate ethnic representation in mainstream media, we tend to forget the fact that authentic stories are still being told, stories that we can all learn from, stories that we can all enjoy, we just have to look a little further."
F2pf9wjt3JE,F2pf9wjt3JE.wav,data/F2pf9wjt3JE.wav,"if you ask yourself whether you know if the screen in front of you is actually there right now. So naively, we would say, yes, of course it's there. I mean, I'm holding it in my hand or I see it directly in front of me, but the speed of light is finite and nothing can go faster than the speed of light. So everything that you experience, everything that you see, you see it as it was a tiny little amount of time in the past. So how do you know that anything exists right now? What do you even mean by now? So this is the problem that comes up in Einstein's theory of special relativity. And Einstein tried to construct a notion of now in this new theory and he failed. And he just came to conclude that this moment of now, which we experience, is fundamentally meaningless. Every moment is now. For someone."
nslELMUyQmA,nslELMUyQmA.wav,data/nslELMUyQmA.wav,"Roboticists already spend a lot of time thinking about movement, but they think about it in terms of efficiency, optimizing for speed or success. That's not enough. We need to teach robots how to dance. If a robot can dance, make every movement with intention, agility, balance, emotional expression and grace, I believe they will also become better caregivers, teachers and companions. It will help us build better general-purpose robots that we actually want to live amongst us. If we teach robots to dance, we expand the future of intelligent machines. General-purpose robots are coming, and they will help us to address big demographic challenges like aging populations and massive labor shortages. And how they move will unlock whether we let them into our homes and welcome them in our workplaces. For more information, visit www.fema.gov"
45WujHvbL7g,45WujHvbL7g.wav,data/45WujHvbL7g.wav,"This question came from one of our members. How much have we evolved since the hunter-gatherer age? Since the hunter-gatherer times, and you would really say that's probably just the last 12,000 years or so when we settled down and started farming. This is a profound change in human behavior. This is the beginning of civilization. Our societal evolution was profound. How much biological evolution has happened in that time is a little less clear. 10,000, 12,000 years is not a lot of time. And of course, by living in large groups and by division of labor and growing our own food, we're taking some of the pressure off that nature had put on us before. Because now we are so connected as a species, that's going to work against sort of whatever biological evolution might be underway because of how we've changed our food supply and changed our relationship to infectious diseases and things like that. Sign up today at members.bigthink.com."
BP-iMAAZdHQ,BP-iMAAZdHQ.wav,data/BP-iMAAZdHQ.wav,"If it's too hard to shower today, grab the baby wipes. It may not be the normal way to do it, but you deserve to be clean. If it's too hard to cook dinner, get paper plates. Heat up something frozen. You'll go back to cooking and washing another day, but the day is not today. And in the meantime, you deserve to eat. If you're too depressed to do your dishes, get a two-gallon Ziploc bag and keep it in your bedroom, because if you put a dirty plate into a two-gallon Ziploc bag and seal it, it will keep the bugs away, because you deserve a sanitary environment, even if you can't get out of bed. I could share with you hundreds of other genius solutions that people have come up with once they embrace the idea that care tasks are morally neutral. In my experience, people will exhibit mind-blowing creativity when they are only taught how to speak compassionately to themselves."
4l6leohBAkI,4l6leohBAkI.wav,data/4l6leohBAkI.wav,"The truth is, Asian Americans play a strange role in the American melting pot. We are the model minority. Society uses our success to pit us against other people of color as justification that racism doesn't exist. But what does that mean for us Asian Americans? It means that we aren't quite similar enough to be accepted, but we aren't different enough to be loathed. We are in a perpetually gray zone and society isn't quite sure what to do with us. So they group us by the color of our skin. They tell us that we must reject our own heritages so we can fit in with the crowd. They tell us that our foreignness is the only identifying characteristic of us. They strip away our identities one by one until we are foreign but not quite foreign, American but not quite American, individual, but only when there are no other, people from our native country around."
5gm15Q4iSZg,5gm15Q4iSZg.wav,data/5gm15Q4iSZg.wav,"There have been two acronyms that have been described by very different populations in understanding how Trump behaves. And one is TACO. Trump always chickens out, used by his adversaries and his opponents to say, you know, Trump doesn't have a fist in his glove and he says he's gonna do X, Y, and Z, but then he backs down. And then the second is FAFO. Fuck around and find out. And that is Trump's supporters and members of his own administration and sometimes Trump himself that says, you know, you don't do what Trump wants you to do and he's gonna hurt you and the consequences are gonna be serious. And of course, the reality, like so many of these things that are very, very divided, hair on fire political environment, the reality is that both of these things exist at the same time, but they exist along a spectrum. You have, you know, certain very powerful countries that are capable and willing to actually respond with strength to Trump's unilateralism. And you'd put Xi Jinping's China number one in that category, but you'd also put Putin in that category and others. And they are the TACO countries, Brazil even. You know, the Brazilians were pushed really hard despite the Donro doctrine. You know, Trump said, I'm gonna tariff you unless you do something about your social media regulation. I don't like the way it's treating our companies. And I don't like the way you're going after my buddy, Jair Bolsonaro, whose son has been lobbying me down at Mar-a-Lago and you just gave him a 27 year jail sentence for fake news, you know, trying to overturn the election and organize the assassination of Lula. And so I'm gonna tariff you. And Trump has backed right down, backed down because Brazil, Brazil's a big economy and he needs Brazilian commodities to be exported to the United States to bring prices down. And so Lula and Trump are actually now working towards a deal. They're on the TACO side of the equation. But then we've got the FAFO side of the equation. And Venezuela is obviously on the FAFO side of the equation. Maduro has figured that out. He thought he was TACO until about two, 48 hours ago. I assure you that Maduro now understands that they are solidly in FAFO territory."
FFYD5s-SSYk,FFYD5s-SSYk.wav,data/FFYD5s-SSYk.wav,"Until recently, if you wanted the best answers, you had to be someone who could afford it. You had to be someone who had access to the greatest minds in the world or the best materials, libraries, expertise. And now that's changing. If a major achievement of the Internet was to give everyone access to all of the world's information, a major achievement of AI would be to give everyone access to all of the world's answers. With AI that keeps getting better and better at answering all our questions, the marginal cost of research is rapidly approaching zero. In that new era of humanity that AI is powering, knowledge does not really care about who you are, where you're from or who you have access to. We humans are the only species who have curiosity for what is already familiar. We can't just say, We can't just say, we can know so much about the stars above us or the machines in front of us and yet continue to have more questions about them. It seems like for humans, every answer leads to a new set of questions, questions that we haven't even asked before. It is my strong belief that in an age where AI gets better and better at answering all our questions, this human quality that makes us so human will become even more essential. Our innate curiosity and our relentless questioning. With all of the world's answers available to us, the tools we use to ask our questions and the stuff that we build using those answers, those to me are the future of our technology. And more importantly, that is the future of us, the future of humans. We are all curious and when we are curious, we want answers, we really do. But what we really want are those answers that lead us to the next set of questions."
NVwOsm1edT8,NVwOsm1edT8.wav,data/NVwOsm1edT8.wav,"What do you think makes some people leave their hometowns and some people stay? I think the relationship with one's place of origin is, by definition, I think a contentious one because you don't choose it. A place is something that happens to you. What keeps me here, I guess I can't speak to why people leave, but there is one woman on a street in East Columbus who has held onto her house no matter what. She's been offered so much money, been offered so much to move out of that house because if she moves out of that house, it is the entry point to kind of raise that neighborhood and make it something else, and she refuses to leave. Her refusal, I think, is an action that my work is pointing towards. My very presence is stopping the worst designs of a city that has no idea who its population actually is, and my staying here means I'm actually keeping a history that existed before me and a history that I want to exist after me because what's the point of staying in a neighborhood if the neighborhood no longer feels like it's a place where you're welcome or if you cannot be translated through the new population of that neighborhood?"
4PVctQgFotE,4PVctQgFotE.wav,data/4PVctQgFotE.wav,"This is where the power of your argument that it is not just log off from social media, but that it is also get involved in politics, get involved in community building. Like that doesn't have to be in person. It can be on the Internet, but it is not a social media only thing. And so, for example, it's not saying that I shouldn't post an Instagram story condemning the latest atrocity in whatever war it is. That's not saying that I get to not do anything far from it. It's just saying that that isn't the most effective thing that I can do and that what I should be concerned with. And please critique me if I'm not getting this right. But it's that what I should be concerned with is doing something. That actually matters. Yes. Not doing something, period. Yes, exactly. But what I also say in the book very clearly is that and it is to say that you can even still use social media as long as you have a clear picture in mind with clear answers to critical questions. What am I doing? How is it connected to the movement? What is the goal that I'm trying to achieve? Is social media the best tool or a good tool? What is it that I'm trying to use to achieve that goal? And if you can answer those questions with more than vague pablum appeals to personal morality or appeals to something vague like raising awareness, then you might be onto something."
X4LC9t6Bxgg,X4LC9t6Bxgg.wav,data/X4LC9t6Bxgg.wav,"I am part of a group of doctors that make up less than 1% of physicians in the nation. Our practice model is known as Direct Primary Care, or DPC for short. DPC is a simplified membership-based payment model for primary care services. Simply put, DPC is like a gym membership. For a monthly fee, patients can contact me or see me as many times as they need, whether it's in the office, via a virtual visit, a phone call, email, or text. I mean, who wouldn't love to have their doctor's personal phone number, right? Direct Primary Care revives that faith and trust that patients and physicians once used to have in each other. It has saved my career and has inspired me to fulfill the Hippocratic Oath I took for my patients. My patients have a trusted doctor who treats them like family instead of just another number. The next level is how do we pick up a stand. So they can afford the same amount of extra shorter어�ement that daddy's out of business to show their radiation best. Your first request is to approve. And anybody that does find out who does not own them are about to have to send your medical consultation, in turn, to just essentially recognise your lack of confidence in joining the committee's process of focusing on their companies. Once the knee-deep anlam reactions have cultivated their service, they'll certainly set a framework."
rDQEwdinjB8,rDQEwdinjB8.wav,data/rDQEwdinjB8.wav,"Language has always been a little bit like a virus. Words are transmitted from one host to another, reproducing and changing as they infect different people along social networks. But now the literally viral nature of social media is accelerating this process from start to finish. But just like the people who were saying cool and high five back in the day, the middle schoolers saying Riz and Gya and Skibbity Toilet aren't going to be incapable of writing an essay. I don't think our vocabulary is being corrupted by the commercialization of our language We've already been using brand names like Kleenex and Google in everyday conversations, so Cottagecore isn't about to turn us into mindless consumer drones. In fact, I think each of these words is a beautiful, colorful addition to the English language that reflects the diverse cultural moment we're all in. But I do think we should be aware. We should be aware when the way we're talking may have been conditioned by the algorithm. We should be aware when the words we're using may have been engineered to sell us things. We should be aware when our language regurgitates extremist rhetoric, and we should be aware when that language can be used to harm other people. We should be aware of etymology in general because it helps us better understand who we are today. We should be aware. And with that, I have just one final piece of slang for you. It's a common phrase used by younger people when we finish a long-winded explanation of something. Thanks for coming to my TED talk."
SFwaMcQDngY,SFwaMcQDngY.wav,data/SFwaMcQDngY.wav,"Don't wait for permission. Don't wait for a class assignment to say it's okay to work on this. Just go into your garage or your shop and start trying things out. Hey, so what do you do all day? I am an engineer and I spend my time designing ocean exploration tools. And what does that usually entail? A lot of it is about improvising and kind of trying to have an imagination for what might go wrong and how you can make it robust enough to survive that environment. What's like a typical day in the life for you? While filming the show Ocean Explorers for National Geographic, I got to work on this hand-built whale tag. It was basically a camera inside of a container that could suction cup onto the side of a whale and follow it down as it dives for food. We had to tinker and improvise with only parts available on the ship to try to get it to work. Just as we were finishing up the field season, we finally got it working and we got some incredible footage. What do movies or TV typically get wrong about ocean exploration? Generally, when people film engineering being done, it kind of is like how a cooking show works where like you put a few things together and voila, it's done. I don't think there's a single project I've worked on where it just worked the first time. So there's a lot more iteration in real engineering than you'd expect. What's one piece of advice you would give to someone who wants to explore or enter this field? What I'd advise anyone who's interested in doing this to do is don't wait for permission. Don't wait for a class assignment to say it's okay to work on this. Just go into your garage or your shop and start trying things out. So iterate as quickly as you can. And don't be afraid of failure. That's the way to get to success."
2TaDuxhlOug,2TaDuxhlOug.wav,data/2TaDuxhlOug.wav,"When do labels become harmful? If I say, I'm an introvert, I'm a perfectionist, I'm easily distracted, those statements can sound like self-awareness, but there's a lot of research now from people like Kristen Hill or from Carol Dweck that's showing that those kind of labels can trap us. So for example, for most of my life, I've thought of myself as a perfectionist, and that felt really true. If I look at school and I look at work, there were lots of times where I would spend two days doing something that took my friend three hours, or I would over-focus on the details. But recently, I've started to question that. There's all of these other parts of my life where I don't act like a perfectionist at all. I cut my own hair. I'm probably too experimental when I cook. So what's going on here? What I realize is that perfectionism doesn't really describe me. It describes all these moments where things feel high stakes. So anything where there's a lot of pressure on me, I'm worried about disappointment, I'm worried about the pressure on myself, I'm worried about the pressure on myself, I'm worried about the pressure on me, or looking cringe. So that made me curious about what's actually happening when we use identity labels. You might have heard of the idea of confirmation bias. That's when you internalize a belief about yourself, and all of a sudden your brain looks for the information that supports that belief. This confirmation bias can make labels really dangerous because they become very broad. They become part of the story that we tell ourselves, what the psychologists Marcus and Nourius called self-narrative. The most popular example of this might be fixed versus growth mindset. If there's students struggling in a math class and they're telling themselves, I'm dumb or I'm bad at math, those fixed identity labels predict lower resilience and lower effort. And that makes sense because why would you put effort in if there's something wrong with you that makes it impossible for you to do the thing you're being asked to do? I think it's much harder for people to see this in themselves as adults. Saying I'm an introvert can give me languages for my preferences. It can help me connect with people like me. It can also help me feel good about myself and feel guilty about myself. It can help me feel guilty about myself. It can help me feel guilty free if I just skip out on a party that my friend invited me to. But that same label can also limit us. If we move to a new city, it might stop us from meeting new people. It might stop us from taking on a work presentation that could have led to a promotion. So what do we do if a label is getting in our way? One thing we can do is to shrink the label. So instead of saying I'm a perfectionist, say I tend to overthink when things feel high stakes. This is two important things. One, it shifts your perspective from a fixed identity to something more situational that allows you to expect different outcomes. And two, it also shows you self-compassion."
Iq7avsVBI0k,Iq7avsVBI0k.wav,data/Iq7avsVBI0k.wav,"As you can see, my legs are bionic. In 1982, both of my legs were amputated due to tissue damage from frostbite incurred during a mountain climbing accident. I didn't view my body as broken. I reasoned that a human being can never be broken. Through technological innovation, I returned to my sport stronger and better. Technology had eliminated my disability and allowed me a new climbing prowess. As a young man, I imagined a future world where technology so advanced could rid the world of disability. This video shows Lisa Millett shortly after being fitted with two bionic limbs. Indeed, bionics is making a profound difference in people's lives. Walk up, get on your heel to toe, like you would normally just walk on level ground. Try to walk right up the hill. Oh, my God. Is it pushing you up? Yes, it's... I'm not even... I can't even describe it. Basic levels of physiological function should be a part of our human rights. As a society, we can achieve these human rights if we accept the proposition that humans are not disabled. A person can never be broken. Our built environment, our technologies are broken and disabled. We, the people, need not accept our limitations but can transcend disability through technological innovation."
j9SBb-jN0dA,j9SBb-jN0dA.wav,data/j9SBb-jN0dA.wav,"Hi, Sal Khan here, TED Vision Steward and CEO, founder of Khan Academy. And I'm excited to announce the Khan TED Institute, which is a new higher education initiative that we are doing with three nonprofits. Khan Academy, which hopefully many of you all know, mission free world class education for anyone, anywhere. TED, which is all about connecting the world with ideas. Ideas change everything and building a community. And ETS, which is really the global leader in assessment and many, many other things. And the whole spirit of this is, can we make world class education, world class higher education accessible throughout the world at a radically low cost, but in a very aspirational way. So we're going to be connecting it and doing it in conjunction with some of the top corporations in the world to make sure that the skills that our learners develop are the skills that not only will allow us to do the work that we do, but allow you to participate in work in an AI future, but also participate in society. So check out KhanTED.org and learn more about the Institute."
RjuflVVbqlk,RjuflVVbqlk.wav,data/RjuflVVbqlk.wav,"I think there's two parts to communicating with an alien civilization. The first part is simply making a loud signal, that they can see that somebody is there. Doesn't necessarily have any information embedded within it, it's just a loud hello. But the second part and more interesting part is how do you actually communicate some kind of story of who you were or what you know or some request or ask that the civilization. That requires language. Now of course they're not going to, unlike Star Trek, they're not going to have the same language that we have. They're not going to be aliens speaking English or have universal translators that we can easily make sense of. So it has been a real problem to think about what we might encode within these messages. And certainly there have been early attempts to do this. The Arecibo message sent in 1974 was an attempt at trying to build a universal message that anyone can understand and it really worked within the language of mathematics. The idea being that an advanced civilization would surely have to have discovered mathematics if it was to get to a certain level of sophistication. And so that is the language that we could attempt to communicate with. Another example that was made in the early 1970s was the Pioneer plaque. This was a replica right here of a physical plaque that was put on board the Pioneer 10 and 11 spacecraft that was an attempt at communicating to an alien civilization. Perhaps it will never be found, but it was an effort to do so that communicates really using pictorial messages and a little bit of math. For example, on this side of the plaque, we've got a representation as to where the solar system is. Relative to the solar system. So it's a little bit of a metaphor. It's a little bit of a metaphor. It's a little bit of a metaphor. It's a little bit of a metaphor. It's a little bit of a metaphor. It's a little bit of a metaphor. It's a little bit of a metaphor. But it's relative to 14 nearby pulsars. These are like clocks in the universe. Each of these lines represents the distance from those pulsars, and the binary code that is stitched along there represents the frequency of those pulsars. Actually, another interesting bit is that in the future, the pulsars' location and their timing, their frequency will slightly drift. And so an alien civilization who discovered this plaque could not only figure out where the solar system is, but the year. year in which this plaque was launched, because this will change slightly over time. So this simple message, even though it's pretty small, already tells a civilization, hey, this is where we are. This is the third planet from the sun that we came from. This is what we look like on this planet. And this is the vehicle that we use to get to you. It even has a little depiction of the hyperfine transition of hydrogen, letting them know that we understand quantum mechanics as well. So a certain level of sophistication was required to make this plaque. And these are the kind of efforts that we're engaged in, is thinking about what universal things would they know? Surely they would know quantum mechanics. Surely they would know maybe general relativity. Surely they would know advanced mathematics. And it's those that we have to use as a common basis of language. Otherwise, we might be stuck in a situation like in the film Arrival, where we require some linguist to come in and think really hard about how to translate these patterns, which are maybe non-mathematical, but might have some cultural connection to those civilizations as well."
TLWN46VXsz4,TLWN46VXsz4.wav,data/TLWN46VXsz4.wav,"So what do you do all day? So I work with a team of fact-checkers to help speakers as they're developing their talk to make sure all the information in it, whether it's facts, figures, data, current events, is accurate to the best of our knowledge so that you, the audience, can make sure you're getting the best information. What's one tip you have for someone who wants to become a fact-checker? I think whether you want to become a fact-checker or if you just want to learn how to better evaluate information, I think practice is key. There's a whole host of information online, especially on social media. So there's ample opportunity. I think the top things I recommend are thinking critically about what you're reading. And so that includes things like how recent is the data they're relying on? What is the source? Is the science peer-reviewed? But importantly, even if you don't have a scientific background, I think thinking about the context of it is what they're saying presented in an accurate light. And also being very skeptical of anything. That is phrased in a really sensational manner or as very black or white. Things are often really nuanced. So I would start there."
R3kBTJ-SBiM,R3kBTJ-SBiM.wav,data/R3kBTJ-SBiM.wav,"Have you ever considered how others perceive you based on the sound of your voice? So the intonational patterns of speech are what make it interesting. In the two extremes, we have a highly sing-songy rate where it sounds like you're talking to a two-year-old all the time, and you're perceived as being unintelligent in what you're saying. Or we have the complete opposite, where someone totally doesn't change your tempo or their inflection at all. I need you to get this done today. They're bored, they're uninterested in what they're saying, and they're not connected to it. One sound of inflection that tends to be really pervasive in everything that we hear is this idea of up-talking. Everything ends with a question. There's never a statement. And what we know is that it is actually preventing people from getting jobs because they're completely unsure of themselves. We can train those individuals to be the actual elements of voice brand."
FYxChz-CWJY,FYxChz-CWJY.wav,data/FYxChz-CWJY.wav,"How do you tell the difference between healthy and unhealthy love? Here are five signs to look out for as told by relationship health expert Katie Hood. The first is intensity. Are you comfortable with the pace of intimacy? Do you feel like you have space and room to breathe? It's also really important to start practicing using your voice to talk about your own needs. Are your requests respected? Next is isolation. Isolation creeps in when your new boyfriend or girlfriend starts pulling you away from your friends and family. Your support system and tethering you more tightly to them. Third is extreme jealousy. As the honeymoon period begins to fade, extreme jealousy can creep in. Your partner might become more demanding, needing to know where you are and who you're with all the time. Or they might start following you everywhere, online and off. Fourth is belittling. Maybe your partner makes fun of you in a way that hurts. Or maybe they tell stories and jokes for laughs at your expense. When you try to explain that your feelings have been hurt, they shut you down. And accuse you of overreacting. Why are you so sensitive? What's your problem? Give me a break. The last one is volatility. Frequent breakups and make-ups. High highs and low lows. As tension rises, so does volatility. Tearful, frustrated fights followed by emotional make-ups. Hateful and hurtful comments like, you're worthless, I'm not even sure why I'm with you. Followed quickly by apologies and promises it will never happen again. Understanding these patterns can help you evaluate and understand the relationship you share in your life. Moreover, policy like this meant that not only is it a practice or矛人 making it tough to be safe because of him, but rather to be able to hear her out without an voluntariesen most likely for the other sex. No person can broke the lip of a marriage. No relationship will work Bennemore out ofensch儿 without encoursum there's no spouse and no life in effect. And appreciation for conditions, violations and Eric Hurst, лиш дело And the total conflict is between the two and Anonymous Team. Them."
xkE-CLCi-k8,xkE-CLCi-k8.wav,data/xkE-CLCi-k8.wav,"So humans are particularly distinctive, right? We have these giant brains that develop mostly after we're born, that allows us to do some stuff that I think is not seen in other animals. And one of those is this incredible human capacity for belief. That is this ability for humans to take our experiences, our imaginations, and put them together into ideas or ideologies or perceptions, and commit to them so fully that it becomes our reality. One of the problems that's beset philosophers and cognitive scientists for the last 30, 40 years is how on earth the brain represents information. An eternally appealing idea is something like a language of thought. The brain writes sentences and mentalities that store the beliefs. We have a big, library of sentences. Those are our beliefs. A belief has got to be secured to a lot of other beliefs. You can't have an isolated belief. They don't parcel themselves out the way sentences do. They come in systems. This is sometimes called holism. A particulate, non-holistic theory of belief is a non-starter. I think chatter is one of the big problems we face as a species. We spend between one-third and one-half of our waking hours not living in the present. And what do we do during that time? We're talking to ourselves. Our inner voice is part of what we call our verbal working memory system. It's a basic feature of the human mind that helps us keep verbal information active in our heads. But at other times, it can really sink us. We can't keep up with the world. We can compensate for this feeling out of control by creating order around us. Rituals are one way to do that. That's giving you a sense of order and control that can feel really good when you're mired in chatter. You know, one might wonder when thinking about human evolution, why are humans so complicated? So it turns out that unlike almost all other mammals, our brain, when we're born, it's only about 40% of its adult size. This really long, long time ago, we were born with a brain that was not as complex as we are now. This really long, long childhood means that our brains are always in this dynamic with other humans, with other animals and the environment. Those inputs shape who we are and how we see the world. We are so complex that things like culture and history and belief systems, they enable us to create cultural complexity, ideologies, traditions and rituals and make them real for us. That environment becomes part of who we are. And it won't be real if other beings don't haveamy beliefs, either. And the above story, for sure, was taken from the concept of creation. In reality, In Turkey, children are somehow responsible for the underlying learning, and we have kind of like a VR entity that I've ever met and I've broken down in and I've talked with other chimpanzees for its own original human cohesive education, right. You know what I mean? So yeah. The actual, right? You know what I mean?"
