{
    "mean": {
        "mfcc_1_mean": 272.6255929903451,
        "mfcc_1_std": 90.9615771170879,
        "mfcc_2_mean": -14.956648597316905,
        "mfcc_2_std": 37.03183050337188,
        "mfcc_3_mean": -16.78031053435008,
        "mfcc_3_std": 22.417675489466525,
        "mfcc_4_mean": -3.439707848552744,
        "mfcc_4_std": 16.72538473020283,
        "mfcc_5_mean": -13.045056836681994,
        "mfcc_5_std": 13.234120730766218,
        "mfcc_6_mean": -12.559170893123802,
        "mfcc_6_std": 12.210751782333615,
        "mfcc_7_mean": -9.901178754706278,
        "mfcc_7_std": 10.17775031877177,
        "mfcc_8_mean": -8.569140971248814,
        "mfcc_8_std": 9.11028788628012,
        "mfcc_9_mean": -6.1103973984254605,
        "mfcc_9_std": 8.513811497505063,
        "mfcc_10_mean": -5.674730087171484,
        "mfcc_10_std": 7.6725907796576305,
        "mfcc_11_mean": -5.798568004288254,
        "mfcc_11_std": 6.798397625958725,
        "mfcc_12_mean": -5.110220354683727,
        "mfcc_12_std": 6.6406999879896045,
        "mfcc_13_mean": -5.393555638456864,
        "mfcc_13_std": 6.261366849848474,
        "zcr_mean": 0.31434287483985535,
        "zcr_std": 0.1789327727707903,
        "energy_mean": 500.2925334403957,
        "energy_std": 566.6033045364336,
        "centroid_mean": 3028.0759685642124,
        "centroid_std": 1178.377019208041
    },
    "std": {
        "mfcc_1_mean": 29.802533289249908,
        "mfcc_1_std": 59.261353005521784,
        "mfcc_2_mean": 10.698042948910953,
        "mfcc_2_std": 6.307312921006369,
        "mfcc_3_mean": 8.647773244707956,
        "mfcc_3_std": 3.6810822254212976,
        "mfcc_4_mean": 7.269426907595408,
        "mfcc_4_std": 2.4731882000677805,
        "mfcc_5_mean": 5.1561828214501775,
        "mfcc_5_std": 2.119515973795315,
        "mfcc_6_mean": 4.478013469183115,
        "mfcc_6_std": 1.5929154708861206,
        "mfcc_7_mean": 3.8059312051767376,
        "mfcc_7_std": 1.3452190072587271,
        "mfcc_8_mean": 3.1431224703367326,
        "mfcc_8_std": 1.4426533838794406,
        "mfcc_9_mean": 3.0707292907461863,
        "mfcc_9_std": 1.1119061959670187,
        "mfcc_10_mean": 3.1420467410534623,
        "mfcc_10_std": 1.0416304767914828,
        "mfcc_11_mean": 2.272682834651463,
        "mfcc_11_std": 0.7921888387603772,
        "mfcc_12_mean": 2.305633323870814,
        "mfcc_12_std": 0.7604691985551124,
        "mfcc_13_mean": 2.3123567446727256,
        "mfcc_13_std": 0.8206403811747925,
        "zcr_mean": 0.03884411261169254,
        "zcr_std": 0.021072905776023564,
        "energy_mean": 116.4204015777511,
        "energy_std": 161.94769038091897,
        "centroid_mean": 276.3953670743942,
        "centroid_std": 150.25839494150432
    }
}